temperature_c,ph,ec_ms_cm,quality,freshness,shelf_life_log,spoilage
12.06,6.49,4.286,Poor,22.989298648293616,0.5374467741215733,85.8820339465088
5.5,6.92,2.624,Good,87.8940047373265,4.748485520091551,0.5451962561871956
18.75,5.48,3.706,Spoiled,1.0426123516541883,0.0004158883083359671,99.47917130331871
31.38,6.51,5.162,Poor,76.85199570040717,1.95239914464635,42.42549522513736
14.38,6.83,4.575,Acceptable,70.70721910807774,3.0495522001830695,6.1408295753229805
19.0,6.71,4.085,Acceptable,62.19134905540502,2.489858992398156,13.442002234120283
6.81,6.87,2.471,Good,88.16738668134926,4.650695145567934,0.5438693706309772
13.62,6.02,3.526,Spoiled,1.9793836915185001,0.0,99.27778276732998
31.56,5.28,6.106,Spoiled,0.7612626160546796,0.0,99.4995662794001
27.81,6.19,4.893,Spoiled,19.05994533624957,0.13677667229451204,99.39456880406343
12.0,6.83,2.948,Good,76.90629372545293,3.527441058132298,2.7927098605791
31.31,6.59,5.152,Good,76.01973203683131,1.9528143623162089,46.59151747470732
14.94,6.81,3.067,Acceptable,70.61406081370804,3.0274443844357317,5.502375053804327
19.69,5.06,4.623,Spoiled,0.9067595936678653,0.0,99.4995662794001
8.62,6.81,2.519,Good,85.22406178400861,4.2733590128687515,0.7430202166265752
27.31,6.61,5.057,Acceptable,68.7673402595813,2.0123101300879647,40.553986952983685
15.25,6.93,4.028,Acceptable,68.02702876925355,2.786769900842368,9.70189240373802
9.62,6.73,3.335,Poor,60.73177836810411,3.4555676373007795,8.744365376664364
22.75,6.76,4.51,Acceptable,67.806287254746,2.3263492624854303,20.742845054776105
7.31,6.91,2.47,Good,87.88951132452614,4.524048505968585,0.5438693706309772
9.0,6.64,2.658,Poor,43.57273146835323,2.7218075784474,25.397737959467396
24.88,6.56,4.404,Poor,54.2770518535724,1.83183094246573,55.56289433800616
9.62,6.78,2.622,Good,72.93794675742137,3.7544774572498043,2.7536231777201787
31.12,6.6,5.818,Good,73.17470921933445,1.9451322474748813,49.211374560953836
16.81,6.81,3.853,Acceptable,69.46528029577973,2.8683385853516365,6.502130113972121
36.75,6.46,4.765,Good,76.39124133169193,1.7637826251278956,60.2450636999641
24.25,6.63,5.304,Poor,60.766932444394634,1.9701910471715742,46.85559872955037
35.38,6.4,6.268,Poor,39.08538224860711,0.8931599786847916,94.46114502393992
32.94,5.76,5.551,Spoiled,0.6743928100654968,0.0,99.4995662794001
9.38,6.91,3.025,Good,83.49334568301443,4.111500693045716,1.006329457889339
28.75,6.7,5.012,Acceptable,72.44526453828598,2.088217092025192,35.54674736410829
26.0,6.66,4.847,Acceptable,67.35450707941725,2.0454693406449374,39.333906786423604
15.19,6.0,5.393,Spoiled,0.7695861490467071,0.0,99.48942017436192
21.81,6.75,3.681,Acceptable,66.68016575375917,2.1841401809055827,34.541022154829115
35.31,5.06,6.677,Spoiled,0.717774477737376,0.0,99.4995662794001
29.62,5.01,6.711,Spoiled,0.6001336874431622,0.0,99.4995662794001
15.88,6.76,3.387,Acceptable,69.44179129493115,2.902223956764649,4.385634481115734
17.06,6.71,3.985,Acceptable,62.5518963540173,2.758225524302934,11.734009812400533
8.38,6.95,2.861,Good,86.33775311680891,4.33285586754894,0.6619513393249772
6.25,6.94,2.485,Good,88.15578894733197,4.745008165777477,0.5445887389195768
7.25,6.65,2.577,Poor,45.19585650188103,3.199603142909214,18.82768329770741
16.44,6.99,4.084,Acceptable,68.58255521211643,2.765072379124452,8.670799486998815
5.69,6.86,2.38,Good,87.52538064192849,4.7250917561015955,0.5438693706309772
8.56,6.82,2.633,Good,88.0572886603143,4.316728923959467,0.6599361635329771
15.81,6.63,3.771,Poor,59.96108154366054,2.633928280728028,16.533536412425356
14.0,6.8,3.847,Acceptable,72.63072574863615,3.148440443451406,7.962696143057268
31.06,4.99,4.772,Spoiled,1.1038416619479081,0.0004158883083359671,99.49272341972681
16.94,6.67,3.775,Poor,61.68361092279013,2.630694643174854,14.925719952198813
12.62,6.7,3.111,Poor,58.881729048147335,2.869714173108202,14.138282774473087
5.94,7.0,2.219,Good,87.63966792096956,4.754750089475755,0.5503918383621605
19.38,6.78,4.183,Acceptable,67.2684438112001,2.5494054882919106,9.057023778571951
11.75,6.88,3.283,Good,79.10006656709916,3.6781111106758706,1.5825408403810606
35.44,6.49,5.685,Good,75.6035628681292,1.7800748698914606,62.189589073160974
33.69,6.62,5.479,Good,81.55087541098452,2.0025129304538254,41.922186015748075
35.0,6.42,6.229,Poor,73.30378683403981,1.5430547402847785,54.72478053495908
37.31,6.63,5.289,Good,85.27403732298836,1.9935085784885216,47.73054852719568
36.12,6.64,4.871,Good,83.33099227473373,1.998262472383064,44.97363948756027
7.69,6.88,2.353,Good,87.28838321390317,4.487655469712415,0.5568090355859273
16.75,6.84,4.042,Acceptable,68.86671012835151,2.9072501642730924,5.524449858132851
22.88,6.62,4.614,Poor,57.982104859554795,1.9945980936552428,50.83355225187416
31.81,6.6,5.536,Good,79.66027102092586,1.992627012123771,41.935424651745386
19.0,5.14,4.41,Spoiled,0.8712471633335126,0.0,99.49949874647771
6.94,6.81,2.482,Good,88.05976256162808,4.626431122511763,0.6069461879479988
33.81,5.7,6.142,Spoiled,0.7015786543817606,0.0,99.4995662794001
23.25,6.88,6.029,Acceptable,72.41097615995595,2.4576897140901948,13.861308435360511
27.69,5.27,5.802,Spoiled,0.7881682716102303,0.0,99.4995662794001
15.0,6.85,3.464,Acceptable,73.1633144429765,3.105421176588607,3.2455017510485935
13.5,6.88,3.761,Acceptable,75.02610096055122,3.1973745616510114,4.884394644577613
14.75,6.07,3.569,Spoiled,1.8629186644387032,9.010335735736987e-05,99.29529807220761
16.62,6.64,3.779,Poor,59.674458191354354,2.415443012848053,21.168680813605814
26.38,5.23,6.219,Spoiled,0.6703407049421698,0.0,99.4995662794001
26.88,6.59,5.102,Poor,60.334493433035966,1.9057231600349613,58.41863964167876
9.12,6.81,3.017,Good,82.94833960984376,4.156192695243456,0.9483303421785375
3.5,6.99,2.305,Good,91.82298078172322,4.787572756965674,0.550868835016865
8.94,6.75,3.008,Good,77.31612603651875,3.951594474209464,1.3536246526373812
4.19,6.84,2.148,Good,91.50725960333651,4.7946533948638494,0.5447661125484801
22.75,6.78,4.422,Acceptable,67.53098808034713,2.343013583563208,19.475389873921248
26.31,6.23,4.733,Poor,21.350102499150307,0.14303521747524195,99.33804351549549
9.56,6.18,3.323,Spoiled,2.3663413734734458,0.0,98.16901620102678
30.69,6.52,6.243,Poor,62.151630999220785,1.6623711869028677,60.37916222659627
30.38,6.69,6.636,Good,82.33224901458819,2.1150989383304863,31.357633421154148
9.88,6.86,2.837,Good,80.35927565206711,3.9692367634273427,1.3972846141752693
31.0,6.52,4.993,Acceptable,68.03648039044356,1.7910198954887788,57.53577055096001
5.19,6.85,3.033,Good,87.20955805074612,4.761417707095607,0.5615520396532977
14.5,6.84,3.739,Acceptable,73.74493783160274,3.2871479420021488,3.3045455478874586
26.62,4.76,5.758,Spoiled,0.5208602486563735,0.0,99.4995662794001
25.06,6.71,4.467,Acceptable,67.31400954893974,2.273107491434122,22.00257615182626
14.38,6.83,3.245,Acceptable,75.66375443221519,3.290093427491148,2.2485498781242037
36.88,6.6,5.928,Good,87.06336461281724,1.9681764192835196,45.25764061784096
6.19,6.87,2.563,Good,88.48061748538882,4.740829825581144,0.5440937357067342
34.56,6.46,5.544,Poor,69.26334375716881,1.6997199330528503,72.95741365153795
28.62,4.78,5.894,Spoiled,0.7461371588630604,0.0,99.4995662794001
11.44,6.78,3.118,Good,72.72663235508895,3.455791670647579,3.4559827594964516
24.06,5.28,4.737,Spoiled,0.6863722400060526,0.0,99.4995662794001
35.25,6.57,6.226,Good,81.37326047900108,1.9197499875514052,48.3772608623713
16.25,6.76,3.605,Acceptable,68.10770434286884,2.9806690211220315,7.609293159082029
22.69,6.61,4.515,Poor,57.29379397870352,1.9579662701672476,53.02851491768549
34.62,6.76,5.636,Good,86.12333392426967,2.0168531644678,38.3935890364107
19.0,4.98,5.501,Spoiled,0.7712866850339798,0.0,99.4995662794001
11.88,6.77,3.487,Acceptable,73.10482691220683,3.4509457747573067,3.4548045720384737
16.94,6.91,5.032,Acceptable,70.28593254318132,2.8080286805960593,6.751780293258792
36.31,6.54,6.149,Good,87.2629415609081,1.9518405907583425,41.65709868295677
18.06,6.79,4.313,Acceptable,68.56541968392885,2.7253810076953036,6.824186120214852
5.31,6.76,2.406,Good,87.73226338753862,4.675177554304514,1.399165235933751
12.19,6.79,3.313,Acceptable,74.77438332352126,3.445568310252733,3.870014782822563
15.69,6.78,5.026,Poor,67.99096622751932,2.84321714871062,10.535018806897346
17.31,6.67,4.012,Poor,61.87206130220662,2.7184087279492712,13.646912183292475
11.38,6.77,3.301,Acceptable,72.71383397142219,3.4821083637394072,3.0070574137080097
31.44,5.0,6.279,Spoiled,0.7743178467871767,0.0,99.4995662794001
16.56,6.86,3.962,Acceptable,69.34912312685766,2.9229593666246676,5.3382730118377415
27.44,5.57,5.061,Spoiled,0.7298846732306538,0.0,99.4995662794001
7.75,6.87,2.342,Good,87.22201665821686,4.475220793385753,0.5832293292001883
26.5,5.77,5.777,Spoiled,0.5708021490701224,0.0,99.4995662794001
37.5,6.53,6.461,Good,82.10299835861498,1.8647430233801645,54.599086785425044
12.5,6.74,3.153,Acceptable,70.99674703875404,3.317607851756613,4.628540160448283
33.75,6.7,6.756,Good,83.93827658710838,2.022711992738838,41.17098873983195
19.38,6.69,4.17,Acceptable,61.831882993655356,2.4461150595416927,15.475649109448707
15.94,6.92,3.502,Acceptable,72.97195504902713,2.8872135023351633,4.518675518437714
32.5,6.55,5.794,Good,80.07086794834433,1.9666614637491868,37.735597932220514
34.81,6.61,6.129,Good,81.87283626976061,1.9712481027962434,44.636217636600364
36.06,4.81,8.506,Spoiled,0.637677311848654,0.0,99.4995662794001
10.88,6.76,3.058,Acceptable,73.22331151286274,3.626094373274176,3.9797719168335197
15.19,6.67,4.29,Poor,61.89673821118578,2.811294696575045,18.227702163133348
29.94,6.62,4.801,Acceptable,72.83194825014084,2.0307574972420985,36.68378197876091
22.5,5.01,4.951,Spoiled,0.9985779564807865,0.0,99.4995662794001
11.06,6.77,2.965,Acceptable,73.35282772623832,3.6319038797227896,3.291039172066058
32.56,6.64,5.044,Good,83.31917502025671,2.0190333166560768,37.07919240618596
34.44,6.63,5.474,Good,82.4137708748823,2.000226466413173,43.10587304420059
17.75,6.8,3.333,Acceptable,70.88215232734129,2.7181967833267224,7.86668216161816
23.69,5.27,5.206,Spoiled,0.5856694914509991,0.0,99.4995662794001
17.94,6.68,3.183,Poor,60.83288524486313,2.6104134573713433,17.45058511954405
37.19,6.59,5.617,Good,86.67832799256145,1.9715806825201254,46.10510535738776
38.44,6.61,6.104,Good,82.19960381792396,1.9628451791717225,47.854320900145105
7.88,6.85,2.739,Good,85.13072053186714,4.335363743913283,0.5758173939050097
9.81,6.78,3.329,Good,73.23147824861718,3.786896634012569,3.0449695167136768
33.56,6.48,5.138,Good,71.18449436097056,1.818031445764519,54.81707288846677
33.94,6.54,5.335,Good,79.44948386472734,1.9229563923955524,52.681789085477426
26.0,6.52,5.097,Poor,43.282752296587205,1.3907140058274308,85.60650742746772
31.25,6.62,6.27,Good,79.09542948783786,1.9898362642258083,40.642628150968875
34.06,6.62,5.842,Good,80.79199439362546,1.9782406517549647,47.07027587604542
18.88,6.65,3.836,Poor,60.103709704636756,2.4500984407989264,19.907066931134224
13.12,6.49,3.401,Poor,23.938656334624028,0.3792959736993569,81.63630573521422
15.62,6.64,3.909,Poor,60.28860182230218,2.6561603375746525,15.665916574189371
8.06,6.92,2.82,Good,86.90166237609391,4.351823004124366,0.5651362421078958
14.69,6.74,4.564,Poor,67.37737672630101,2.8107052411865716,11.450783669576419
11.19,6.78,3.911,Poor,72.52830931987323,3.5979697451420907,5.463544832994658
33.94,6.88,7.555,Good,84.73382374465585,2.0621442285969223,36.36953651928142
23.06,6.61,4.773,Poor,56.94888675433849,1.9193285381795437,57.5575267678425
14.69,6.76,3.302,Acceptable,71.0134893510578,3.2311764152873015,3.9413847248581906
28.62,6.52,6.181,Poor,62.93149684868738,1.665856871097682,51.24454295939023
35.94,6.58,7.014,Good,78.28791149377545,1.821039982144122,61.341749185233205
9.0,6.81,2.572,Good,83.34327212897547,4.119050529260937,1.1318965178729643
34.31,6.48,4.954,Good,75.03038566657519,1.8329802907500987,55.728468329535055
9.06,6.85,3.601,Good,80.54880743754981,4.0274505585088525,3.9007237072472694
6.5,6.83,2.816,Good,87.56077636757831,4.707636824472021,0.5515631551123777
7.38,6.88,2.257,Good,87.4796410352033,4.501265241079267,0.5442683902388203
14.25,6.8,4.099,Acceptable,68.78710310796986,2.959191006288112,8.42978142905483
26.88,6.57,4.948,Poor,59.00439463330353,1.8377023180233782,53.498592245615654
13.69,6.73,3.172,Acceptable,62.906386473920485,3.0713582570814175,10.340116324502015
24.0,5.98,6.203,Spoiled,0.9417701711907416,0.0,99.494423479887
29.19,6.71,5.105,Acceptable,72.81477293084282,1.979324136467183,44.19707221370735
16.88,5.84,3.982,Spoiled,0.6170343821858938,0.0,99.49386898910376
8.25,6.94,2.672,Good,84.70451315174344,4.295137710432061,0.5995224306865445
10.25,6.75,3.292,Poor,72.4277687308406,3.66177657108649,3.1474433585827373
8.5,6.95,2.808,Good,86.31678839432873,4.317139037261817,0.6328460391670337
9.38,6.82,2.895,Good,79.95454863033135,3.995893512576662,1.4214048525363652
37.25,5.75,6.628,Spoiled,0.6420311641229904,0.0,99.4995662794001
19.69,6.77,3.932,Acceptable,67.10799310493641,2.4755417700134013,15.079373592105274
31.81,6.6,5.248,Good,79.80066781152728,1.997266891468326,41.80088668361718
17.56,6.78,4.495,Acceptable,67.8659728088142,2.6983972942672194,9.972991484400719
22.75,6.58,4.414,Poor,51.1669590382872,1.7801144955896697,64.62956772186075
11.31,6.88,3.319,Good,79.35940425045544,3.7100738194899106,1.4879907801084975
35.31,6.71,4.948,Good,88.61481001153167,2.058462661783191,34.54028280946022
12.19,6.72,3.542,Poor,59.42832832294133,2.8433613244374056,14.819722431369733
23.31,5.06,4.934,Spoiled,1.0156314535313964,0.0,99.4995662794001
13.69,6.81,3.534,Acceptable,75.70301987264914,3.339720138365127,2.844060269213174
27.5,6.74,4.881,Acceptable,76.3543536786194,2.2616811125569205,22.414923001190918
9.38,7.01,3.244,Good,85.80073335618452,4.199833769330759,1.1235011332590243
12.06,6.84,2.82,Good,74.22416912151154,3.4691138409063154,4.917439488872956
18.62,6.55,3.781,Poor,50.42067465479378,2.040305574488696,48.61190320193978
8.0,6.92,2.509,Good,87.34242655141874,4.371637428753507,0.5600741669055805
28.5,6.63,5.367,Acceptable,70.82365649852314,2.047718962566218,39.48046500998971
5.56,6.76,2.322,Good,83.21252094811166,4.5941493392768,3.340900933530808
16.62,5.72,4.162,Spoiled,0.7153920866034874,0.0,99.4989611190399
18.0,6.74,3.99,Acceptable,67.16157770498653,2.642041460040678,11.374797188299326
36.31,6.66,5.47,Good,86.27260775683007,1.9925958784636935,45.230248024169704
32.62,5.63,5.493,Spoiled,1.166695876783667,0.0,99.4995662794001
16.44,6.63,3.752,Poor,59.4589505885746,2.4445639535538146,19.657334664661644
25.0,6.68,5.002,Acceptable,63.618078659580746,2.061029560078615,39.316895581239784
37.81,6.71,5.113,Good,84.92857086810783,1.987759625069841,49.365653670821665
24.5,6.42,5.512,Poor,28.32006336478241,0.47409909016505825,97.32362534190885
31.69,5.14,7.098,Spoiled,0.6840383659778794,0.0,99.4995662794001
4.5,7.16,2.358,Good,92.32558038583971,4.780344394398767,0.5507202514569949
15.06,6.77,3.981,Acceptable,67.74349754543138,2.9276852348289686,9.024739501030854
31.94,6.6,6.309,Good,77.17699946709784,1.9271846145989793,50.82064993027849
11.19,7.01,3.369,Good,80.9683997085579,3.718604548821922,2.827338865916425
38.56,6.07,7.087,Poor,12.764118588196396,0.0,99.49496188549189
27.44,5.07,5.517,Spoiled,0.6907684954298212,0.0,99.4995662794001
32.06,4.98,6.704,Spoiled,0.836398795232384,0.0,99.4995662794001
26.12,6.56,4.937,Poor,54.589136218379984,1.7977545394824137,53.44917666653057
4.75,7.01,2.144,Good,88.27221543124429,4.782119033947802,0.5504676198780476
15.69,6.72,3.538,Acceptable,62.54567407032674,2.846088898650591,10.514099635804444
15.25,6.82,3.108,Acceptable,69.34661838925517,2.948482452135066,3.934041164017802
11.75,6.63,2.849,Poor,57.93002988766574,3.040697502583372,21.377526047429086
7.38,6.99,2.427,Good,87.31927520845711,4.5387772924147445,0.5507908579700037
10.44,6.78,3.886,Poor,72.66368028767576,3.632271941882525,5.284882802300246
32.62,6.55,5.964,Good,76.00575903440229,1.9413135090997802,42.99381306818129
9.38,6.89,2.938,Good,82.4278659438855,4.0518999211307305,1.488370218282191
10.88,6.77,3.007,Acceptable,73.49748035535733,3.6551762825414866,3.307600299445459
17.0,6.64,3.272,Poor,59.00919286370055,2.5049124107826017,27.399925639636994
38.31,6.73,5.844,Good,87.03866864841683,2.0207829322082653,38.99871283779996
11.56,6.81,3.376,Good,76.64744342779083,3.578687929799364,2.7745707509175754
23.94,6.83,4.671,Acceptable,71.77334433089916,2.4259634803887855,14.582801905345345
18.88,6.87,4.086,Acceptable,68.4367737248154,2.6446163834783536,7.204079873574427
17.31,6.95,4.354,Acceptable,69.17251931887284,2.750632626028386,8.57820803242353
9.62,6.84,2.741,Good,82.79095844049496,4.034706796016076,1.3442556302190167
20.94,6.84,4.232,Acceptable,70.50116428948233,2.597839624236299,8.367098710235876
27.06,6.36,5.149,Poor,32.29468981378529,0.7974755215404822,97.99918628412392
35.44,6.6,5.879,Good,83.20849026343267,1.9671366458439137,45.88823189216474
15.31,6.96,3.606,Acceptable,67.93741179832455,2.7858466296108846,11.69188348713108
23.88,5.07,5.364,Spoiled,0.5472461906874712,0.0,99.4995662794001
13.62,6.71,3.114,Poor,61.02183055236913,2.9188378814254317,14.624274321063792
12.62,6.77,3.185,Acceptable,72.44661954055235,3.3961539005370645,3.10099644315453
5.62,6.91,2.19,Good,88.47320396012562,4.758244492341831,0.5438693706309772
7.62,6.5,2.82,Poor,32.81797813769532,0.8056937667492133,70.37276597687051
15.88,6.87,4.134,Acceptable,69.10983628613633,2.913858945467435,5.786678843688945
35.5,6.55,5.344,Good,82.36246331181394,1.9336970903139115,49.66001237984612
9.5,6.78,3.712,Good,77.09408369501385,3.9621994648432146,2.9187401487436695
7.25,6.82,2.439,Good,88.29704405130083,4.538742738985739,0.5478839127406756
28.31,5.77,5.836,Spoiled,0.7991239934201764,0.0,99.4995662794001
17.56,5.54,3.917,Spoiled,1.4857207030661141,0.0,99.49871651271847
31.38,6.67,6.405,Good,82.64822377090097,2.104127845662226,34.5050226697853
9.25,6.75,2.755,Good,76.089882704047,3.8856322116926467,2.3171003864325783
37.38,6.3,6.042,Poor,32.59412716781583,0.1337888292232604,99.25256299630894
20.19,6.65,4.335,Poor,60.00360304062217,2.3876526478407283,22.620483960022952
36.31,6.68,5.997,Good,88.30034681908612,2.004460340818296,42.72581681432467
15.31,6.83,3.55,Acceptable,71.53414588738269,3.0255557963633035,4.141147755014499
20.38,6.71,4.122,Acceptable,62.15362548114337,2.3058875796961162,23.664242057242355
32.38,5.03,6.381,Spoiled,0.7211885823410068,0.0,99.4995662794001
6.0,6.88,2.123,Good,87.12022673279162,4.753946706819374,0.5469135752624609
25.31,5.3,5.173,Spoiled,0.5318666302830537,0.0,99.4995662794001
11.81,6.79,3.34,Acceptable,76.10997960192034,3.5948278082289122,2.635860951375295
3.69,6.96,2.283,Good,92.49290671138336,4.794580298099183,0.5445887389195768
36.62,6.68,5.722,Good,87.87794798165389,2.0004181848097584,44.18820066481826
7.44,6.84,2.732,Good,87.30339480471923,4.533341311083961,0.5616385662158613
31.88,6.56,5.892,Good,75.66595525653662,1.9416293528331057,42.4458555417877
29.19,6.72,5.153,Acceptable,72.5861140911768,1.9731914078840271,45.44406006387421
13.62,6.84,3.342,Acceptable,76.91800338905705,3.3216447796111352,2.1335202671180586
4.31,6.83,2.22,Good,91.70245614046732,4.794648223077574,0.5457937066685242
31.69,6.61,5.021,Good,81.26429499316927,2.012114783919391,37.42772615821764
36.25,6.62,6.193,Good,87.43900858231464,1.990084281129152,42.61311343965276
7.69,6.79,2.717,Good,82.17579141971196,4.34406442687543,0.8303546840381136
16.75,6.78,4.042,Acceptable,67.90417258974377,2.8453301225264034,6.733222080985703
14.12,6.78,3.565,Acceptable,71.67993330154549,3.267346589546492,3.560506830344958
5.12,6.9,2.302,Good,88.57284828612327,4.775640868867485,0.5438693706309772
7.81,6.96,2.655,Good,86.57098849258956,4.391481322793582,0.560205843898717
22.12,6.72,4.754,Acceptable,61.75177367359831,2.2025842521378802,31.76120288362713
3.81,6.92,2.063,Good,89.83592294078652,4.7946533948638494,0.5438693706309772
5.62,7.01,2.253,Good,87.58377650832601,4.751838582754475,0.5504676198780476
15.94,6.84,3.898,Acceptable,69.17198086355891,2.896120548897707,5.763021536646658
14.25,6.81,4.2,Acceptable,69.40422910200554,3.042231423996538,6.523315716451765
12.31,6.85,3.34,Acceptable,78.22471036963734,3.523699004173545,2.528388587099608
24.88,6.77,4.734,Acceptable,69.28443947257092,2.2783409925923337,22.07017127667959
14.69,6.38,3.788,Spoiled,16.968255198775267,0.3235664712871547,95.45380961420801
5.06,6.9,1.913,Good,86.59208134581415,4.759689304596783,0.5469135752624609
34.31,6.59,4.884,Good,82.01173648156346,1.975161794609799,42.86783313298293
26.5,6.15,4.832,Spoiled,14.382107792389927,0.0,99.4335654809803
9.31,6.85,2.921,Good,80.20314954400482,3.8891845217879824,2.5316696342649982
8.44,6.9,2.931,Good,88.13419850599526,4.350842570468504,0.6298267648433313
25.0,6.73,4.875,Acceptable,66.02796462208129,2.2556055074773487,24.459503159358075
32.06,6.57,5.378,Good,79.32825765999515,1.9604575627032743,41.180781693713705
14.38,6.78,3.273,Acceptable,71.20168883496595,3.2500922646251915,3.41818035013241
7.0,6.91,3.075,Good,89.49176161487604,4.677239352913578,0.5532527356239937
13.56,6.74,3.194,Acceptable,71.08484403069468,3.2286263738131424,3.7144223023268435
8.44,6.87,3.086,Good,86.51657845456351,4.3145952530845975,0.6389206443080202
15.69,6.77,4.01,Acceptable,67.9640179029411,2.869012563147104,9.427125467262217
25.75,5.05,4.98,Spoiled,0.5092683180960955,0.0,99.4995662794001
7.69,6.93,2.578,Good,87.98974174151917,4.5014124053937925,0.5558769760205747
34.12,6.67,6.293,Good,82.25608377040295,1.9933101597877307,44.863802976921534
28.06,6.67,4.695,Acceptable,73.69395362057631,2.1495828478744157,31.92125553904381
13.88,6.35,3.756,Spoiled,13.964764817386778,0.13114124102941604,97.76522488817398
15.75,6.92,4.378,Acceptable,69.43927328061828,2.7247286247760445,11.117041740478177
5.56,6.96,2.551,Good,87.82080489314279,4.731887900838427,0.5448131039953339
19.81,6.63,4.161,Poor,59.580426482524956,2.350247035171081,25.321300597687962
5.75,6.88,3.283,Good,86.48529590349733,4.720492505751299,0.5539663864176445
4.94,6.86,2.345,Good,88.53067906971543,4.742308924361404,0.5438693706309772
25.62,5.12,5.616,Spoiled,0.6266369366667579,0.0,99.4995662794001
16.62,6.14,4.241,Spoiled,4.351667933326556,0.0,99.3951111372852
7.25,6.88,2.341,Good,88.15134451316558,4.541977447008279,0.5438693706309772
14.0,6.9,4.826,Poor,73.70026917184512,3.273153436698559,5.5171954067527835
13.62,6.85,3.198,Acceptable,76.90607951611547,3.3271645100433065,1.9553465211826841
18.0,6.63,3.872,Poor,59.51556156112916,2.424732218506188,24.620949444869115
16.88,6.04,3.744,Spoiled,1.341775266752267,0.000411096567943,99.28972398340963
9.12,6.96,3.884,Good,81.74214170302665,4.151933176305437,2.760619000892613
11.5,6.81,2.852,Good,75.5099365015507,3.552951258834132,3.596920995830162
16.81,6.68,3.598,Poor,61.70887653484749,2.626815468855215,14.252547469145165
31.06,6.44,5.688,Poor,51.62728617889934,1.3596346674726383,83.79996505853845
15.75,5.7,3.728,Spoiled,1.3803848070062281,0.0,99.48794954558778
31.31,6.64,5.473,Good,81.27717657513703,2.0367733065609737,35.44833925821769
26.19,6.67,4.852,Acceptable,70.82927926046963,2.100169590848258,35.61677842418214
28.69,6.61,4.87,Acceptable,69.02221942216217,2.005829561233901,42.554943930184734
12.81,6.7,3.518,Poor,60.443084253478716,2.976451718798001,13.630079126070711
8.44,6.88,3.397,Good,84.74611322133747,4.276805673265022,0.677232134320152
29.88,6.6,5.539,Acceptable,75.21537416255212,1.9950952013097356,39.18619741475373
29.38,6.6,5.792,Acceptable,68.36415944171661,1.961420584215015,50.935042120613126
29.5,6.56,4.982,Acceptable,66.28544137990004,1.8611796207200162,52.01564765964794
27.75,5.19,5.395,Spoiled,0.8922223800249645,0.0,99.4995662794001
6.12,6.88,2.543,Good,88.28231408930894,4.742131541073818,0.5438693706309772
5.31,6.86,2.138,Good,87.9975079868033,4.775163121559481,0.5438693706309772
4.56,7.22,2.148,Good,88.7573881052047,4.7835381792338545,0.5504676198780476
4.06,6.94,2.158,Good,91.54067440764794,4.7946533948638494,0.5443361073406295
34.06,6.7,5.147,Good,85.56610446714366,2.0102604553610925,41.101519494949095
34.94,6.68,5.492,Good,85.40133970397152,1.9951600008392296,42.836456590977136
10.69,6.78,2.81,Good,71.41363413913098,3.4405487195641884,6.394531761358979
30.38,5.06,5.558,Spoiled,0.5639220888643476,0.0,99.4995662794001
35.94,6.5,6.024,Good,82.00695996728906,1.8725549501750265,50.06344791247125
11.94,6.76,2.928,Acceptable,70.18858974664073,3.168782031336918,9.694549253784743
9.81,6.86,2.651,Good,80.30408100511629,3.958109069155394,1.5163686960427878
12.56,6.76,3.834,Poor,70.60594572611495,3.2177718416593315,8.154722889344551
36.12,6.63,5.474,Good,85.31326873534341,1.9919850970867572,46.80148410225476
19.25,6.77,3.46,Acceptable,68.25724034037452,2.499539743158523,11.105924166423382
5.12,6.9,2.329,Good,88.333966249028,4.775201671023013,0.5438693706309772
25.25,6.8,4.864,Acceptable,72.77293566745881,2.315764349344808,20.985972125714802
33.44,6.63,5.801,Good,80.40919520413519,1.981479285596574,45.38337958607639
12.25,6.8,3.208,Acceptable,74.63660291720068,3.4660342463403175,3.2242281103863757
11.75,6.31,3.037,Spoiled,13.599010418030536,0.05272807619149357,96.56957157577699
13.31,6.89,3.641,Acceptable,74.84366383527772,3.2823569903102077,3.4302326906218847
35.75,6.62,6.12,Good,84.63610243634228,1.9881201485242919,43.121064524139086
6.81,6.83,2.632,Good,88.91587117142966,4.676859714484907,0.5460180717442813
20.88,6.35,4.22,Poor,27.857883522621183,0.5023834248486488,97.10825825376999
16.06,6.61,3.643,Poor,58.05685229863393,2.588650234088132,20.383525573316334
16.38,6.82,3.864,Acceptable,70.04614029822098,2.909661763089845,5.478879902484978
14.06,6.63,3.632,Poor,59.62820445813277,2.5788096886366247,23.05388505282595
12.31,6.75,3.253,Acceptable,71.31533125441655,3.356231948001295,3.6961922994639993
9.0,6.8,2.708,Good,80.55904183505588,4.067506448784491,1.294035526390011
24.62,6.65,4.813,Acceptable,61.073968521329,2.045777619168484,40.583076616721435
21.94,4.99,4.466,Spoiled,1.309125005214769,0.0,99.49938469025281
9.0,6.92,3.056,Good,84.75504238788449,4.165241163106093,0.8541219895313171
9.38,6.89,2.382,Good,82.1363476811424,4.089844558996779,1.6339602851885962
24.31,5.37,5.388,Spoiled,0.5167727624596536,0.0,99.4995662794001
18.88,6.69,3.855,Acceptable,61.798727037480546,2.489967802230576,20.360667721237416
17.44,6.77,3.702,Acceptable,68.14046239158276,2.810311528856869,4.990214260891383
16.69,5.64,4.302,Spoiled,0.8270648737189635,0.0,99.49949874647771
35.81,6.71,6.992,Good,86.15223102655709,2.0206870504227656,41.56370991232157
21.5,4.88,4.953,Spoiled,0.9346788657991565,0.0,99.4995662794001
34.44,6.54,6.257,Good,79.38853396864255,1.9344563363134304,42.495044748308146
11.12,6.98,3.023,Good,80.3129840059891,3.6916943914293547,2.136898084753958
15.19,6.76,4.059,Acceptable,67.91999025534177,2.937288353984844,8.133683511673462
37.88,6.64,5.107,Good,82.97539929067972,1.99440602069082,49.34017789431842
7.12,6.81,2.578,Good,88.67086946767013,4.609773734225344,0.6069461879479988
9.5,6.97,2.698,Good,86.44369298753625,4.192876166730631,1.3516147139851227
7.06,6.65,2.57,Poor,45.23605630678201,3.22103105370015,18.79881663104074
10.06,6.8,3.377,Good,76.96847548144868,3.8296442549455656,2.713604053282032
23.0,6.71,5.196,Acceptable,61.19572552981676,2.1905247617863903,33.956265083840115
14.94,5.5,4.143,Spoiled,1.074364777231622,0.0,99.49620652750872
35.5,6.62,5.715,Good,84.24945588393165,1.99790893622391,43.148943867824656
9.12,6.74,2.618,Good,74.3764053322308,3.8896627640777846,2.9221368435065638
12.38,6.79,3.528,Acceptable,74.29310149870783,3.3563585490606656,3.6489155631855414
6.81,6.82,2.632,Good,88.87695472385288,4.667770099035571,0.5481082778164326
10.31,6.66,3.011,Poor,45.063419910524566,2.275141125002854,29.13289518436027
6.44,6.79,2.601,Good,85.92277510156909,4.687088756985113,0.7313348773962298
25.12,6.65,4.092,Acceptable,64.46672623424043,2.099931032791244,37.19264188353459
7.94,6.86,2.623,Good,86.54107395161375,4.368429136187674,0.5620190317212385
13.69,6.58,3.721,Poor,30.433092021995222,0.9436813398155333,73.18092551783356
23.0,4.92,5.057,Spoiled,0.9739377528215811,0.0,99.4995662794001
31.81,6.52,5.701,Poor,78.44531609337051,1.9647298303050937,37.94757857132051
13.62,6.89,3.397,Acceptable,77.67196078721771,3.3402160245077153,2.133312999522026
18.69,6.63,4.228,Poor,59.54973665740331,2.4491612818530606,17.273660496249615
6.19,6.75,2.151,Good,82.84953938834454,4.640570005679668,3.564675471387907
22.81,6.64,4.163,Acceptable,59.72973323772527,2.0105474607269764,44.607326070513025
6.12,6.8,2.028,Good,86.04345296980446,4.743052106827683,0.9313670333081322
37.38,6.49,5.866,Good,81.59111321035621,1.8204991323640383,56.05757714915134
5.62,6.75,2.697,Good,83.97990716198818,4.664774717638325,1.1748430367501352
8.38,6.69,2.659,Poor,63.75473370051384,3.508543577612444,9.505925988943183
7.38,6.75,2.629,Good,82.95103899965008,4.327642310980782,1.2685722018168575
4.94,6.94,2.248,Good,89.20388121474562,4.771076004021872,0.5443361073406295
12.38,6.77,3.132,Acceptable,72.0663195753594,3.3813485044139857,3.379620176310116
33.56,6.42,5.698,Poor,48.72260465825105,1.2009987269112954,82.66643811325194
22.62,6.74,4.784,Acceptable,67.62878651507818,2.3161442838716026,21.1082802167499
32.19,5.01,6.823,Spoiled,0.6864119926806951,0.0,99.4995662794001
21.75,6.66,4.602,Poor,59.907049220562186,2.184756177560784,33.650982319341466
26.06,6.27,5.058,Poor,23.555710769671492,0.1012439886266982,99.38663525421782
34.38,6.73,5.174,Good,87.28190697908926,2.0494188355034484,33.83033332893589
35.88,6.54,6.546,Good,81.33086285042415,1.9048162413236351,47.617119410382365
18.12,6.68,4.133,Poor,61.93706607700462,2.678632512981683,11.094850775938367
10.06,6.75,2.899,Poor,71.22235471422961,3.379319550664472,6.245760859888259
13.75,6.77,3.466,Acceptable,72.11089355922076,3.280875852194243,3.512656201268251
32.25,6.8,5.807,Good,84.68875217624431,2.125338452814864,31.93116674632106
19.88,6.44,4.772,Poor,28.28752650609725,0.7263807449011506,94.24802432562615
10.06,6.85,3.452,Good,79.9924230063145,3.9403838512507825,1.2250353039538995
9.0,6.96,2.613,Good,87.32761852583491,4.265197110492057,0.9541516716628972
25.06,5.08,7.198,Spoiled,0.8474014083717879,0.0,99.4995662794001
27.81,5.04,7.461,Spoiled,0.815966897044663,0.0,99.4995662794001
15.31,5.52,4.132,Spoiled,1.1162411712385247,0.0,99.49620652750872
7.69,7.0,2.73,Good,86.74429086576885,4.490944027701007,0.5673041015787814
6.88,6.73,2.871,Good,84.898078364068,4.5910237624631485,5.6751483938142995
13.88,6.81,3.127,Acceptable,74.61147049557705,3.317163626240735,2.66920037448864
9.44,6.47,2.597,Spoiled,23.578365173109354,0.4398097225497112,83.51533301568188
17.81,6.79,3.967,Acceptable,67.71666844992346,2.5848348101053222,10.625658273244197
8.56,7.01,2.59,Good,87.00075603811021,4.338445878822816,0.6338404813859209
30.06,6.63,5.25,Acceptable,74.89645269142324,2.0290683923795085,40.27844690741684
17.0,6.62,4.099,Poor,58.43909706452985,2.4509335564766923,17.483313655779032
6.38,6.84,1.847,Good,86.07203481449274,4.745526442757357,0.5478103171799635
30.56,6.7,5.299,Good,77.24998619617517,2.0712929439345666,36.972373564443856
9.06,6.8,2.575,Good,82.23163570908193,4.081324858878532,1.2645407354101073
13.5,6.73,3.474,Poor,63.38524665453719,3.074200869500059,7.879693120302411
37.31,6.69,5.677,Good,87.17868871251659,1.9842147849799552,48.718485266769854
11.62,6.69,3.219,Poor,57.40390263473551,2.98354994203235,16.955636610909412
12.5,6.48,3.543,Poor,22.033661853607537,0.4327416087292101,85.14240875980524
22.5,6.77,4.746,Acceptable,67.95181139194413,2.3796582671424353,15.637630922651923
25.94,6.21,4.596,Spoiled,20.940163777985852,0.22869742034116972,99.11137939383202
31.81,6.57,5.468,Good,79.62110404241969,1.9623570511182338,39.95088940886956
6.38,6.85,2.688,Good,86.98120558129906,4.718858025576987,0.5534671235460618
18.06,6.7,3.772,Acceptable,61.86474576648608,2.5638682210396526,16.659936202833475
7.31,6.82,2.943,Good,87.76198207710965,4.555715176402661,0.5605764164382415
19.81,5.25,4.465,Spoiled,0.8447665178842578,0.0,99.49949874647771
6.12,6.76,2.367,Good,85.69142639547492,4.632385630307679,1.4658495029305334
31.38,4.8,6.758,Spoiled,0.6040876487245183,0.0,99.4995662794001
20.69,6.28,4.588,Spoiled,20.57423083160647,0.16746121715751225,97.57888137696263
6.69,6.87,3.238,Good,87.16207889932765,4.65944000446061,0.5532527356239937
14.94,6.81,3.828,Acceptable,70.87745336129358,3.0267569253820383,5.282513075583196
25.69,6.54,5.809,Poor,42.50094023376336,1.3015935796464628,80.58586367407837
32.5,6.55,5.745,Good,80.1666286043849,1.9701199621747971,37.1350503096715
34.06,6.77,4.559,Good,88.63014589255468,2.0823650427128784,29.450012768229353
28.94,6.66,5.713,Acceptable,72.30703374140691,2.0583803886850633,36.49638518927714
18.12,6.61,4.226,Poor,57.63541286077913,2.3600304544013704,24.166034549476993
34.25,6.55,5.395,Good,80.2987553056587,1.9408677771847176,50.0025933197427
27.81,6.71,4.698,Acceptable,74.41934992418773,2.2165692856092547,27.66698223690162
4.38,6.94,1.9,Good,88.5552669235774,4.791366702169622,0.5473803119721132
36.88,6.57,6.489,Good,83.03292271155678,1.8908673637557518,51.280456805932744
24.12,6.64,5.058,Poor,60.32308934757996,1.9848602278909406,45.905086891945736
36.88,6.61,6.426,Good,84.08408122155635,1.9630100668725967,48.642159091381224
34.75,6.62,7.238,Good,76.29944987552364,1.7857033249349077,59.39857958590117
17.44,6.74,3.538,Acceptable,68.80608880792802,2.7263682629097388,6.086948176845461
11.56,6.95,3.308,Good,80.76875691710329,3.7210648444749537,1.6391118916087433
4.94,6.91,2.107,Good,87.19421678029377,4.770962678114989,0.5438693706309772
30.81,5.07,6.077,Spoiled,0.7674434261186923,0.0,99.4995662794001
3.56,6.89,2.208,Good,91.25540321162136,4.7946533948638494,0.5438693706309772
16.31,5.79,4.236,Spoiled,0.5804561900320138,0.0,99.4948872323268
15.81,6.77,3.592,Acceptable,69.20663395491832,2.973089731262538,4.92937308769902
3.81,6.87,2.215,Good,91.58839058674275,4.7946533948638494,0.5438693706309772
38.44,5.23,8.592,Spoiled,0.7519239426692329,0.0,99.4995662794001
24.62,6.57,4.875,Poor,53.45727038625567,1.7996089268113604,54.49479618308306
36.06,6.58,5.943,Good,84.14906852707347,1.9388808497077887,49.50595752551062
34.81,6.66,4.877,Good,85.1851963129563,2.0105656661909572,39.60196198661667
9.31,7.04,3.771,Good,83.81511501116708,4.1563511779912945,2.4309340915609186
11.31,6.72,3.011,Poor,57.1422863894705,3.105109136303787,13.878806700776384
16.56,6.75,3.925,Acceptable,67.83292698833881,2.8299157665500805,8.989237127101786
18.62,5.63,4.214,Spoiled,0.6170110949918419,0.0,99.49897861547726
15.56,5.4,3.879,Spoiled,0.8040385886983462,0.0,99.49609163166244
8.19,6.87,2.448,Good,86.8572734106633,4.34746215250134,0.5646353931375999
33.88,6.69,5.306,Good,85.14071626992073,2.029071067804509,40.1363595453708
5.75,6.51,2.404,Poor,36.36127349252196,0.9904987440522935,67.46896965111327
36.31,6.7,6.817,Good,87.56013296671416,2.0047537259568364,42.757908791445935
36.94,6.61,5.727,Good,87.27082106045975,1.9867539363268583,43.57520790429489
22.25,4.93,5.094,Spoiled,1.1830108092232552,0.0,99.4995662794001
9.56,6.8,3.148,Good,79.84844933842056,4.013942124691437,1.293237169469014
8.44,6.88,2.715,Good,86.01732536471366,4.312276840057518,0.6699291871677135
17.69,6.81,3.826,Acceptable,68.49383729984291,2.5185653515932667,11.624756039007542
39.69,5.81,6.177,Spoiled,1.1965643422001582,0.0,99.4995662794001
8.94,6.67,2.683,Poor,55.985635818925516,3.2338280163482485,12.980816725795304
17.38,6.91,4.419,Acceptable,69.32579786172302,2.7656191174021867,5.844959922578801
13.5,6.83,3.506,Acceptable,76.76521389537702,3.3308872946618595,2.4249884335361105
18.88,6.82,3.924,Acceptable,68.32377990984334,2.5730278286023505,9.810069191908084
15.94,6.85,3.784,Acceptable,70.02337506272187,2.9465242635173126,4.405564893627792
12.56,6.8,3.214,Acceptable,74.73369153356325,3.4270910919870183,2.9023551464088246
36.25,6.73,5.5,Good,88.38853745271099,2.0341485991705426,33.699233713330884
27.94,6.63,4.692,Acceptable,71.68026158788247,2.0677229661551153,34.30745209277996
32.0,6.76,5.328,Good,86.57080649542706,2.138713673015561,26.636843684321608
6.75,6.84,2.347,Good,88.43415707004772,4.667071314708429,0.5447661125484801
32.06,6.67,5.79,Good,82.68800722281364,2.100532395974649,33.603871883444775
33.94,6.62,6.069,Good,78.5091248980109,1.9861472675573724,46.97195105856456
18.94,6.84,4.318,Acceptable,69.24268406760713,2.664458144077499,7.072053663256333
11.62,6.45,4.188,Spoiled,20.739999121597048,0.39040413326460016,94.0133565756826
20.69,4.92,4.862,Spoiled,0.9573335672119604,0.0,99.4995662794001
4.81,6.91,2.605,Good,89.21243000441709,4.789343266953589,0.5451962561871956
9.38,6.73,3.03,Poor,60.36053890967357,3.363264345515572,10.152430441832758
33.38,6.75,5.288,Good,85.97352243960968,2.073508572406306,33.19068955800658
5.81,7.02,3.242,Good,88.29091158962773,4.725364737530927,0.5603817483552556
13.38,6.29,3.342,Spoiled,6.2803182855483035,0.015804575897723293,97.92727399178216
9.5,6.76,2.763,Good,75.81644917671467,3.8885094122221835,2.6275871515674227
24.81,5.41,5.43,Spoiled,0.5674049833896346,0.0,99.4995662794001
10.0,6.57,2.617,Poor,31.306414926520578,1.4881253522547195,57.95217519633618
17.0,6.68,4.015,Poor,62.025087355719144,2.758806967439182,10.537896872120973
11.12,6.77,2.912,Acceptable,72.80733988733822,3.57315850788165,4.332298351053673
14.56,6.56,3.522,Poor,35.058491275671635,1.2484279760506893,68.23558812102286
22.94,6.56,4.222,Poor,52.78116965939405,1.8474071874963318,53.064341413164605
30.75,6.66,4.665,Good,76.83039711983128,2.055670127389738,35.260689624388895
32.38,6.74,5.412,Good,86.22063964863788,2.1351907640452144,27.77191746205363
29.5,6.76,5.631,Good,77.2215494467797,2.059376793752833,37.684998265418834
9.69,6.93,2.811,Good,83.53024676759921,4.129015325207834,1.232761302344728
28.44,6.66,5.64,Acceptable,71.50823755803353,2.0590823902697766,37.31998719440868
22.81,6.25,4.54,Spoiled,21.266146035960926,0.05521170393998518,98.79467924667043
32.81,6.5,5.348,Acceptable,79.1179477447836,1.9494540311822952,45.88460769243049
13.81,6.65,3.223,Poor,58.53006729713508,2.668743514856101,19.563462052090806
19.31,6.99,4.276,Acceptable,69.66037220586907,2.730144610481401,7.864197990563336
32.12,6.66,5.849,Good,80.56024489753807,2.0312407510839128,36.95880959178567
13.0,6.68,3.528,Poor,60.135869225687514,2.927912904165382,12.687406472692667
39.25,6.35,6.576,Poor,37.2783647759327,0.6691412449440958,99.31356226345366
24.38,6.52,3.955,Poor,44.559296942327634,1.6481447717224749,73.07095001946682
6.94,7.01,2.463,Good,87.76398336390984,4.649430757433953,0.5504676198780476
8.25,6.93,2.58,Good,88.12591970702668,4.354424229425943,0.5985195528842029
9.81,6.92,3.009,Good,80.4283887066128,3.93469991196254,1.0551521403904591
7.94,6.78,2.738,Good,78.59634270621753,4.179089499316743,1.568969267749062
14.06,6.59,3.452,Poor,41.915341440809186,1.9099969038768005,54.48567011961574
12.25,6.7,3.541,Poor,58.26715802174093,2.6531477443066884,22.109610004392366
34.06,6.52,6.451,Good,78.21837929640415,1.9111730612046982,43.881858653689285
34.12,6.53,5.388,Good,80.00786992838295,1.9403164605269172,49.233341325166435
25.81,6.61,4.749,Acceptable,67.21390556208439,2.0435967715516306,36.78398101007218
8.12,6.89,2.518,Good,87.37072089811512,4.3623233512935276,0.5610062264709331
7.44,6.84,2.785,Good,86.83425459521614,4.5248810667399235,0.5606015832637089
6.12,6.83,2.473,Good,88.24958304332331,4.738922802133723,0.5457937066685242
30.62,6.63,5.287,Good,75.96843097592598,2.0311011473488256,40.494822917777284
20.19,6.63,4.444,Poor,59.431557980087284,2.3175619044700846,29.900916656728526
32.94,6.52,5.777,Good,78.83746764797664,1.943970988171803,43.819124161403515
23.88,6.51,4.792,Poor,42.782366635589085,1.515360579847268,76.24197827513623
35.38,6.54,5.701,Good,83.08622494817621,1.9446543592035888,47.42535671985568
12.88,6.76,3.787,Acceptable,70.82120144789708,3.212828321655949,7.464779055770993
37.31,6.5,6.651,Good,82.80513762048224,1.8499180040217105,49.839554205562585
35.0,6.71,7.789,Good,84.46138475077879,2.0142749471754224,44.54866735075274
37.38,6.64,5.93,Good,86.76393779703668,1.984036726641626,47.79076069428676
27.38,6.19,4.91,Spoiled,18.875024843686578,0.08009077690943654,99.4362597976651
34.06,6.59,4.833,Good,81.83192429235716,1.9766881296623466,42.749804187939716
15.31,6.75,3.666,Acceptable,67.97913077635582,2.9189050500643825,5.34110636748207
13.5,6.82,2.652,Acceptable,73.01414179868071,3.2637662012880697,5.678635976981932
20.81,6.76,4.747,Acceptable,68.05143548950792,2.545436572167009,11.967574676236637
16.12,6.8,3.775,Acceptable,69.587451116023,2.9518657827345955,5.203619646974121
24.44,6.62,5.151,Poor,60.03992707986728,2.0058885404222964,48.23966629594696
18.62,6.4,4.356,Poor,23.523729355391783,0.37004815393296625,95.71436468341768
28.38,6.55,4.47,Acceptable,62.71446829978755,1.821416228245173,57.64389988190392
9.0,6.82,3.012,Good,83.00128681563346,4.132905984035298,0.9239527830231823
21.06,4.89,5.523,Spoiled,0.5737300821427426,0.0,99.4995662794001
15.31,6.84,3.98,Acceptable,68.56911777420041,2.9674779504114066,7.4041657767814435
11.5,6.72,3.275,Poor,56.65030869433991,3.0895531258287074,14.832561680096472
26.75,5.05,5.047,Spoiled,0.532663850977909,0.0,99.4995662794001
33.44,6.54,6.119,Good,77.40736977400911,1.9356120851313747,45.979193564709526
7.38,6.92,3.281,Good,88.0435868910226,4.540170674081589,0.5536184218985035
9.69,6.78,2.923,Good,73.5003185225141,3.7885081541276726,2.769298120101386
11.31,6.56,3.508,Poor,28.034243886963157,0.9987187884195895,67.61054493126498
21.31,5.3,5.617,Spoiled,0.4741106154158202,0.0,99.4995662794001
38.56,6.41,5.983,Poor,61.199408771706004,1.3912970559709936,66.7753168846773
20.94,6.83,4.412,Acceptable,70.51079399566736,2.653119027284775,7.841089850694739
6.62,6.8,2.466,Good,86.4393843962952,4.584553176707872,0.7372986262287281
20.19,6.22,4.168,Spoiled,14.496920269060148,0.008621286759742773,98.81597342669826
8.31,6.79,2.99,Good,83.18511448212747,4.239204972445009,0.8627803710030265
17.31,6.74,3.7,Acceptable,68.19561299651274,2.937402924477246,5.891595306184011
36.25,6.75,6.773,Good,87.48939309296836,2.0011048300442487,44.81514784074502
37.62,6.5,6.091,Good,86.0622891426017,1.9019725838157755,46.12936489582222
26.88,6.55,5.52,Poor,59.95340885834694,1.7504071848605682,59.168437587147324
10.69,6.89,3.063,Good,79.30454594019382,3.811903110560845,1.310863283969072
7.12,6.94,2.958,Good,88.6715587421269,4.609457212303309,0.552966076558864
7.81,6.86,2.562,Good,87.35767756032762,4.406520163627029,0.5613143685088031
19.75,5.99,4.72,Spoiled,0.7451797484009434,0.0,99.49241704713846
19.19,6.72,3.758,Acceptable,62.0157627837287,2.2453456630800277,23.239139047020043
13.88,6.71,3.399,Poor,63.140006780133646,3.1241371809307252,9.43299944603536
15.12,6.86,3.49,Acceptable,72.68145109146114,3.0709181529258807,3.9302767854920764
18.88,5.05,4.196,Spoiled,1.1427026078848561,0.0,99.49756852271587
17.31,6.76,4.157,Acceptable,68.08667724985771,2.910637163328782,7.041631167162397
6.31,6.93,2.556,Good,88.76825177586612,4.746321250040039,0.5438693706309772
4.88,6.88,2.741,Good,89.7589802238321,4.785033892764759,0.5480933645293761
15.81,6.74,3.779,Acceptable,67.74974771413487,2.8631619162988295,8.54596653445768
15.75,6.81,3.552,Acceptable,72.35760246804631,3.067609201293738,4.039780076168213
6.69,6.89,2.484,Good,87.71201247244143,4.656444077019672,0.5438693706309772
13.75,6.08,3.31,Spoiled,1.3812014232949148,0.0,99.26488377930163
9.25,5.79,3.211,Spoiled,0.48936503991633246,0.0,99.25875127807846
19.31,6.62,3.828,Poor,58.75125931389658,2.3325378217833275,26.80703871820635
12.5,6.82,3.172,Acceptable,76.11229518158096,3.4246040064224994,3.224731124161873
37.25,6.58,5.592,Good,86.19697939485981,1.9486902171005875,47.29994113092735
15.94,6.79,3.733,Acceptable,69.44905207142905,2.960367023795901,4.305900220217652
11.19,7.01,2.74,Good,76.28666147814619,3.5120537184325795,8.02983690283263
4.56,6.87,2.189,Good,90.95204839633352,4.7946533948638494,0.5438693706309772
33.69,6.51,4.988,Good,80.04945704426385,1.9120484548262846,51.59195824492734
33.19,6.73,6.272,Good,83.94011927216127,2.0412285999839987,35.64369461969061
7.81,6.8,2.709,Good,78.81244341455975,4.186774064352784,0.8548234894182754
12.12,6.84,3.347,Acceptable,78.31032289679969,3.545572543976148,2.877469532943455
14.56,5.54,4.216,Spoiled,1.2688233144123096,0.0,99.49645750209586
27.0,6.63,4.868,Acceptable,70.46920741701754,2.046424279796009,37.66078763486446
14.62,6.07,4.133,Spoiled,2.0956337076213503,0.0,99.4309281515379
5.94,6.92,2.601,Good,88.14856790582685,4.730169752833396,0.5440937357067342
29.25,4.97,6.274,Spoiled,0.8166880737031362,0.0,99.4995662794001
18.69,6.71,3.503,Acceptable,61.900154476699505,2.4366872844514744,18.67798601877624
22.0,5.16,5.117,Spoiled,1.1960012153240365,0.0,99.4995662794001
18.56,6.79,3.383,Acceptable,69.53814343309286,2.624792346643528,11.311945502916542
7.12,6.74,2.613,Good,82.99469781277831,4.462205098991535,1.733304748806355
4.81,6.9,2.436,Good,91.17079531795534,4.7928399922272735,0.5440937357067342
26.0,4.68,5.671,Spoiled,0.5308226933854903,0.0,99.4995662794001
23.06,5.6,4.921,Spoiled,0.768948749903685,0.0,99.4995662794001
36.06,6.62,5.537,Good,84.74296023543077,1.9951959801450954,44.8918011810833
6.81,6.87,2.058,Good,87.19005024223196,4.658233180954214,0.5469135752624609
13.62,6.81,3.465,Acceptable,75.77036322200583,3.3386995781430557,2.824433913343001
30.62,6.67,4.872,Good,76.04752386420374,2.0804456130990125,35.26710570633259
6.0,6.74,2.277,Good,81.33855397494249,4.453061986396559,4.795588328431568
25.94,5.23,6.139,Spoiled,0.6663072102068007,0.0,99.4995662794001
16.44,6.81,3.868,Acceptable,69.72591395423409,2.9149301652384265,5.644610056920618
14.75,6.58,3.337,Poor,42.96593845831565,1.734852841099349,48.95840837985819
13.0,6.72,3.795,Poor,61.559075618118406,2.9938208616181923,13.584831325802037
8.69,6.83,2.939,Good,85.76890164416562,4.295012087621873,0.6658942971293774
32.75,5.04,6.793,Spoiled,0.8274521115769723,0.0,99.4995662794001
35.69,6.68,5.417,Good,85.05557800135259,1.978359932630022,45.44239396157833
8.19,6.78,2.769,Good,81.0653700385912,4.2226817915741846,1.539114742861502
12.5,6.83,3.265,Acceptable,76.06099927906443,3.3947997857289436,4.072599746294746
14.44,6.75,3.535,Acceptable,70.71810245815203,3.196560233178612,4.9316822752250316
17.94,6.78,3.761,Acceptable,67.17057382984117,2.614234595730715,10.895085753755064
7.62,6.85,2.568,Good,87.3543287794808,4.484387616124578,0.5627515780263422
33.25,5.39,6.978,Spoiled,0.5673178215541981,0.0,99.4995662794001
27.75,6.54,4.844,Poor,55.9452556806841,1.7162541846764106,67.18389244316238
22.88,6.73,4.988,Acceptable,62.616618397002966,2.2896394133206255,21.295231773426377
30.38,6.66,5.313,Good,77.58618083311188,2.04214279589724,37.19332888569489
31.25,6.69,4.893,Good,84.6490532951483,2.0991984382506192,31.150712044065656
16.06,6.75,3.629,Acceptable,68.40880672275053,2.9707936609177437,4.803235692800189
4.44,6.87,2.082,Good,89.94154332846355,4.794637361977797,0.5438693706309772
10.88,6.84,3.653,Good,77.84473295944619,3.793614477503273,2.0011813361937882
21.0,6.66,4.157,Acceptable,60.325289841231864,2.3576982559801944,20.826267516653406
16.88,6.77,3.894,Acceptable,67.79989167727581,2.8123582155460976,7.6131960359332895
29.94,5.0,5.839,Spoiled,0.6697899054126895,0.0,99.4995662794001
8.06,6.74,2.842,Good,76.75473085991227,4.170673356846274,1.517218064232596
22.56,6.63,4.307,Poor,59.55122634776196,2.0541217124036715,36.371999504425446
18.5,5.86,3.774,Spoiled,0.7679156115996659,0.0004158883083359671,99.49452219212198
14.06,6.79,3.412,Acceptable,74.34688129447898,3.2963814784307846,3.20208317663193
31.06,6.93,6.386,Good,84.46030205140289,2.1735966684733845,23.463111370582187
6.19,6.78,2.225,Good,85.26311126153063,4.688731321822231,1.9521375334287974
18.0,6.67,3.523,Poor,61.44824816068009,2.590080320817131,16.973856486504456
30.75,5.95,5.463,Spoiled,0.7951552275570143,0.0,99.49622522867743
20.12,6.7,4.602,Acceptable,61.236000645319464,2.285168666055827,25.789210413578957
34.81,6.42,5.949,Poor,71.86221385571619,1.6120291146418448,55.42814495078098
9.5,6.65,2.976,Poor,44.68155583143003,2.6578564885939926,23.041511118063678
6.12,6.82,2.475,Good,88.34748947445337,4.739029347512027,0.5478839127406756
25.38,6.55,4.243,Poor,48.7134206231784,1.652884433334888,74.50231798567464
15.56,5.51,3.356,Spoiled,1.3584936549094784,0.0,99.40217245758915
28.56,5.79,6.879,Spoiled,0.7865339933714659,0.0,99.4995662794001
8.19,6.72,2.523,Good,65.16796432551611,3.620629974174956,7.022180349424385
11.06,6.93,3.532,Good,79.45526437305746,3.7397431622178243,1.8654321026611198
7.38,6.82,2.411,Good,88.22140220894903,4.532437206016014,0.5482829323485187
28.88,6.62,5.005,Acceptable,70.24108096016684,2.0337200634052484,41.470890390980585
11.19,6.65,3.368,Poor,44.73338328164788,2.1597982511041542,34.4196906735223
19.0,6.84,3.668,Acceptable,69.6653644501304,2.547412320254729,10.025288324102663
4.56,6.89,2.528,Good,88.67709834294884,4.788767272568568,0.5451962561871956
37.12,6.45,6.325,Poor,83.41301030818721,1.8047839889686776,52.313173637987475
34.5,4.79,8.535,Spoiled,0.6236062238040583,0.0,99.4995662794001
28.12,6.75,5.139,Acceptable,77.12543200347183,2.251381137601389,22.63575794566535
18.12,4.94,4.816,Spoiled,1.443931624567668,0.0,99.4995662794001
38.44,6.61,5.953,Good,81.47308258657706,1.9583727202955337,50.801514692989585
33.81,6.49,5.649,Poor,74.15048886047772,1.7630102569514257,64.4653810998934
5.06,7.01,2.485,Good,84.61610342712072,4.678954125581547,0.550944616532752
7.44,6.67,2.757,Poor,66.10150950765158,3.767669922460902,10.336686475987312
13.62,6.93,3.858,Acceptable,75.16073095418982,3.3251880475901188,3.6442413193253596
33.0,6.52,5.607,Good,79.09683170322143,1.9481443461708452,47.044082026913216
5.88,6.93,2.275,Good,88.78791452745973,4.758252781203685,0.5438693706309772
30.5,6.6,5.397,Acceptable,77.18247838373834,1.9893523655344056,40.92529226136759
26.19,6.77,4.742,Acceptable,73.43963508549743,2.2682821801855235,22.27260418442817
24.56,6.7,4.969,Acceptable,63.1688075955168,2.0775768375990245,37.06648717799311
35.69,6.58,5.527,Good,82.54963612533257,1.946510465850932,49.49090622442037
8.0,6.87,2.973,Good,85.87786917490182,4.336290073706326,0.5712686438943795
5.88,6.72,2.598,Good,86.6697082250508,4.617231073203391,3.4049876388480214
18.0,6.83,4.312,Acceptable,68.92166609301675,2.6986787653994226,6.442367195705782
35.69,6.55,5.262,Good,81.23247691682654,1.9212160728046004,54.048956089982646
13.31,6.93,3.582,Acceptable,76.46886008451952,3.314088955679069,3.058705900834633
4.81,6.94,2.568,Good,88.39565827712907,4.788266344715849,0.5459156244757952
14.19,6.8,3.391,Acceptable,74.2156002667102,3.276366683866832,3.0639816192512956
16.06,6.7,3.694,Acceptable,62.25314754752216,2.6878767698766635,12.339795932812656
16.12,6.85,4.165,Acceptable,68.9183254408937,2.921864080179816,5.506222354789417
13.62,6.93,3.69,Acceptable,74.987287088105,3.303979223197724,3.184899715425534
33.94,5.22,6.18,Spoiled,0.7966426101859588,0.0,99.4995662794001
15.0,5.83,3.94,Spoiled,0.6134477257516606,0.0,99.49029592587881
36.06,6.63,4.84,Good,82.55119507916073,1.9951241315647972,45.20538829184777
34.12,6.59,5.464,Good,80.82887140759759,1.9691087176090547,46.36650156401377
7.25,6.74,2.386,Good,80.79025904461183,4.326418356893948,2.441843976076031
30.31,6.52,5.329,Poor,59.75979606787062,1.7457821116701,64.71264987083863
7.12,6.81,2.494,Good,87.73037605503829,4.566985897327159,0.6384350251573011
8.62,6.09,2.892,Spoiled,1.8888745734717645,0.00043259163949040824,99.09619223730482
30.44,6.63,5.656,Good,78.27877973871963,2.044777826929011,34.54618593704956
18.44,6.66,4.562,Poor,59.88193931859947,2.4276530512572765,18.58820008079837
5.38,6.72,2.561,Good,87.65986792195947,4.652866949801545,3.2504894904846893
32.25,6.77,7.14,Good,84.57372272050168,2.1408781335133127,31.55189288268177
14.5,6.75,3.165,Acceptable,71.0741334319246,3.2561246388508462,3.9367252441654994
9.31,6.81,3.198,Good,81.02156311044732,4.032088605994517,1.8722194064396596
17.38,6.56,3.217,Poor,49.26702924667908,2.0369272488035044,52.143355752309745
19.81,6.9,4.467,Acceptable,69.7226413542821,2.6268164570924024,8.67720977823791
6.25,6.86,2.504,Good,88.33154211565544,4.739408084859704,0.5438693706309772
14.75,6.67,3.502,Poor,62.32833833338706,3.033622985292663,9.97756345150317
30.56,6.73,6.118,Good,81.61418987231127,2.1385607580840995,29.00360435041933
11.38,6.73,3.179,Poor,59.15066893762771,3.0880535820364643,11.48301469328838
6.31,6.94,2.365,Good,88.22883232546091,4.740898966704641,0.5443361073406295
30.38,5.0,6.284,Spoiled,0.7423354467452521,0.0,99.4995662794001
13.06,6.67,3.284,Poor,58.73605157925798,2.735895218358109,23.104283336075927
13.19,6.31,4.152,Spoiled,13.465199389561244,0.07310832221247046,97.22396903923456
17.5,6.3,3.753,Spoiled,15.118143830603522,0.020120283151865037,97.63757416610797
14.69,6.83,3.612,Acceptable,72.58844250856829,3.2129486339034345,3.9787842891267586
30.75,6.16,5.625,Spoiled,20.18869761131111,0.0,99.4844966264918
22.31,4.71,5.219,Spoiled,0.7811222488807175,0.0,99.4995662794001
32.12,6.55,5.27,Good,79.32798628142173,1.9493378150769094,39.71523521920131
34.0,6.63,5.974,Good,81.22026266195724,1.9858649009135392,45.790525486628404
5.81,6.84,1.897,Good,86.12509011076313,4.748938891015512,0.5478103171799635
37.31,5.2,6.669,Spoiled,0.8732911262210368,0.0,99.4995662794001
5.0,6.93,2.079,Good,86.79132451235058,4.758326415072372,0.5438693706309772
6.31,6.72,2.444,Good,75.25937559425684,4.36954183362922,3.889232434890351
22.38,6.74,4.276,Acceptable,67.4333670665059,2.3111493483971564,22.191588492826224
32.31,5.02,6.762,Spoiled,0.791690041183913,0.0,99.4995662794001
6.12,6.81,2.844,Good,87.6229395599184,4.721900801382265,0.5959119203104959
36.31,6.69,5.501,Good,87.16413553347476,1.9952522244007014,43.80683434673777
19.06,6.69,3.573,Acceptable,61.62559046985184,2.402464306187263,17.15120434600358
5.12,6.89,2.184,Good,88.95677197464218,4.779467561566535,0.5438693706309772
9.44,6.83,2.911,Good,80.66626366531891,3.9973902375411856,1.3786985554740019
5.56,6.95,2.901,Good,87.02995930340396,4.732403043389837,0.5581471115092499
18.5,6.67,4.565,Poor,61.20395267062312,2.530623042345968,15.828913069220173
17.19,6.69,4.348,Poor,61.7445346521871,2.723607032725354,15.297129602682025
19.0,6.56,3.902,Poor,55.229888465901894,2.2263110822051426,33.371931469336964
18.81,4.9,4.526,Spoiled,0.9375603897997734,0.0,99.4995662794001
35.0,6.51,6.529,Good,80.68322707324214,1.8793745243699203,40.52734016053003
24.31,6.57,4.522,Poor,52.538702377804036,1.797626351142877,62.991784685552894
22.94,6.72,4.593,Acceptable,61.929376751746446,2.1760888845454005,34.8589364552469
39.38,6.54,6.332,Good,69.59252090088643,1.6859917575269845,72.20197706223162
33.25,6.59,5.758,Good,79.25397296617967,1.9625308730444377,47.29275120446255
12.88,6.67,2.964,Poor,59.92443440344067,2.8679755333693446,17.32302168432949
22.81,6.7,4.739,Acceptable,61.23102641259289,2.072168233691301,38.14619897220363
8.44,6.82,2.697,Good,84.3016301825259,4.260542204018438,0.6620531814079936
19.56,6.58,3.796,Poor,56.73990799084704,2.287498102063834,29.556227224288627
9.69,7.16,3.261,Good,85.1960349346271,4.158069698623687,1.1164088918277049
8.0,6.88,3.096,Good,86.0069240303206,4.337606408944929,0.5717090769424389
37.69,6.53,5.848,Good,86.47927863628081,1.9364495234603656,48.317932014282995
18.25,6.9,5.316,Acceptable,69.96738442375698,2.5308411663646098,11.701295790054473
32.44,6.48,5.665,Poor,56.478984236818896,1.5054408122826899,68.10560455832773
29.19,4.64,6.34,Spoiled,0.9959285948169345,0.0,99.4995662794001
10.88,6.81,2.999,Good,76.29928526924427,3.670963903099629,2.8073078108976057
31.25,6.71,5.401,Good,83.69136428382514,2.1167743408567845,31.936175468962983
26.0,5.02,6.553,Spoiled,0.7169991489749947,0.0,99.4995662794001
36.12,6.62,5.678,Good,85.88892801840323,1.9958642266811315,43.590278226263486
32.94,6.64,5.362,Good,80.85675806425515,1.9982199924956794,45.73708014163225
10.06,6.59,2.801,Poor,34.221146767628824,2.0867429452487345,51.26202292040779
9.38,6.92,2.857,Good,83.07759430532158,4.094237471923554,1.2635313794227547
26.94,4.76,4.739,Spoiled,1.1088769182002574,5.068313851352055e-05,99.49794498713553
31.06,6.51,4.926,Acceptable,73.70626939961922,1.8956060415883316,48.408880336944094
8.06,6.7,2.478,Poor,65.22120347532704,3.5383898111412195,7.9559707279909375
34.88,6.44,5.794,Poor,67.03310065961861,1.6267755550409364,66.98700843410657
7.25,6.97,2.458,Good,86.78213645302479,4.512665575855122,0.5443361073406295
32.5,6.73,5.73,Good,85.59753234417232,2.1334110078080326,28.527568153450275
29.25,6.62,5.38,Acceptable,70.39696258874542,2.037430987365309,40.9302990963966
32.62,5.44,6.333,Spoiled,0.6521325495719283,0.0,99.4995662794001
14.44,6.65,3.596,Poor,59.708604009296614,2.1666368850079385,34.88339437692565
19.12,5.1,4.017,Spoiled,1.109251202919701,0.0,99.49603316239319
26.5,6.57,4.582,Poor,58.4271554139206,1.8362197970959862,54.8981923767261
23.06,5.33,5.364,Spoiled,0.6358700560664167,0.0,99.4995662794001
36.75,6.04,5.897,Spoiled,7.964840707690728,0.0,99.47353971533417
10.88,6.75,3.102,Poor,72.34890963660291,3.5703527131454744,4.168005225634652
5.81,6.74,2.431,Good,78.73408396368094,4.418446591050188,2.361566580562521
15.06,6.78,3.603,Acceptable,67.11387065300792,2.853132966124789,8.379657393313073
19.06,6.79,5.053,Acceptable,68.57108503574258,2.4532460911802456,11.49966187679842
26.5,6.6,5.469,Poor,65.80781747656872,1.9472916303444174,51.642917499686305
22.44,6.61,4.667,Poor,57.03517916428592,1.9511809444580925,52.074325881936694
11.88,6.86,3.366,Good,79.47540776293846,3.6386098205803163,1.7852157999204445
29.44,5.5,4.263,Spoiled,1.272765612499177,0.0004158883083359671,99.49246875365642
13.5,6.8,3.308,Acceptable,74.03491026057428,3.252049170822226,3.050359158720278
30.25,6.07,5.129,Spoiled,10.501068870101866,0.001986890043425065,99.46534065391783
19.81,6.69,4.058,Acceptable,61.860381540135585,2.345113606208478,21.516241561142984
31.0,6.63,5.568,Good,79.87938815229185,2.0387464473537844,36.08146394126112
13.38,6.3,3.546,Spoiled,13.505058676480047,0.006145876488123196,97.34819227072023
31.0,6.58,5.955,Good,69.03666862245571,1.8595829925800043,55.69432478183477
12.31,6.71,3.154,Poor,58.98843165624057,3.0036181323128113,13.542353419618362
19.0,6.6,4.146,Poor,56.87179224510966,2.271138829682593,27.05383779048052
7.81,5.69,3.567,Spoiled,1.2998940604094542,0.0,99.32478760687587
30.81,6.62,5.268,Good,76.50631315377309,2.0284467851332177,41.32101100463154
35.81,6.62,5.52,Good,83.56675338801972,1.9918315316677657,46.43111367361746
12.25,6.07,3.477,Spoiled,1.5011150465873508,0.0,99.29750534155545
31.56,6.48,5.036,Poor,71.19649479988945,1.8464894000169694,52.77221107593342
16.44,6.74,4.211,Acceptable,68.17861924851081,2.9227117154956157,7.243521162061824
7.94,6.78,2.802,Good,80.38995537431427,4.217105831526402,1.3290047395313727
8.0,6.99,2.623,Good,86.84017577931428,4.379611161468829,0.5653006231385357
34.81,6.74,5.682,Good,86.40123408268838,2.028995093979272,36.15500334410019
22.25,6.63,4.426,Poor,59.423312210542015,2.148407374015408,31.20022634649994
14.94,6.81,3.715,Acceptable,70.8663919092125,3.039239543937577,4.048427979038874
4.31,6.88,2.469,Good,91.3992990294644,4.787769864670791,0.5451962561871956
34.56,6.69,4.657,Good,87.80974140490741,2.080737600001081,30.988490246281906
6.94,6.62,2.643,Poor,37.9399734544211,2.983968479634506,24.606110142178494
13.69,6.76,3.593,Acceptable,71.26081580988382,3.2221199067342527,4.136556346085033
34.75,6.54,5.515,Good,81.13093740765886,1.9407847685378632,48.54424679147884
31.56,6.59,5.629,Good,77.84842807764798,1.9710005546357754,46.463879524236596
17.12,6.78,4.029,Acceptable,67.91083830564955,2.848071450665801,6.744525627684957
30.5,6.62,4.932,Acceptable,75.45765748595339,2.0285607535133265,38.22768062722679
28.56,6.05,5.115,Spoiled,4.3902418304339585,0.0,99.46692121519351
11.56,7.02,4.11,Good,74.93681535609701,3.5727346370597877,4.391412742222396
15.56,6.89,4.321,Acceptable,70.17889381196917,2.950323565278926,7.766455739081004
21.81,5.02,5.502,Spoiled,0.6289199392275997,0.0,99.4995662794001
21.19,6.42,4.834,Poor,28.440007445551114,0.48668228569802796,95.43949623964855
4.25,6.9,2.277,Good,92.6809809040178,4.794580298099183,0.5438693706309772
33.69,6.66,5.541,Good,82.72279252835445,2.0055398578788663,40.868040373395566
7.12,6.9,2.556,Good,88.60165422492327,4.591783632110638,0.5438693706309772
10.0,6.84,3.163,Good,79.74295847439497,3.928074017473617,1.191656575485657
29.75,6.77,5.841,Good,77.43309190186058,2.1030769899761697,33.368900058635106
23.5,6.71,4.108,Acceptable,64.65661036716658,2.2816238850249078,21.325471042883763
32.75,6.65,4.25,Acceptable,85.4548166881721,2.035181015799464,35.779819165717065
34.38,6.66,5.854,Good,82.82843517172259,1.9929923986013642,43.23735541607527
20.62,6.63,4.559,Poor,59.22698618282199,2.268009055731852,29.383230123873915
11.12,6.14,3.062,Spoiled,2.0727396992781895,0.0,99.00917921536178
5.62,6.9,2.214,Good,88.5191009677873,4.7571298311714605,0.5438693706309772
14.56,6.8,3.668,Acceptable,72.6952935051603,3.2362688260229953,3.8180909116165953
6.69,6.94,2.926,Good,88.1857827856832,4.664344472137365,0.5528396164964259
12.62,5.54,3.626,Spoiled,0.8543006293640341,0.0,99.46747596845951
29.81,5.71,5.925,Spoiled,0.6774965167787657,0.0,99.4995662794001
10.38,6.8,3.472,Good,76.25689882489368,3.727766797738288,2.604644830677811
39.25,4.73,6.459,Spoiled,0.8614740139389687,0.0,99.4995662794001
26.06,6.6,5.539,Poor,64.12037024590602,1.9437629613927558,50.27626618116549
14.88,6.89,3.605,Acceptable,71.41949320802559,3.0136467247735568,7.454206259951683
26.69,5.49,5.778,Spoiled,0.5532181394117719,0.0,99.4995662794001
35.94,6.46,5.899,Poor,72.73748668415752,1.69039113504555,62.08702774324401
35.88,6.61,5.169,Good,83.682365677828,1.996739549196552,43.03602156502803
31.44,4.98,7.633,Spoiled,0.644537433052595,0.0,99.4995662794001
14.44,6.64,5.019,Poor,59.18139731786366,2.4491176131649603,26.4869689283343
26.88,5.61,5.794,Spoiled,0.605745430610016,0.0,99.4995662794001
20.81,6.7,4.592,Acceptable,61.63243542888116,2.347932656901107,21.985901383746818
16.44,5.82,4.239,Spoiled,0.5450552020901758,0.0,99.48858274392548
6.0,7.02,2.686,Good,87.8218815514479,4.716236800565725,0.5523306465269552
36.31,5.26,7.09,Spoiled,0.800694932302038,0.0,99.4995662794001
32.06,4.81,6.95,Spoiled,0.6185333303531217,0.0,99.4995662794001
16.06,6.77,3.307,Acceptable,69.3382882001107,2.8699969680346267,4.5843353915738785
10.94,6.96,3.304,Good,80.69439301350671,3.770445605383956,1.8685142257599803
9.25,6.79,2.959,Good,78.87153585424582,4.010966537028246,1.247934572504219
24.25,4.97,6.004,Spoiled,0.5792425760443963,0.0,99.4995662794001
26.38,6.71,5.301,Acceptable,74.5902272134569,2.286605519543991,23.714002068932942
36.44,6.41,6.189,Poor,57.58932527801858,1.1561632500288785,67.01260237423787
27.12,6.8,6.052,Acceptable,75.33388334832645,2.293768459270037,21.957134048453018
16.25,6.88,3.654,Acceptable,71.46061712591828,3.020236301183382,3.6759389189266023
25.62,6.64,5.025,Acceptable,66.59343136835471,2.049226437081802,39.693473135971495
19.56,6.49,4.637,Poor,31.619129480375655,1.035337260473955,89.00282326915317
7.12,6.8,2.562,Good,88.27135495023653,4.600597947194886,0.7394471802622137
5.88,6.84,2.45,Good,88.23046893479678,4.7433546393536625,0.5447661125484801
7.81,6.72,2.334,Good,67.42581900912387,3.74043644871912,6.906045632225476
22.81,6.62,4.926,Poor,57.49662272938476,1.9280068129640455,53.79948051193568
35.81,6.56,5.707,Good,82.68980300402734,1.9446146922427843,49.37255167830962
28.62,6.17,5.39,Spoiled,15.595900057680547,0.0,99.48314857715121
35.5,6.51,4.83,Good,79.39931621187388,1.8853289777640456,55.22995390713975
31.5,6.68,5.32,Good,84.15769591486877,2.0972326807808983,34.14745367350162
30.5,6.73,4.909,Good,77.19500441851382,2.1127872370856973,30.920380539813298
15.62,6.75,3.377,Acceptable,69.1733783332499,2.90922730458633,4.495108961595252
17.81,6.78,3.692,Acceptable,67.49347309172553,2.623139917352381,10.211963411591444
26.12,6.66,5.011,Acceptable,67.14028001882188,2.0510878347937616,38.04006100706342
27.31,6.59,5.046,Poor,61.733733456091336,1.926062020935219,54.06327631956542
16.19,6.92,3.081,Acceptable,70.50019208385758,2.8424588461607168,6.040198889694694
12.94,6.81,3.445,Acceptable,76.6726880760248,3.465854041637898,2.84690827137949
30.81,6.72,5.475,Good,78.4794882542694,2.097075124293047,35.82014567117425
15.69,5.9,5.293,Spoiled,0.5317892752849164,0.0,99.49497625810942
35.25,6.58,5.39,Good,82.82712425248862,1.9494991269718749,46.58439670894199
36.88,6.55,5.422,Good,86.25371923833832,1.9404291302355439,48.728137419156354
39.19,5.03,6.418,Spoiled,0.9157433308753865,0.0,99.4995662794001
12.0,6.91,3.163,Good,78.12813056260126,3.589249377976435,2.0842677958190383
7.69,6.71,2.759,Poor,64.46114238959309,3.729257295579444,11.217742048306615
13.69,6.93,3.844,Acceptable,75.16249865208617,3.329270112101734,4.087261977450101
14.94,5.4,4.049,Spoiled,0.9404431687316819,0.0,99.49620686345739
30.12,6.62,5.309,Acceptable,74.94365041232594,2.0207056147606663,41.06055077548964
29.0,5.86,5.937,Spoiled,0.8042521556797145,0.0,99.49756632069871
25.62,6.67,5.08,Acceptable,69.12853699683367,2.1056238300560994,33.18375730341639
5.12,6.94,2.227,Good,88.63418093546635,4.779338534600501,0.5443361073406295
9.81,6.89,3.558,Good,80.15699291676879,3.9243387112960084,1.2823526465285704
8.38,6.83,2.378,Good,86.42210597995441,4.297030256152155,0.6967410115355743
15.56,6.4,3.878,Spoiled,21.642841307619108,0.38022241246408156,94.22456179925933
31.5,6.74,5.469,Good,85.83104637728817,2.1527895850846055,24.39604247939503
18.38,6.78,3.946,Acceptable,67.0885976367557,2.594904760839627,9.855963714017802
14.56,6.78,3.308,Acceptable,71.40380869978978,3.2649129568782347,3.3686839946803238
37.0,6.48,6.244,Good,82.11154113365413,1.8728159263543898,51.53340382772181
36.5,6.62,7.059,Good,83.7754200965252,1.917957601611426,52.40469877666416
28.25,6.54,5.016,Poor,62.60030950989846,1.7981336357284243,50.69450665581419
13.31,6.5,3.728,Poor,23.540548000511883,0.5451100252406246,83.73520047403373
35.69,6.69,5.309,Good,85.74777504987331,1.9930643455177062,43.71204282991317
11.62,6.91,3.726,Good,77.61376595987527,3.6517061008442218,2.5191893935094756
34.69,6.72,5.816,Good,84.29893337741909,2.004188861443919,43.973862688815544
11.38,6.86,3.027,Good,78.90160525893889,3.709040174127028,1.6264480889888457
31.44,6.73,5.003,Good,86.59398662777997,2.1320866962776077,26.420356587559596
13.81,6.82,3.373,Acceptable,76.15571376576167,3.3198679931536192,2.420387394043251
17.69,6.43,4.704,Poor,26.314722147251867,0.565508466736782,94.69464345487613
4.88,6.91,2.266,Good,91.00919955559098,4.793280817056566,0.5438693706309772
34.94,6.59,5.992,Good,83.6352728354684,1.9574662736476982,47.112907256607194
7.56,6.81,2.949,Good,86.91759626253634,4.451338247211917,0.6579053365350787
30.44,6.74,4.731,Good,77.32908533948998,2.1106834004356085,31.115668962350057
30.38,6.72,5.551,Good,78.93509679938451,2.095677871636273,33.033161096026696
5.69,6.84,2.477,Good,88.22121282008389,4.735640987319222,0.5447661125484801
15.62,6.57,3.709,Poor,41.24535358784809,1.6469466107634396,64.51103612771225
21.38,4.85,4.868,Spoiled,0.9480282900389124,0.0,99.4995662794001
30.19,6.65,6.008,Good,80.75953117143031,2.052848474639117,31.847156007182683
23.31,6.57,5.472,Poor,52.69980510498364,1.664455594345696,62.34455219733823
16.62,5.08,4.524,Spoiled,1.0161860933080629,0.0,99.4995662794001
8.62,6.77,2.778,Good,82.17702432516487,4.231410607245162,1.3376752475290812
6.56,7.0,2.465,Good,86.84082199199905,4.609447025136089,0.5503918383621605
15.81,6.8,3.67,Acceptable,70.55673945812887,2.99917488139497,4.3709064840960465
23.44,6.8,4.512,Acceptable,69.59671219672458,2.3630471062344163,18.35493561582302
7.62,6.77,3.095,Good,85.34064821120343,4.320143564008628,1.317543225350565
12.31,6.86,3.414,Acceptable,78.88710637042753,3.529070320786121,2.4516073749721357
36.75,6.52,5.786,Good,85.80100015910645,1.9365939741228329,48.68254793697379
14.75,6.73,3.317,Acceptable,63.9583877994227,3.0934181778210355,8.851612381032762
9.56,6.87,3.555,Good,82.27206169263617,4.027908581065068,1.1903155234721496
31.69,6.56,5.096,Good,79.38467004950527,1.9510100870372278,42.392594380068815
8.88,6.85,3.093,Good,83.05796450711446,4.056911298046717,0.9139702245937307
10.5,6.77,2.825,Good,72.51426838178917,3.5270456789075864,4.526878794678899
8.69,6.91,2.54,Good,86.51875421508545,4.307658314568475,0.6263375912640431
34.44,6.64,6.681,Good,80.96660391039941,1.9785036647065268,45.8296412754445
21.25,6.5,4.158,Poor,37.86306502666682,1.4224008514735629,81.65331597137313
11.38,6.82,3.465,Good,78.07093741429408,3.649058176989699,2.1531945253865623
8.31,6.8,2.746,Good,79.88876632493304,4.175152995090371,0.9745546977412751
21.62,6.85,3.972,Acceptable,70.03423296858605,2.4396094360359513,17.601031185409102
4.0,6.85,2.039,Good,91.20321413943489,4.794637361977797,0.5515686746602814
12.88,6.56,3.344,Poor,28.256461593013842,0.7690901219426055,71.95612374755623
18.12,6.66,4.031,Poor,60.38564348766875,2.4573401187918984,20.266521529321267
29.69,6.54,4.982,Acceptable,65.5986175520643,1.8211938715122484,51.87214562286063
11.56,6.86,3.854,Good,78.30766064314871,3.695698606236853,2.3210652796720876
26.69,4.99,5.903,Spoiled,0.6222550816009383,0.0,99.4995662794001
8.75,6.85,3.862,Poor,78.10265625829906,4.111082383644248,1.8134134628766456
37.12,6.38,5.535,Poor,44.976837085545164,1.25781457027432,96.66083381406536
28.5,5.18,5.625,Spoiled,0.9265354531376727,0.0,99.4995662794001
17.62,6.74,3.903,Acceptable,67.11433308679447,2.5507591508530174,15.78680136208179
11.69,6.81,3.553,Good,76.78092130600386,3.6078633433291003,3.9646259582489036
31.94,6.66,5.008,Good,84.79717636456472,2.0413011629367763,33.88583695640002
14.62,6.83,3.952,Acceptable,71.02362629659406,3.0526449936021214,4.865665605582812
15.62,6.88,4.007,Acceptable,68.63872377895916,2.8163200951887704,10.178575032623105
38.81,5.0,6.775,Spoiled,0.6951325974856417,0.0,99.4995662794001
32.44,6.59,5.954,Good,75.78221193375373,1.9494512949850291,47.6843115074755
28.62,6.57,4.857,Acceptable,64.60632660284915,1.8759205448106957,47.86038383706194
10.5,6.89,3.875,Good,77.76957565555416,3.6945635092562776,2.3305049866758702
16.94,5.49,4.222,Spoiled,0.7993674130263411,0.0,99.49892920952998
9.06,6.84,3.113,Good,82.29481138326763,4.110093528344605,0.878168129483944
13.12,6.66,3.431,Poor,56.1343827704171,2.4405181588308684,27.418621416483386
9.69,6.87,4.4,Poor,77.97579447482757,3.9820754146336035,3.8872817992010202
4.88,6.93,2.231,Good,91.06695465979114,4.793353913821233,0.5438693706309772
11.31,6.81,3.182,Good,75.88926726841143,3.5184614326490906,2.780267959785032
35.38,6.64,5.346,Good,83.99960169556257,1.993249675150684,45.77990667714482
17.0,5.98,4.899,Spoiled,0.7403030057305853,0.0,99.49370125766478
15.69,6.86,3.155,Acceptable,72.92986588276538,2.965772515563273,3.5805084307970207
24.81,6.45,5.23,Poor,30.937529584634888,0.6120466242423626,96.97687056279594
18.31,6.54,3.474,Poor,40.71553048381223,1.7511557198823038,67.13804840865676
9.62,6.93,2.778,Good,84.80945319089666,4.148450672371494,1.2365604966533943
7.06,6.99,3.032,Good,88.25653518115315,4.64966824741446,0.5601923160457178
23.5,6.71,4.282,Acceptable,64.63260568752831,2.2942028284053317,21.90558614402659
30.38,6.66,5.902,Good,78.59873454761286,2.0450695132035475,35.55119479261764
17.75,6.77,4.012,Acceptable,67.5077684917372,2.624676871787583,10.599955239430935
11.62,6.19,3.364,Spoiled,4.69549864623422,0.009016550448422733,97.91784264181845
34.38,5.28,6.317,Spoiled,0.6258407499059913,0.0,99.4995662794001
27.81,6.39,6.284,Poor,30.032903542964622,0.48219997029281597,97.90609556073314
8.38,6.87,3.63,Good,82.65289814495983,4.2450026243396355,1.0753437696942876
12.69,6.82,4.365,Poor,71.41317933720245,3.2807607155457705,4.708785262976287
31.62,6.72,5.385,Good,84.39217464008927,2.108794429858722,32.62808571924478
12.62,6.85,3.787,Acceptable,75.10776292509556,3.293743648231844,4.095755324460426
30.0,6.64,5.235,Acceptable,74.4656392742389,2.0320750942233214,38.9349732266402
18.69,6.72,4.016,Acceptable,62.39047980919561,2.5200831146223486,11.755773881948972
33.62,6.63,5.729,Good,80.70358975104661,1.9996864864274935,43.093529831741094
13.75,6.14,4.577,Spoiled,4.2477121348397,0.0,99.39714061398762
19.75,6.81,4.052,Acceptable,68.16979302535621,2.542165616881961,8.376027492449493
7.12,6.7,2.703,Poor,75.7406525498642,4.332051598547498,5.6044310736861185
10.12,6.73,2.519,Poor,61.429921686512536,3.520092091732909,7.830500298817039
5.56,6.8,1.915,Good,84.73107353750167,4.741583036664335,0.9357017905023769
23.31,6.67,4.459,Acceptable,62.91263230516782,2.2322904854671846,30.712763519852068
8.75,6.76,2.795,Good,83.44416241134843,4.2345327885107595,1.3526712334058826
14.0,6.09,3.895,Spoiled,3.536876071921609,0.0,99.42321626640559
5.19,6.96,3.256,Good,87.1634609973228,4.762450094699917,0.5591032355026587
40.06,4.98,7.767,Spoiled,0.9035770423839308,0.0,99.4995662794001
34.94,6.74,4.965,Good,89.38792347422608,2.0846229497149755,29.16197846686919
23.31,6.19,5.174,Spoiled,15.923814846653189,0.06776650184688789,99.35709282790621
36.94,6.55,6.959,Good,82.06326201879956,1.8507914776774117,58.73954052152627
39.5,5.46,7.345,Spoiled,0.7073057804385996,0.0,99.4995662794001
17.38,6.67,4.442,Poor,61.38101208363219,2.5267992411531193,18.629367420473613
4.19,6.9,2.078,Good,90.8341757412297,4.794637361977797,0.5438693706309772
17.69,6.73,3.683,Acceptable,63.35880499333164,2.560438324076151,13.341660079804713
30.81,6.71,5.426,Good,77.96996832568291,2.0897319526354012,36.61822254466957
21.69,6.65,4.493,Poor,59.8505760708788,2.2002803442329535,29.61243529995103
9.56,6.86,3.962,Poor,79.24483601206528,3.9728605154895202,2.7992417208370513
34.44,6.51,5.818,Good,80.09380335784591,1.9187582376136394,45.19921946595825
4.88,6.69,2.21,Good,81.46145014561633,4.515008457121733,4.03844652035323
11.5,6.83,3.417,Good,78.87971823815685,3.712463720134399,1.9328082060116156
13.5,6.78,3.303,Acceptable,71.95726129853743,3.2587188412056194,3.232714225973405
29.56,5.94,4.961,Spoiled,1.323562678060015,0.002064126748721304,99.49490326099179
11.5,6.81,3.045,Good,75.96735749010554,3.5334803032240387,3.0398361069157893
10.31,6.67,3.528,Poor,51.73347694557265,2.7171558335528756,31.486923496969393
11.75,6.8,3.426,Acceptable,76.27343688989995,3.609044641244415,2.721075128938257
18.81,6.67,4.428,Poor,61.65529710193014,2.575159819657652,13.847421295707825
14.31,6.81,3.257,Acceptable,74.27356687843638,3.2890414227492837,2.6784028065714685
23.81,6.7,4.169,Acceptable,64.09386423489411,2.206390235736403,29.56521888567001
36.75,6.55,6.343,Good,83.9339432328975,1.8813512401423267,54.33407043048341
17.12,5.99,3.52,Spoiled,1.210266635985617,0.0,99.36551930183715
25.94,6.82,5.98,Acceptable,75.59981875381766,2.359962986388816,16.011077606713762
32.69,5.2,5.663,Spoiled,0.6599758845966669,0.0,99.4995662794001
13.81,6.77,3.61,Acceptable,71.14113875485616,3.247697622838157,4.511561890939589
29.06,6.64,5.416,Acceptable,71.24796676518703,2.0525061672699016,37.67570194918373
18.44,5.2,4.807,Spoiled,1.337171549475709,0.0,99.4995662794001
8.44,6.88,2.677,Good,85.39002433866516,4.304857193212617,0.6307018504846112
8.56,6.7,2.954,Poor,68.76777912494848,3.6912864140801744,8.84100422674735
34.69,6.61,5.021,Good,83.66476625782639,2.0003654835511084,38.812766250394915
15.5,6.71,4.524,Poor,62.2322840779815,2.8657089354369267,12.180570620779825
8.69,6.86,2.462,Good,85.17459080240299,4.281349056101437,0.6588482611884219
25.06,6.65,5.058,Acceptable,64.12046676777051,2.053055849624997,39.79118648486003
37.25,6.52,6.06,Good,86.99794724440909,1.9385725353549865,46.442407244694124
16.69,6.81,3.337,Acceptable,71.69221110591104,2.918421432784436,4.160592108372616
19.56,5.06,4.756,Spoiled,1.005890552962556,0.0,99.4995662794001
34.44,6.59,5.965,Good,80.79449495202049,1.9544563290072319,49.11870441633938
7.5,7.03,2.89,Good,89.36598528740701,4.541385898111091,0.6061862678276531
17.31,6.78,3.999,Acceptable,67.88311760672076,2.865920305447009,7.375866644831057
6.69,6.96,2.27,Good,87.80429742236171,4.647543552120018,0.5443361073406295
14.69,6.49,3.638,Poor,26.808661454350013,0.7988539650469935,80.02249242823383
12.44,6.9,3.517,Acceptable,77.67318040998963,3.429698341472202,2.995540918060826
32.19,6.57,5.004,Good,79.84228598429523,1.9498231550685787,44.081488661039124
11.94,6.84,3.067,Good,77.36587436944056,3.5220418725837885,2.7299610964020204
17.75,6.7,3.855,Acceptable,61.85698418298103,2.4454003546028136,18.972988673292456
17.94,5.84,4.227,Spoiled,0.41044086445173067,0.0,99.49421190741742
12.69,6.72,3.184,Poor,59.855169099536525,3.0634243249091324,11.867484874997562
28.5,6.68,5.448,Acceptable,72.12599964930611,2.080842072564443,35.86864017543914
7.62,6.76,2.735,Good,81.11602313139305,4.251154985311831,1.3320278190384252
22.94,6.73,4.49,Acceptable,63.12800738030484,2.30939480699223,19.89500977872362
35.25,6.61,5.975,Good,83.65368370131056,1.962746279106233,49.79408543066099
34.88,6.61,5.717,Good,83.93882288364821,1.9846311959249574,44.832119758771945
18.62,6.81,4.681,Acceptable,68.48990890493866,2.6614140287829975,7.376779488401784
36.31,6.59,5.737,Good,86.65608349786685,1.96838359167461,45.964794330313644
8.75,6.53,2.969,Poor,32.05740588641242,1.2086959472185292,65.0258744470602
31.81,6.57,5.682,Good,79.65561549228654,1.96657600506732,39.996979924457776
36.81,4.9,7.24,Spoiled,0.7470571982073394,0.0,99.4995662794001
21.12,6.58,4.641,Poor,50.97466936181527,1.7153109671273967,62.808571726210985
31.56,5.28,6.748,Spoiled,0.6574276242477936,0.0,99.4995662794001
33.44,6.6,5.804,Good,79.94353524024653,1.9681096625204622,45.66176650981075
5.38,6.84,2.184,Good,88.41975986936411,4.775985340532904,0.5447661125484801
33.5,6.45,5.09,Acceptable,67.5819906814572,1.7012866253598418,66.72715848680406
38.62,6.58,6.7,Good,75.47276758036783,1.7360999506736015,71.19620702739884
19.0,6.66,3.743,Acceptable,60.25132977250727,2.439244772347455,19.38258589253202
7.81,6.87,2.766,Good,85.90262544711636,4.4112742738388135,0.5674134266632708
31.75,6.52,5.279,Acceptable,78.91172112534817,1.948224040226707,40.15271443917689
11.94,6.87,2.926,Good,77.41063867128355,3.4722694498603657,3.6962949477151508
8.81,6.95,2.513,Good,86.88233031900215,4.2817134485639565,0.653213465022744
14.75,6.8,3.103,Acceptable,73.68892141039086,3.2740624183220457,3.335199264578203
17.38,6.77,3.572,Acceptable,69.11839720370713,2.8185346838271608,4.814864628105942
12.31,6.88,3.699,Acceptable,74.49951451689047,3.1485948971974227,5.279968235276093
31.56,5.7,5.791,Spoiled,0.5347696266166494,0.0,99.4995662794001
23.62,4.98,5.373,Spoiled,0.5355344462054068,0.0,99.4995662794001
33.94,6.65,4.98,Good,86.84852157148892,2.0254292006446946,34.05777295093087
18.75,6.81,3.807,Acceptable,68.35659588749726,2.5142789412128796,12.917498733251149
16.88,6.73,4.22,Acceptable,63.52447430355602,2.867804986655705,10.296095596763099
26.44,5.4,5.591,Spoiled,0.5438522590141671,0.0,99.4995662794001
39.12,6.47,5.786,Good,53.40511582140614,1.2048987687866581,88.09924475809598
8.56,6.8,3.505,Good,81.37193561428343,4.195166460339151,1.0222114113640928
6.62,6.97,2.469,Good,86.63727735031266,4.618163744231661,0.5443361073406295
10.0,6.84,2.413,Good,76.51220231221474,3.841473865191454,2.151739297565917
29.75,6.59,5.094,Acceptable,70.68762477707729,1.9554683178961616,44.5581691182226
30.56,5.39,6.48,Spoiled,0.687900309733366,0.0,99.4995662794001
4.5,6.89,2.378,Good,92.30088429666236,4.793383108801303,0.5438693706309772
34.44,6.58,5.964,Good,80.69600547137654,1.9389510085421264,49.32830789667061
17.38,6.67,4.286,Poor,61.439707333983854,2.511958126130385,26.94224759331902
29.44,6.84,5.177,Good,75.26513557250244,2.0444032909188206,38.39344863231442
16.44,5.47,4.065,Spoiled,0.6700961470747828,0.0,99.4957887923762
24.88,4.83,5.963,Spoiled,0.5199827196415908,0.0,99.4995662794001
10.5,5.29,3.815,Spoiled,1.2048573832146667,0.0,99.39890974521767
26.81,5.01,6.116,Spoiled,0.6940356842407194,0.0,99.4995662794001
36.81,5.55,6.486,Spoiled,0.6461787810229354,0.0,99.4995662794001
6.06,6.82,3.137,Good,86.97923940910796,4.729847464219031,0.5614312786450613
31.5,6.59,5.219,Good,78.59945494979006,1.9745875237009465,42.24079708592667
9.75,6.8,3.027,Good,77.3498962263788,3.917802669576478,2.265073691574127
25.06,6.62,4.681,Acceptable,63.66102196013486,2.0591160538696665,39.77406811443146
9.19,6.83,3.724,Good,79.6593842952583,4.060300539405041,1.3057925346325796
8.88,6.81,2.912,Good,82.62772699389677,4.106560778408312,0.9690106895521599
32.06,6.71,5.88,Good,84.67716547465132,2.120928707978005,31.50317889079584
30.38,6.79,5.688,Good,79.16130893835565,2.1506626807435514,26.70206223393715
34.56,6.55,5.686,Good,80.73648866430763,1.9405086362127686,49.28310751876201
12.25,6.79,3.066,Acceptable,74.36606115998217,3.474393386720663,3.2364637405168097
15.38,6.83,3.402,Acceptable,73.13828094436866,3.060343712866937,3.345393586152855
15.12,6.89,3.911,Acceptable,68.78277507355827,2.856272118894325,8.33570423867085
18.19,5.31,4.356,Spoiled,0.9610773716688917,0.0,99.49949874647771
15.62,6.74,4.046,Acceptable,67.88960531531248,2.890167349472111,8.52551863128383
37.19,6.56,5.935,Good,86.89465969497553,1.9404767831007261,47.81309322184014
23.81,5.13,4.956,Spoiled,0.6846005459870939,0.0,99.4995662794001
34.56,6.45,5.672,Poor,63.88449380016102,1.5824002051998782,78.21636833733851
5.88,6.87,2.264,Good,88.51992965020834,4.754400773722904,0.5438693706309772
16.75,6.21,3.644,Spoiled,8.171594229236527,0.03998419735633414,99.09754601393263
16.19,6.76,3.307,Acceptable,69.11067687771776,2.875996919901672,5.039190806851124
9.25,6.85,2.929,Good,80.88221633272086,3.9344405750413323,1.4561814144407184
21.88,6.63,3.978,Acceptable,59.58846685468277,2.191154454106814,28.02351598104735
5.88,6.79,1.984,Good,85.15390381721191,4.738824888901848,0.9437950038860653
35.44,6.72,6.303,Good,85.88502893372477,2.0123769474529722,42.58331904471673
13.56,6.94,3.915,Acceptable,74.06733278281581,3.3288518928240958,4.2651367288060085
5.62,6.9,2.516,Good,88.20830858646076,4.742890650889857,0.5440937357067342
29.5,6.52,4.303,Acceptable,63.05056597247456,1.7746566610927963,58.45932412992309
13.38,6.58,3.614,Poor,29.479837178709623,0.8299572087630622,75.37926784830923
9.75,6.85,2.753,Good,80.7943260963698,3.9758968901499308,1.9417610645753292
8.62,6.88,2.693,Good,85.62721369093413,4.297418718838068,0.6309899043004312
14.31,6.7,3.443,Poor,62.868797531037856,3.07495221117437,9.032772803222691
32.75,6.71,5.066,Good,86.97552617043038,2.0937241690462507,31.56829444887735
12.94,6.52,4.167,Poor,26.037663603128152,0.7326501420813383,78.47903589902853
21.06,5.24,4.377,Spoiled,1.2184521618993416,0.0,99.49938469025281
35.0,6.41,5.124,Acceptable,63.29367400529761,1.4391287839627294,59.99308103755393
7.69,6.94,2.129,Good,85.55245428939917,4.454952689800011,0.633269313126509
35.69,6.52,6.177,Good,83.50531909395033,1.9329595951594234,43.74806554079154
35.88,6.54,5.904,Good,83.3836583773799,1.9421609506819555,47.991658933882356
8.81,6.81,2.866,Good,84.05175319223854,4.248263531557659,0.7442899928410663
36.31,6.54,5.961,Good,86.4805890314953,1.9430600342982798,47.798160299805446
24.69,5.23,5.422,Spoiled,0.7176724776573958,0.0,99.4995662794001
10.25,6.87,2.949,Good,79.02623058656576,3.8535207429380893,1.2638376614921827
14.25,6.68,3.649,Poor,62.697793397095225,3.023861984476773,9.564753820740018
23.38,5.21,5.228,Spoiled,0.7132856621218514,0.0,99.4995662794001
31.31,6.67,5.863,Good,80.91251032677584,2.0947913396842472,34.4229919346446
15.06,6.77,3.718,Acceptable,67.66582627966179,2.9216301821077044,5.270816056341233
13.5,6.62,3.612,Poor,53.71477988640589,2.2829771065542754,34.44657513708026
22.19,6.59,5.142,Poor,52.13910551688754,1.686177504367509,68.31533920740549
21.38,6.64,4.096,Acceptable,59.870371243610535,2.2722313268617182,25.27752816905
25.56,6.63,5.271,Poor,68.56603127031953,2.0684522960698417,32.797576624253566
37.19,6.21,6.33,Poor,28.25539156004125,0.17170618957112813,99.48191439730594
14.62,6.81,3.434,Acceptable,75.01844661465478,3.314979761871753,3.0321891513048356
28.5,6.45,5.648,Poor,36.73698860338457,0.8027334282496048,93.61490049919837
7.69,6.82,3.014,Good,85.50476729504278,4.377094486004869,0.5814582243533711
37.62,6.66,6.258,Good,86.88495100110978,1.9880949918029063,48.64728768645566
22.94,4.92,4.712,Spoiled,0.851842490794374,0.0,99.4995662794001
31.81,6.66,5.655,Good,82.33597445065578,2.0430633450341196,35.84272110652502
34.81,6.62,4.268,Acceptable,83.09230268775383,2.0230101184557006,40.1928217453723
11.94,6.89,3.03,Good,77.83348748040099,3.5398430973667305,2.597389238510442
34.62,6.58,5.711,Good,80.83894932366056,1.9452576248594582,47.97301138671318
6.88,6.93,2.808,Good,88.93470699036763,4.6786732120600405,0.5480933645293761
6.0,6.94,2.645,Good,87.78545926489048,4.738045457880056,0.5459156244757952
11.94,6.65,2.903,Poor,58.63663990952832,3.1581624030526134,17.631688398404904
22.56,6.69,5.087,Acceptable,60.76526845904138,2.071534915806283,36.79132554541057
27.56,6.92,5.943,Acceptable,76.50009306405035,2.339498657851401,17.340707746609805
31.88,5.06,7.209,Spoiled,0.571259925639342,0.0,99.4995662794001
11.62,6.85,3.291,Good,78.96646788899658,3.6922993169693035,1.5773627249706654
15.12,6.74,3.109,Acceptable,68.35985027926193,2.9149285528796924,5.241866456642707
33.0,6.53,5.737,Good,79.25345135312098,1.9554194067014892,44.23854187575678
7.5,6.84,2.382,Good,88.70922241765808,4.559120044767133,0.5828040838035152
7.88,6.83,2.777,Good,84.57635345596759,4.307105088151067,0.5758598424002447
7.69,6.88,2.495,Good,86.48787877757293,4.472576119993271,0.5568090355859273
14.19,6.73,3.468,Acceptable,64.55307744155763,3.1127816423918775,7.275323601399006
32.75,6.65,5.385,Good,81.70244064980817,2.0054078550845564,45.778482848467625
16.62,6.74,4.605,Acceptable,68.10216967478279,2.9264598449435226,7.789054041982056
17.38,6.78,4.073,Acceptable,67.76056093673009,2.7901565360284097,6.653461210040011
12.5,6.88,2.907,Good,77.15457500748163,3.3953772168373013,3.325227840888388
6.5,6.84,2.43,Good,87.74891221340442,4.6908653407018654,0.5447661125484801
36.25,6.53,6.052,Good,86.87962031413147,1.9475050229433541,44.51481082159648
8.94,6.75,2.902,Good,77.58876882089193,3.956087048693797,1.5555931139425123
37.19,6.53,5.524,Good,86.42327253589913,1.9371684162732754,48.89964423518154
25.69,6.59,4.585,Poor,58.26367313204415,1.9532487407659065,47.88444706561626
13.19,6.6,3.677,Poor,50.7991265391983,2.313167684259377,24.62838384834517
34.12,6.57,5.566,Good,80.39964380673719,1.9417926462874113,48.67560951360715
29.56,5.27,5.489,Spoiled,0.5128518024273621,0.0,99.4995662794001
34.56,4.77,6.542,Spoiled,0.6193250571153911,0.0,99.4995662794001
17.62,6.67,3.882,Poor,61.75364350709603,2.5281360129464656,16.305373032781723
23.38,6.72,4.173,Acceptable,64.25419866527838,2.2977650607661957,19.991848518063332
21.62,6.73,4.751,Acceptable,62.706370738881525,2.205800075252369,31.718588686713392
13.38,6.88,3.318,Acceptable,77.14166467801793,3.3123466497765826,2.186983435845992
25.06,5.05,5.88,Spoiled,0.639379992490224,0.0,99.4995662794001
17.69,6.67,4.016,Poor,61.739451829881425,2.500796693281067,15.419260255162632
30.62,6.74,6.791,Good,81.27958028444927,2.1488888393063177,29.70252443895965
10.88,6.93,3.901,Good,77.24261080360276,3.6892130557092493,2.6837526361021813
34.62,6.64,5.952,Good,82.51796641260374,1.988042705949296,43.18519473002067
17.56,5.69,4.07,Spoiled,0.608691956930116,0.0,99.49892667237988
3.94,6.94,2.17,Good,91.63397203012231,4.7946533948638494,0.5443361073406295
38.19,5.13,6.551,Spoiled,0.8190084669275772,0.0,99.4995662794001
12.44,6.87,2.937,Good,77.02010524947386,3.394217628521017,3.064841606601989
6.44,6.96,2.881,Good,87.72340133077861,4.730373287210741,0.5595074638006367
13.38,7.01,4.234,Acceptable,73.41683505907218,3.319511380514573,5.090289484644834
13.19,6.59,3.541,Poor,34.31521818505923,1.625110515018193,63.76817886398265
29.25,6.36,5.243,Poor,33.72576397680065,0.8429343050583974,99.18309371976389
31.44,6.72,5.204,Good,83.82894331342757,2.083369964858112,35.16293353931676
23.38,5.4,5.088,Spoiled,0.7576339976598402,0.0,99.4995662794001
28.88,6.53,5.052,Poor,60.61372242542316,1.7910123353008218,58.63977063955016
33.94,6.73,5.878,Good,85.9546478775173,2.0631574193621796,32.97878541969644
28.0,6.52,5.352,Poor,58.76985478452861,1.7479905272909462,60.411714168945934
14.75,6.6,3.99,Poor,55.50009377405333,2.343399568092801,34.0508150722843
14.75,6.8,3.623,Acceptable,72.1882691422586,3.2131443924253995,4.041322766814063
33.38,6.5,5.938,Poor,68.32189671219805,1.645989118119999,62.68020690510392
30.62,6.6,4.879,Acceptable,74.57940718311342,1.9969959905143804,40.035415159799975
27.5,5.1,6.884,Spoiled,1.0087021247101349,0.0,99.4995662794001
7.0,6.79,2.557,Good,88.45065954427048,4.667892868631137,0.7383334575151468
25.75,4.89,5.62,Spoiled,0.4853866855664834,0.0,99.4995662794001
19.0,6.78,4.78,Acceptable,67.71178462178105,2.525561650456516,8.564300934769134
14.44,6.34,3.555,Spoiled,14.42019977008372,0.12495863011578427,97.77022754047935
13.94,6.75,3.019,Acceptable,71.04504089408832,3.2809348006160977,4.500595398872773
11.69,6.79,3.105,Good,75.0471626069191,3.5014522045586585,2.935778030865586
26.56,6.58,5.116,Poor,57.34476102432242,1.785129509274175,64.03798735261923
25.75,6.73,4.199,Acceptable,71.77049547612965,2.278389807127823,19.96233971065898
31.88,6.73,4.799,Good,88.33571668666013,2.1263879628644293,27.096606561781684
34.31,6.54,5.702,Good,80.47160785239622,1.9430692007039585,47.83408233929991
11.69,6.75,3.356,Poor,72.20001464271499,3.505362978149075,3.6479945935670512
32.62,6.57,6.084,Good,76.54349277840224,1.938897604155386,45.534815078245785
10.81,6.6,3.16,Poor,40.54583864899663,1.8601321868564409,41.19706962961205
7.19,6.85,2.559,Good,88.42963848068209,4.580232073080472,0.5515686746602814
15.44,5.74,4.293,Spoiled,1.1948591318241284,0.0,99.49681057098663
14.62,6.76,3.337,Acceptable,71.34530844223379,3.2509699408290427,3.7654694628132686
7.44,6.85,3.108,Good,86.94229053717366,4.527616753662081,0.5725635164701275
36.88,6.62,5.81,Good,86.85193535130567,1.9837665918049374,45.38043463638965
37.06,6.75,5.866,Good,88.25550788737058,2.0032234278531154,42.600794419192454
32.5,6.6,4.957,Good,80.88333172232656,2.0008017932754747,38.664399055121926
37.5,6.69,5.928,Good,87.64503583837447,1.9935445955567317,47.01130020419607
12.81,6.44,3.086,Spoiled,21.577738867031712,0.18711398200158944,87.98713330488935
12.5,6.77,3.442,Acceptable,72.05898678272649,3.347311573109342,4.279414300677248
2.5,6.86,2.642,Good,91.59258706697031,4.788931282135968,0.5451962561871956
26.69,6.62,4.655,Acceptable,70.3361211853536,2.070312380910592,33.77100885059062
12.69,6.63,3.563,Poor,53.47646920613146,2.1789266062597794,30.9655490125445
36.06,6.63,5.229,Good,84.05651350230531,2.0003225438364507,45.70356148898259
28.12,6.52,5.156,Poor,57.698143424587954,1.7628477170528858,61.91113173566879
31.69,6.65,6.107,Good,81.3886996607613,2.046200308799053,33.54809387527651
15.38,5.47,5.148,Spoiled,1.0556660269197873,0.0,99.49716381819475
34.56,6.53,5.411,Good,80.6028102759948,1.9415117614527924,48.31953100446597
38.0,6.54,6.247,Good,87.04130589760463,1.9242688761026365,45.51611076219743
19.38,6.75,4.552,Acceptable,67.60850977046518,2.554237576147548,9.376554932333432
17.88,6.05,4.146,Spoiled,1.469650995297963,0.0,99.3869434735371
18.69,6.75,3.938,Acceptable,67.01635171387474,2.604562677502828,11.597874820676026
10.19,6.83,3.26,Good,78.30014278254471,3.815172004174897,1.3679864762761145
15.88,6.75,3.854,Acceptable,67.84937759658429,2.7120595572036557,11.266292191656504
8.56,6.42,2.819,Spoiled,28.310060693371277,0.3039029512366916,85.61497799019267
38.25,6.53,5.401,Good,80.49006179274213,1.8030372383399527,68.13924377420958
33.19,6.54,5.504,Good,79.2379538647132,1.9422202929363994,48.498229184629594
12.69,6.95,3.252,Good,78.90630152364425,3.4925057956234147,2.3520147139186025
4.5,6.8,2.107,Good,90.09447980750276,4.794438450880547,0.843009121783271
35.0,6.57,5.448,Good,82.5417489935797,1.9455758029444885,48.0252093071755
17.81,6.92,2.937,Acceptable,69.80846876519028,2.6850320738102456,9.48463465387515
23.75,6.62,5.178,Poor,59.406258142385425,1.9635385986771825,49.04816700147077
7.0,6.95,2.575,Good,89.06597286649472,4.68270776550863,0.5445887389195768
8.12,6.87,2.581,Good,87.99309650815397,4.368768968896874,0.5619020598042666
36.25,6.54,6.274,Good,86.24559948251303,1.9163118995576864,45.708861188667285
20.69,6.86,5.284,Acceptable,71.24462229883822,2.5251718607641505,11.589759993836129
34.25,6.71,5.83,Good,84.39611569130841,2.015379251811956,42.45551174929609
15.5,6.76,3.213,Acceptable,69.24196536116666,2.9386461780790425,4.510715998672508
7.38,6.97,2.921,Good,86.32811357127702,4.504200758125391,0.5585127977837596
38.5,6.73,6.917,Good,84.6950198416073,1.9924322127952139,45.140022697874
10.75,6.85,3.113,Good,78.86060750042606,3.7971229302462164,1.2323382955311217
13.75,6.76,3.408,Acceptable,72.02586186909765,3.2780033801099506,3.4842890824287847
10.88,6.88,2.846,Good,78.86968800636065,3.7531644911011246,1.5109516423390075
15.19,5.87,4.037,Spoiled,0.6559402173827132,0.0,99.49356667502737
28.75,5.66,6.545,Spoiled,0.6691759987951867,0.0,99.4995662794001
5.25,6.85,2.14,Good,88.02110063245452,4.77842251012127,0.5515686746602814
21.5,6.68,4.035,Acceptable,61.657759261678194,2.238405643696019,26.02135966596603
30.25,4.68,5.859,Spoiled,0.8165356875071609,0.0,99.4995662794001
13.38,6.65,4.107,Poor,56.77647883877442,2.3302514382405803,36.78344244021255
6.06,6.89,2.962,Good,87.98234359593354,4.736397813990445,0.5523978734171741
36.62,6.63,5.443,Good,86.67922925122855,1.996346595991425,44.81959099753636
20.94,6.49,4.483,Poor,37.122721535320636,1.3040666451946024,81.56078812542336
26.94,6.7,5.415,Acceptable,72.65908187606627,2.1128653766699874,32.55831712646723
35.69,6.14,5.895,Poor,21.818805774242094,0.0,99.4490030711712
6.81,6.69,2.328,Good,75.93975306581643,4.337239826261256,4.063933718994317
11.06,6.79,3.863,Poor,75.10242631047595,3.6463073447249164,4.532629098728284
29.38,6.63,5.325,Acceptable,70.98068103182693,2.0433457173972207,38.543314363437204
26.94,6.54,5.182,Poor,54.56779228890566,1.6803153655802165,68.66108685627401
13.62,6.83,3.322,Acceptable,76.38569208192497,3.309109360375396,2.324635415344029
16.5,6.93,3.569,Acceptable,72.45411936100884,2.925995909416853,4.854516203435033
22.12,5.05,4.541,Spoiled,1.2475753540545231,0.0,99.4995662794001
7.12,6.78,2.955,Good,87.06986340440523,4.589517520597249,1.1732202228457618
34.75,6.45,6.046,Poor,74.47872988363937,1.7791246043854012,57.95923744077335
4.19,6.87,2.176,Good,91.57652875978698,4.7946533948638494,0.5438693706309772
24.12,6.47,6.481,Poor,31.451641412194046,0.7249217640755101,96.51472409461579
9.0,6.75,2.38,Good,76.4086621483087,3.8912004618154086,2.4468304232689646
9.69,6.73,2.603,Poor,61.56136821592407,3.4690289575821573,6.873090008606733
31.06,5.08,5.889,Spoiled,0.7413957202671599,0.0,99.4995662794001
28.69,6.62,5.039,Acceptable,71.21738250444771,2.0373434335077794,39.708001034380885
23.88,4.78,5.36,Spoiled,0.4921314019327256,0.0,99.4995662794001
6.81,6.97,2.395,Good,87.62514248088846,4.649636709633472,0.5443361073406295
16.56,6.86,3.433,Acceptable,73.96537301068606,3.030734613265273,3.1661514291904886
7.19,6.85,2.628,Good,88.9128722906205,4.598549987582072,0.5515686746602814
26.69,6.68,4.759,Acceptable,71.7447728512089,2.1027588622264237,35.05705628204196
10.19,6.53,3.169,Poor,28.512235062983233,1.3073084214975317,65.11470536635554
12.88,6.73,3.119,Poor,62.218421663104905,3.093632191011212,11.543022462847667
17.31,6.88,4.173,Acceptable,69.03063746422535,2.874470069558497,5.499165039820944
33.19,6.49,5.979,Poor,67.84031827544699,1.6762500898647918,65.42124547240343
18.25,6.71,3.971,Acceptable,62.406124829028656,2.6130061580825426,12.31166041908386
31.12,6.11,6.016,Spoiled,20.09721429173853,0.0,99.4741887547933
33.0,6.77,5.353,Good,84.63884995025283,2.0028964133173486,40.78819951879954
39.56,4.55,6.762,Spoiled,0.8024229793700713,0.0,99.4995662794001
16.0,6.73,3.853,Acceptable,63.493316261892616,2.562530810125099,18.57432352889004
16.62,6.72,3.908,Acceptable,62.49053654738702,2.7378012473247124,11.19969972903234
18.19,6.75,4.058,Acceptable,67.33698181506023,2.7040632813594936,9.269380779090952
29.56,6.32,4.809,Poor,33.34119045650859,0.5949580245989632,98.77988920056733
35.75,6.55,6.146,Good,83.56208301782974,1.945272166585763,44.90946903635787
21.94,6.75,4.613,Acceptable,67.49400199156766,2.191088847035671,33.89128741233471
34.25,6.55,5.632,Good,80.1473732439782,1.9386848775191838,50.8717738097338
13.25,6.84,3.581,Acceptable,76.35989994237546,3.355815531959799,3.0818353535612912
18.38,6.8,3.906,Acceptable,68.0791349239639,2.6173077203154658,8.996067814935241
35.12,6.61,5.564,Good,83.50203491665306,1.986565566550951,45.28531551918057
30.06,5.08,6.112,Spoiled,0.9223362116879903,0.0,99.4995662794001
35.5,6.59,5.566,Good,83.05543057563274,1.9682528540101425,47.25478830918624
10.62,6.81,3.047,Good,76.4439237228901,3.716408190889472,2.412801874962654
30.62,6.6,4.961,Acceptable,74.56499542646536,1.9970327974039155,38.9053870227426
11.88,6.61,3.024,Poor,53.59830537547226,2.680693436861537,28.24828096363275
22.31,6.64,4.249,Acceptable,59.81730251900167,2.174497884270937,27.447271678227224
15.69,6.79,4.108,Acceptable,68.37679398522657,2.889304748139583,7.7694567077153
17.44,6.67,3.647,Poor,61.53099438660359,2.4773966584879243,22.01735301787786
24.5,6.65,5.864,Acceptable,61.300933327386204,1.8786819584717522,46.50987277338783
18.62,6.73,4.133,Acceptable,63.4355038324514,2.69091021670272,10.061712703100804
16.06,6.82,4.191,Acceptable,69.40077383213504,2.91934936744371,6.146426535412308
5.44,7.05,2.932,Good,88.01216309614377,4.731452062105847,0.5588201086256802
11.0,6.82,3.742,Good,77.27334868752442,3.723482516598675,2.395410937760814
32.12,6.33,5.327,Poor,34.53683991001176,0.7080444955472328,99.04661177525044
6.62,6.81,2.461,Good,86.3092043336819,4.538451259044127,0.6069461879479988
12.94,6.74,3.657,Poor,70.70965533862353,3.2019999215430475,7.342257395476174
13.31,5.59,3.673,Spoiled,0.8484856499982681,0.0,99.4732801294841
8.31,6.85,2.627,Good,87.42122018857224,4.335008486139254,0.6645310885308334
26.06,6.54,5.351,Poor,43.31186271235537,1.4117082740696631,77.68682387174344
31.56,6.6,4.937,Good,79.99287298697172,2.0044284254529043,38.22782149899765
35.19,6.47,5.752,Poor,64.51486164637595,1.5783606072891474,75.07508757874143
36.44,6.68,5.857,Good,87.28624354543105,1.9965028494733457,44.53771049072537
36.5,4.77,7.458,Spoiled,0.6425021294915508,0.0,99.4995662794001
8.69,6.79,2.417,Good,83.19789651262927,4.226681758488938,0.9836598278193186
5.62,6.92,2.327,Good,88.26408023038539,4.749210208383759,0.5438693706309772
6.44,6.85,2.377,Good,88.15794121191743,4.7241116607121985,0.5515686746602814
10.5,6.62,3.314,Poor,42.46175918971,2.0473877916992236,35.23840083058139
17.81,6.82,3.703,Acceptable,69.32755194848912,2.650983222210782,8.980315523860758
32.38,6.78,5.511,Good,86.04544301937936,2.138606842697321,27.5696710706858
13.38,6.69,3.51,Poor,60.929217129603614,2.9775867731123773,11.486815263187541
6.94,6.87,2.239,Good,88.98273169724055,4.668045610619362,0.5438693706309772
16.69,6.92,3.667,Acceptable,70.95657030276189,2.906663863618872,4.655036587306393
7.38,6.7,2.838,Poor,70.07426203935461,3.945077005112694,6.666295529823078
23.44,6.65,5.079,Poor,60.29371547797147,1.9625943280048812,47.22209376557256
32.69,4.99,6.037,Spoiled,0.6847905537688214,0.0,99.4995662794001
34.0,6.52,5.999,Good,76.93160079471103,1.8968373065312516,51.44820540035348
17.06,6.8,4.221,Acceptable,69.1142124291374,2.901144914781498,5.7538535984807
37.06,5.66,6.282,Spoiled,0.7090131045959709,0.0,99.4995662794001
20.06,6.76,4.478,Acceptable,67.87385857192108,2.5109020308921206,12.346647544065505
11.44,6.95,3.061,Good,80.20425322947548,3.6989680441818757,1.7480111895272201
8.0,6.86,2.848,Good,85.97845637754915,4.337830457888777,0.56857211296213
35.12,6.53,5.775,Good,83.30877579393268,1.9450824285520407,45.74816532947939
5.5,6.88,2.16,Good,87.84915411956307,4.761565395637732,0.5438693706309772
24.0,5.12,4.585,Spoiled,1.4758280152662002,0.0,99.4995662794001
25.38,6.66,5.263,Acceptable,69.27631205302463,2.0982711165294727,30.171287830407437
20.19,6.61,4.062,Poor,58.14571458391446,2.265534563135439,33.1118326581785
12.19,6.61,3.199,Poor,49.8212198494737,2.1125770032950744,36.50847530509916
36.56,6.59,5.769,Good,86.69149934228585,1.9686772983237326,45.68085022859271
11.81,6.78,3.302,Acceptable,73.06726736717806,3.564617237687252,2.895063143394515
24.25,6.65,4.634,Acceptable,60.86312592727741,2.0304086449550534,44.1740001387565
34.62,6.67,5.49,Good,83.99339943279908,1.985560115483639,42.71612300548261
17.19,6.74,3.843,Acceptable,67.62046904712945,2.698942018519328,13.31708727953537
31.94,6.63,5.655,Good,80.6971031664773,2.0336843526311412,37.573765057198024
16.12,6.69,3.717,Poor,62.25314754752216,2.6708565644095836,12.391126899037513
4.31,6.87,1.753,Good,89.8569806033663,4.790967071086019,0.5469135752624609
5.56,6.82,2.838,Good,87.53257588346204,4.720255313640416,0.553653361184529
20.94,4.92,4.737,Spoiled,0.9080588749005035,0.0,99.4995662794001
5.38,6.66,2.115,Good,69.72523974092631,3.4918349585064226,19.34240230486035
33.19,6.6,5.082,Good,80.67542042598123,1.9893388606895783,41.35626453328077
22.69,6.74,4.296,Acceptable,67.28621499182734,2.2744010710379654,24.3928817761218
7.94,6.92,2.758,Good,86.08478562895769,4.3537446818659715,0.5662901969770201
36.0,6.04,6.027,Spoiled,7.442283420029661,0.0,99.49092155142543
34.75,6.75,4.722,Good,88.58273321610629,2.0796358619244213,29.711125993783398
8.25,7.0,3.291,Good,86.27490987530167,4.321221985599021,0.614735403679324
22.56,5.07,5.197,Spoiled,0.8172979306868352,0.0,99.4995662794001
4.62,6.87,2.341,Good,90.88622792002735,4.791986992028803,0.5438693706309772
16.12,6.78,3.807,Acceptable,67.80221281833275,2.8122450823833014,6.766156012125228
10.62,6.59,3.042,Poor,33.13968827825372,1.8182357570087109,50.12872061889503
16.31,6.7,3.744,Acceptable,62.25314754752216,2.6983432701021606,12.155127583537716
24.88,6.26,5.012,Spoiled,19.828051621466777,0.09831743025986457,99.42509337758796
9.75,6.9,3.261,Good,80.93117468422291,3.9569529269326598,1.2242245644718777
19.31,5.07,4.218,Spoiled,1.3201122170096737,0.0,99.49752466407543
6.31,6.9,2.811,Good,88.15126068705742,4.731481664233424,0.5480933645293761
8.38,6.93,2.894,Good,87.82936235343688,4.350157785475797,0.6693455502303207
5.62,6.91,2.77,Good,87.51288633105462,4.7275456211260805,0.5480933645293761
34.81,5.88,5.289,Spoiled,1.160114334280488,0.0020746436992070713,99.49104348005865
18.81,6.75,4.31,Acceptable,67.71109425888115,2.7655215099106467,8.25863860440004
19.19,6.75,4.174,Acceptable,67.18095986540186,2.535475242168145,10.751209587110306
8.38,6.94,2.574,Good,86.8122826407755,4.331995210859595,0.6592168792082121
5.5,6.82,2.267,Good,88.33113423570106,4.760972343719263,0.5478839127406756
29.25,6.62,4.648,Acceptable,70.79329139777367,2.057427473597564,35.305831119524484
5.94,6.76,3.289,Good,87.406934994353,4.674742211827891,1.077037174838044
5.31,6.81,2.275,Good,87.89169284330096,4.774401920432449,0.6962598923648977
8.44,6.48,2.956,Poor,32.90575075690644,0.7620603970705817,75.5745829706847
17.06,5.87,4.828,Spoiled,0.9096818909004548,0.0,99.4978663206987
12.5,6.71,3.418,Poor,59.44607943763558,2.9475055222848496,14.777329947199991
27.56,5.61,5.563,Spoiled,0.8252188866560083,0.0,99.4995662794001
10.88,6.89,3.259,Good,79.71871587921474,3.792028717599388,1.2850923246469148
29.06,6.64,5.381,Acceptable,71.12780062280781,2.0485019144075456,38.46505281493357
22.69,6.78,4.69,Acceptable,67.71177806415284,2.34632780066669,17.801373427708405
19.5,4.69,4.876,Spoiled,1.1693642614837354,0.0,99.4995662794001
24.44,6.8,5.767,Acceptable,70.72642610691364,2.29953825634402,20.2395428494717
5.44,6.83,2.162,Good,88.43412612578665,4.7754156702357315,0.5457937066685242
7.25,6.78,2.287,Good,84.22192584706566,4.42168420377528,2.125364244900145
13.62,6.67,3.27,Poor,59.49701390940312,2.7135332716227647,25.13025198736975
10.94,6.76,2.791,Acceptable,70.5842166283533,3.4324219576774615,7.975586041038415
5.12,6.8,2.123,Good,87.37923018444475,4.777355490361296,0.8086420137091965
19.25,6.65,4.397,Poor,59.96230588082438,2.42163467180117,13.771635590726333
13.69,6.8,3.235,Acceptable,74.12642620512891,3.2876556671425567,2.8692319984721855
7.0,6.77,2.472,Good,84.6529560415831,4.519494978807949,1.5769500521271274
7.0,6.82,2.589,Good,89.50379307009668,4.677094564208573,0.5478839127406756
10.38,6.71,2.969,Poor,56.02567442370313,3.1889359139779243,12.350155805099844
33.31,5.44,6.107,Spoiled,0.7140343113731925,0.0,99.4995662794001
15.88,5.91,3.955,Spoiled,0.528165033788851,0.0,99.49348660709927
6.56,6.86,2.741,Good,87.43004173719112,4.609152244541137,0.5480933645293761
34.88,6.65,6.098,Good,85.35774753813618,1.997655121424484,40.348417567396744
5.44,6.9,2.064,Good,87.46259305668356,4.775230586309195,0.5469135752624609
36.25,6.67,6.561,Good,86.53925906763958,1.9931155570405255,42.90435618265887
10.75,6.89,2.925,Good,79.62479900745907,3.8595738144449085,1.5372748270777385
17.06,6.06,3.392,Spoiled,1.548800014120073,0.0,99.21774440021835
25.25,6.65,5.042,Acceptable,64.98878855723613,2.0501817054827574,40.618812469933715
5.0,6.89,2.475,Good,87.95716377654075,4.728359536502968,0.5440937357067342
32.88,6.68,5.889,Good,83.13439367738154,2.0442062532623417,39.75743347124243
27.06,5.15,6.12,Spoiled,1.227402073810007,0.0,99.4995662794001
33.62,6.57,5.889,Good,79.31278562643841,1.9424304524847371,49.61740018448057
11.62,6.51,4.279,Poor,24.357865943939697,0.6998724247740981,77.2713083552362
7.94,6.78,2.376,Good,83.11961530612108,4.264309274113103,1.4951643817154117
4.75,6.78,2.471,Good,90.19379330199634,4.753251130962628,1.4620146156178109
32.31,6.68,5.36,Good,84.2842473941034,2.092372631626056,36.51012119697457
6.44,6.71,2.701,Good,81.85086728130766,4.586949673806798,4.619695006070864
23.88,6.79,4.605,Acceptable,69.70163541018172,2.3292696794238266,20.737954287362744
16.19,6.9,4.35,Acceptable,69.78100931837764,2.885470683900397,5.283978996382872
15.0,6.84,3.751,Acceptable,69.27937920881769,2.9752248485598773,4.601071410507689
13.0,6.81,3.513,Acceptable,76.08017958612378,3.4187521988109717,2.908024447007959
30.06,6.2,5.718,Spoiled,17.737693189327867,0.10064923421845545,99.48602792766009
18.06,6.68,3.819,Acceptable,61.81248026576198,2.4855675479282824,19.478985859483718
32.81,5.1,6.318,Spoiled,0.7228343020361666,0.0,99.4995662794001
12.25,6.73,3.571,Poor,62.120479699620525,3.010207564931094,10.425907019212856
4.06,6.87,2.272,Good,91.88550853590607,4.794580298099183,0.5438693706309772
29.81,6.16,5.596,Spoiled,17.865838839804844,0.0,99.48464662649181
10.06,6.48,2.915,Spoiled,22.53453515407125,0.4004753201660043,79.9794464327616
5.81,6.89,2.441,Good,88.38500822039806,4.747144365578409,0.5438693706309772
27.38,6.73,5.728,Acceptable,77.36757162741027,2.306514558831755,16.763608283651905
18.19,6.66,4.416,Poor,60.03091342276179,2.422574181154444,18.07666354664544
15.5,6.67,3.606,Poor,62.01639789953656,2.855592103782829,13.027961014625545
13.75,6.74,3.647,Acceptable,70.6800534706816,3.224833496216831,4.558306298519768
25.56,5.48,5.747,Spoiled,0.5712479764706063,0.0,99.4995662794001
23.5,6.51,4.803,Poor,43.064906113028066,1.513565183086619,71.42834830352123
7.12,6.77,2.586,Good,85.74972041213158,4.5482153830625105,1.1637297971795897
23.75,6.73,5.269,Acceptable,66.77645647296286,2.380907298091797,13.200732642696797
21.88,5.02,4.775,Spoiled,1.0823266308386004,0.0,99.4995662794001
9.69,6.86,3.824,Good,80.8978779596352,3.984377423482863,1.6820818403816187
5.69,6.91,2.656,Good,87.83409198879504,4.730206566218822,0.5451962561871956
28.12,5.52,6.202,Spoiled,1.1938877201399316,0.0,99.4995662794001
33.06,4.76,6.388,Spoiled,0.6924527403212043,0.0,99.4995662794001
6.56,6.83,2.791,Good,87.3832121059676,4.61785528731902,0.5515631551123777
14.44,6.84,3.787,Acceptable,73.75727731175998,3.2762820572932037,3.5138060633473645
12.06,6.76,2.953,Acceptable,71.26361324287915,3.2635772953411935,6.399237181375078
12.56,6.88,3.563,Acceptable,76.65986741125135,3.367562412424991,2.7209462146276855
13.44,6.96,3.503,Acceptable,78.09468247197609,3.3600007547562885,3.1811596307315533
33.31,6.7,5.564,Good,82.58476875374333,1.9451790914901408,46.12002897467548
11.25,6.84,3.338,Good,78.83329340322851,3.7214374712557476,1.5563803612261249
35.38,6.72,5.398,Good,86.05556222973479,1.9938992934727362,43.19983601145807
8.69,6.86,2.716,Good,85.27918303221429,4.2829496639597595,0.685104899239327
11.88,6.81,3.081,Good,76.18627691269336,3.546225242799113,2.8923061456907337
35.75,6.64,5.552,Good,83.73400252413443,1.9926460788560856,47.131670042641865
17.56,6.83,3.739,Acceptable,69.06968910859382,2.650305268111601,9.480849465482477
27.94,6.64,4.885,Acceptable,70.42147142427221,2.0384771982083714,40.004307809249205
34.62,6.68,6.283,Good,83.56518231251617,1.9951318944435454,44.78789314181151
26.12,6.68,4.736,Acceptable,69.65916435449334,2.1099175963937054,33.701140922272316
30.56,6.72,5.697,Good,78.75231124071657,2.0979390549689527,34.460808312676335
8.5,6.83,3.056,Good,85.9701524652335,4.287615159782154,0.665284448685507
13.88,6.88,3.993,Acceptable,72.65547275987025,3.2681657722331434,4.411711849443686
36.38,6.62,5.783,Good,86.76670849826925,1.9961656282186098,43.62222136973796
22.31,6.71,4.543,Acceptable,62.03635232399827,2.2637338858346188,27.323301122010403
32.25,6.58,5.821,Good,74.3421247387168,1.9083567184888701,50.476493379656944
11.94,6.78,3.501,Acceptable,72.20597115381631,3.3715791034405727,4.429377599123482
22.62,6.71,4.572,Acceptable,61.92902437228165,2.195647255049931,32.957050551594364
14.5,6.66,3.742,Poor,60.5848147718631,2.6402545437035196,19.83935212593325
17.44,6.8,3.593,Acceptable,70.8504021491538,2.8347816153821563,4.491137076373815
36.5,6.66,5.547,Good,85.93259221666649,1.9888138596332672,48.33964977700167
12.12,6.65,3.068,Poor,56.63246484833234,2.9819713570946274,15.544755034532377
16.81,6.74,3.721,Acceptable,68.03205376794685,2.930491028710452,5.01259015474943
13.94,5.61,3.57,Spoiled,1.1497909140973284,0.0,99.47342709564374
8.56,6.65,2.749,Poor,44.66037733311127,3.260844327280685,15.857874573117094
12.69,6.73,3.275,Poor,61.66796756643981,3.0819653042506596,9.86919055915549
18.06,6.68,3.869,Acceptable,61.878102200767344,2.578509633395964,15.67957712766489
18.94,6.64,3.492,Poor,59.22575465154805,2.2161931081469137,32.984686294277196
25.56,6.65,4.469,Acceptable,69.04672035396678,2.0927252788707955,33.11526867214008
35.81,6.67,5.588,Good,83.92728695033863,1.939094934092592,49.744780861161445
35.25,6.42,6.401,Poor,70.75644582809441,1.4371113122859138,58.58758712869783
36.31,6.56,7.706,Good,80.89789570070587,1.7451840660925324,60.375817696871856
34.94,6.59,6.027,Good,83.82869057821485,1.958912560129258,46.12515252268513
35.25,6.49,6.283,Good,78.71602352588408,1.8597909528099512,53.5192201467659
17.12,6.83,4.249,Acceptable,69.74944099636153,2.9227578659412274,4.921643150809171
30.31,6.56,6.006,Poor,66.75393234846442,1.844996308445752,53.692456795995405
14.5,5.94,3.621,Spoiled,1.9655811343402863,0.0,99.45657585125427
10.06,6.84,2.894,Good,79.29479857581568,3.901182373949789,1.498423543754523
29.56,6.64,5.764,Acceptable,78.4788856984002,2.059369786104964,33.08042692406832
34.25,4.93,7.312,Spoiled,0.5436679518726281,0.0,99.4995662794001
20.25,5.16,4.432,Spoiled,0.9505774109877705,0.0,99.49938469025281
5.88,6.9,2.048,Good,86.90504766731037,4.758088435857026,0.5469135752624609
16.81,6.61,3.855,Poor,57.74160527986857,2.4298134406752516,19.758677622826347
17.06,6.79,3.955,Acceptable,68.27494308485333,2.8786547015747357,6.729684307058889
32.19,6.65,5.365,Good,81.99788017591595,2.0264563424835083,41.693455453328816
31.0,6.61,5.675,Good,77.61245271667013,2.007883457236734,38.37569906509697
34.69,5.83,5.645,Spoiled,0.97207072675582,0.0005717846363570866,99.49488334478573
29.56,6.67,5.382,Acceptable,77.93098048547007,2.0739313098135934,34.645120091914
29.62,6.7,5.856,Acceptable,77.70172375114602,2.074152956722702,34.91620106553992
35.19,6.59,5.868,Good,83.10008301281205,1.9552986048111272,48.569474528237414
11.56,6.61,2.907,Poor,50.96165002119321,2.631411574472042,34.5632649668502
35.69,5.39,6.006,Spoiled,0.5877706115619168,0.0,99.4995662794001
16.88,6.77,3.997,Acceptable,68.0139312043623,2.8861695048778224,6.725499373331322
26.44,4.97,6.879,Spoiled,0.7679623998897928,0.0,99.4995662794001
19.06,6.75,3.925,Acceptable,66.86569656431622,2.4688024161277835,16.45671967203143
32.0,6.79,5.673,Good,86.14459815011548,2.1692563490470516,22.742752007052644
13.5,6.8,3.397,Acceptable,74.23717714545943,3.2591015821350724,3.1394824864897557
9.31,6.89,3.036,Good,82.69434408160333,4.065874510932082,1.7740383426025288
6.25,6.86,2.561,Good,88.5035682661901,4.740435864527913,0.5440937357067342
7.69,6.8,2.725,Good,83.05820593788823,4.353449220625888,0.8184087117141698
11.75,6.74,2.918,Poor,70.81080455551927,3.4193487609874915,6.380234684119356
10.69,6.97,2.994,Good,80.73994149280819,3.8291323579979326,1.3102172404549872
4.44,6.81,2.499,Good,91.03881643593704,4.7840094032540215,0.6059398434998104
10.12,6.7,3.21,Poor,54.95438532817559,3.272274802423108,14.40222542316008
34.5,6.46,5.226,Good,74.59727738339785,1.78154599890363,58.42935631139021
8.62,7.02,2.776,Good,88.01555620575144,4.328076483162292,0.6395821839797609
39.12,6.49,6.229,Good,66.99920984950278,1.4930706187913456,73.8175726569112
31.88,6.72,5.432,Good,85.15737745952693,2.118481194206598,31.282765302150143
10.44,6.77,3.182,Good,73.533406518965,3.7163328695772613,2.4910284818467665
18.69,6.39,4.225,Poor,23.375028099964208,0.5315087542185035,95.72595257917047
11.62,6.8,3.264,Good,75.68147432039652,3.5606474086057127,2.6768298095280665
6.81,6.77,2.242,Good,83.40375467255973,4.5708591307251,2.105998801419491
13.75,6.76,3.27,Acceptable,72.11828483075173,3.2775566660546995,3.4975708122485663
26.94,4.98,5.154,Spoiled,0.6340897671071648,0.0,99.4995662794001
12.69,6.72,3.489,Poor,60.536319699074845,3.104395983222558,10.322563874518318
35.62,4.9,6.559,Spoiled,0.6228613746918389,0.0,99.4995662794001
14.69,6.5,3.61,Poor,26.911708740593202,0.688495404775568,80.32537757488566
6.06,6.88,2.486,Good,88.2240852635146,4.742809005170397,0.5438693706309772
14.81,6.69,3.428,Poor,62.41840809790651,2.9465639168555042,9.724004906546574
22.56,5.27,6.521,Spoiled,0.5960470309070187,0.0,99.4995662794001
33.44,6.5,6.059,Poor,74.18553296977652,1.8016155238083549,51.942648178291215
21.0,4.96,4.616,Spoiled,0.9307482358616617,0.0,99.4995662794001
22.12,5.34,5.135,Spoiled,0.9705001074373539,0.0,99.4995662794001
9.5,6.89,3.042,Good,82.90219380327326,4.064800181655427,0.9648778688131059
6.81,6.81,2.809,Good,88.28030002153146,4.669903245580585,0.5944940556117888
27.5,6.56,5.116,Poor,57.99689756421453,1.8198115192483426,62.11167951811681
34.12,6.62,5.259,Good,82.44986117544282,2.0027903629929145,43.26137831514251
26.31,6.73,4.341,Acceptable,74.90214762415877,2.2829353459783195,19.675777416946666
8.69,6.95,3.169,Good,86.54698226945536,4.2965959276343435,0.630266523715724
15.5,6.71,3.712,Poor,62.75669109690652,2.8706726413954096,9.390476574373123
36.0,6.47,6.378,Poor,81.01817710454881,1.8461311346712002,49.72961618551957
32.75,6.27,5.265,Poor,27.881915231924918,0.16502695669763648,99.44970904076122
22.38,6.77,4.278,Acceptable,67.78614387679758,2.352997388869557,19.8074233428066
13.19,6.84,3.155,Acceptable,77.43201269348492,3.4064322043043154,2.0427380197766576
15.0,5.93,4.315,Spoiled,0.9440240920691405,0.0,99.4945711786097
17.0,6.73,4.047,Acceptable,63.7326048799617,2.833943718943923,9.027788096395472
12.0,6.78,3.154,Acceptable,72.35857405166306,3.4477187810908023,3.2952956193290412
39.44,5.1,5.974,Spoiled,1.3378186314354812,0.0017094385293846247,99.49794498713553
36.94,5.02,6.094,Spoiled,1.152441164701357,0.0,99.4995662794001
16.81,6.76,3.793,Acceptable,67.88076973518142,2.817604417185288,6.62566566992929
12.25,5.94,4.111,Spoiled,1.0372631918874038,0.0,99.45697501182036
30.88,6.73,5.17,Good,77.75068273175964,2.0867690128437126,35.52792881523658
13.88,6.02,3.554,Spoiled,2.104598575700626,0.0,99.23241834386377
14.81,6.76,3.757,Acceptable,68.91996084683814,3.0596279945996407,5.988926486007037
11.5,6.68,4.072,Poor,54.072185954143684,2.5799417553066193,28.287116941294713
32.56,5.06,5.941,Spoiled,0.6542141183616008,0.0,99.4995662794001
10.69,6.88,4.112,Poor,74.16855921794985,3.6349617151144202,3.5081379416576803
29.38,6.7,5.518,Acceptable,70.841807840928,1.9871124812813237,40.13955935223017
12.19,6.91,4.248,Acceptable,73.06626172273073,3.3483419713707883,4.953369070773606
5.5,6.71,2.393,Good,77.92107061876085,4.511177112258274,3.4143200919765944
6.12,6.97,2.263,Good,87.6572522098944,4.755089872670581,0.5443361073406295
12.88,6.83,3.303,Acceptable,76.92708678468603,3.4470133279708386,2.8033651068944203
36.06,6.71,5.86,Good,86.68498348959773,2.012661092264609,43.47839087245165
32.25,5.55,6.338,Spoiled,0.7385865479268806,0.0,99.4995662794001
4.94,6.95,1.957,Good,84.66633105145644,4.7662312354479965,0.5473803119721132
15.25,6.79,3.777,Acceptable,68.01716523633809,2.8886480702997703,7.049442592678512
20.94,5.27,4.525,Spoiled,0.7981554264644972,0.0,99.4995662794001
9.19,6.76,3.293,Good,80.06202748748346,4.05806218665125,1.5678270478818215
8.31,6.95,2.537,Good,86.30098528188516,4.325741133987034,0.639621515248739
26.75,6.7,4.729,Acceptable,72.43784473990182,2.1281316426434045,31.98221263789415
37.31,6.71,5.581,Good,86.4966056187996,1.9641542977444106,50.000967841559046
28.56,6.55,5.362,Poor,65.1281246697076,1.8671349223184932,43.12664837393583
16.62,6.6,3.743,Poor,56.32819868010973,2.3555229066763492,22.636570352044565
28.56,6.77,5.058,Acceptable,77.27541862260433,2.2384128830071415,20.375234638431632
22.75,6.6,6.092,Poor,54.8925929406942,1.572722500042497,67.92367555568268
16.12,6.71,3.706,Acceptable,62.539195966141904,2.7231093247793376,12.036092449088967
12.69,6.71,3.49,Poor,60.206989946086715,3.0442386322414468,12.438885595873945
23.25,5.27,5.057,Spoiled,0.8570494950139824,0.0,99.4995662794001
14.12,6.52,3.737,Poor,29.292751322053167,1.0424833389939097,75.048538720303
12.94,6.96,4.122,Acceptable,72.65073630240927,3.3574782986256406,4.578091157701614
5.44,6.91,2.472,Good,88.58194928368457,4.770399787058536,0.5438693706309772
11.5,6.86,3.322,Good,79.46433849212494,3.714904584602821,1.5804115479347518
23.31,5.16,5.162,Spoiled,1.0070029272955483,0.0,99.4995662794001
34.56,6.64,5.379,Good,82.705458205662,1.996348013542707,46.52448072752254
12.06,6.83,3.021,Good,77.08162769147062,3.553295758085329,2.500717084632564
7.31,6.84,2.434,Good,88.37217600049118,4.571297058948689,0.5447661125484801
10.75,6.79,3.052,Good,75.65038410309266,3.727318228385741,2.513987024424781
21.12,5.21,4.706,Spoiled,0.9122231583995234,0.0,99.4995662794001
16.56,6.8,4.17,Acceptable,68.77744604159038,2.922555027681296,5.737701068738091
34.56,6.61,5.482,Good,81.78345077155228,1.9864019673428126,44.76187924561233
33.88,6.68,5.054,Good,86.68165793581284,2.0353042552017837,35.68874830839228
6.69,6.96,2.996,Good,87.94425389798641,4.664034024572433,0.553296441839153
12.06,6.84,3.701,Acceptable,74.69124409237683,3.211396050075922,5.4091547245105
25.56,6.47,5.047,Poor,36.03842106927901,0.9185511722105875,93.29350098286704
7.69,6.89,2.48,Good,87.60610323575742,4.520986034048681,0.5568090355859273
10.12,7.0,3.171,Good,81.51080775486628,3.8928748017731993,1.5381533667967988
23.0,6.78,4.565,Acceptable,67.71146862703479,2.323093231842103,21.161066014499276
11.12,6.69,3.337,Poor,54.08201008091711,2.749582039730518,25.303576244009605
20.81,6.76,4.336,Acceptable,67.90199920838226,2.592375224337181,11.51003452028842
8.31,6.73,2.592,Good,78.40516252523811,4.012492825882533,6.640613603186715
33.12,6.59,5.077,Good,80.55791009835393,1.977768900586119,41.820912955279674
32.69,6.63,6.233,Good,78.54418618068811,1.9931892403508524,46.43506262074725
37.19,6.62,5.909,Good,87.3253303986847,1.98828310278506,43.45684360153889
17.69,6.75,3.699,Acceptable,67.5874122749735,2.660126362429913,10.882418234813812
32.75,6.57,6.265,Good,77.2196602865091,1.9364568182768531,45.32065171895393
22.88,6.62,4.431,Poor,58.28048075208604,2.0166925621752796,49.070233682374926
23.38,6.72,5.289,Acceptable,64.55567216950466,2.3188764878728434,21.604511533287504
32.81,6.54,5.966,Good,75.4107866853006,1.9316828461963746,45.2087075972999
32.56,6.69,5.222,Good,85.11853364592768,2.0817390619513167,34.920294911470755
16.5,6.73,4.098,Acceptable,63.77738488478255,2.874644371552875,8.869185875185012
4.5,6.97,2.574,Good,88.8235189728524,4.7893082666190665,0.5459156244757952
31.94,6.65,4.899,Good,84.90119651339707,2.041092707819617,33.8177211194982
31.12,6.69,5.838,Good,79.57404433103869,2.0831739987752083,35.682073023354334
23.5,6.52,4.817,Poor,43.381672485508034,1.5130989560583354,76.9789853569512
30.12,6.62,5.2,Acceptable,73.83992746201633,2.024371881631258,41.49589935812453
31.94,6.7,5.148,Good,85.06554483516261,2.0844496406995097,34.419690770435565
20.0,5.41,5.228,Spoiled,0.666412883972489,0.0,99.4995662794001
2.56,6.99,1.912,Good,89.29737793927895,4.7873928388309315,0.5503918383621605
9.0,6.72,2.669,Poor,57.897004640633384,3.3210770777491776,10.887413708992232
10.94,6.77,3.087,Acceptable,73.37208379256812,3.5966005420627862,3.752730998723321
36.69,6.56,5.865,Good,86.43798273094443,1.9424861507323503,46.974093108903965
13.06,6.46,3.243,Spoiled,22.035952955441314,0.18151439340518313,86.57205153504356
14.38,6.2,4.02,Spoiled,6.223434601493272,0.015388306353838766,99.05049367103683
25.94,6.55,4.869,Poor,48.00900597632881,1.5869829869842382,78.40812659743507
33.44,6.59,4.858,Good,81.04021561134444,1.9713191924910707,42.47086450938638
12.5,6.13,2.948,Spoiled,2.2697806225216124,0.0,99.17086047600687
16.31,6.62,3.735,Poor,58.901590134846735,2.5896292526207967,16.414226314560437
4.31,6.85,2.16,Good,91.61475107536192,4.7946533948638494,0.5515686746602814
34.31,6.65,4.897,Good,86.63525290062546,2.0241239741686847,35.367300483710146
17.0,6.8,3.757,Acceptable,69.47871775501503,2.9274536813102463,4.840286963676691
10.0,6.77,3.159,Good,73.49218428637636,3.7986222057989165,2.63266168891827
9.88,5.89,3.018,Spoiled,1.149483372117331,0.00043259163949040824,99.31544494138589
3.94,6.85,1.955,Good,92.11310928343511,4.794591927009104,0.554612879291765
21.12,6.68,4.314,Acceptable,61.702358855743114,2.3732846130987646,20.39179655357516
33.56,6.44,7.024,Poor,54.432871460737424,1.273076412887464,83.69872694869984
25.56,5.29,5.259,Spoiled,0.5183538646056177,0.0,99.4995662794001
34.56,6.7,6.943,Good,83.89688261542636,2.004677560875141,43.99305022443592
11.56,6.81,3.029,Good,76.20182008989029,3.606207500441964,2.9799901330916336
8.69,6.93,3.291,Good,86.84146404002463,4.295926754692151,0.6321375384884725
35.81,6.62,5.783,Good,83.98560022079975,1.9940871521341772,44.16503762933206
29.06,6.4,5.179,Poor,33.91077928779683,0.7803655372381997,96.21351225180891
23.31,4.85,5.05,Spoiled,0.9827018554398876,0.0,99.4995662794001
12.06,6.86,4.427,Poor,73.56228837172736,3.4230465935920305,5.461786551420304
26.38,6.66,5.161,Acceptable,70.92134700313325,2.0777906361290666,32.49273093305731
9.12,6.81,3.854,Poor,79.19403573200688,4.068491269684936,1.9978271021797223
22.31,6.72,4.133,Acceptable,62.14133322841931,2.2702859521198278,22.352605180460436
15.81,6.87,3.781,Acceptable,70.24182901783603,2.945526169059269,4.725897771355442
16.25,6.75,3.881,Acceptable,67.82517157620288,2.7557143708723997,11.592894742998164
26.44,4.76,5.405,Spoiled,0.5509634371248324,0.0,99.4995662794001
31.19,6.61,5.167,Good,78.99528107837854,2.0103025424253556,40.1177367321725
15.19,5.52,4.338,Spoiled,1.0979408678715359,0.0,99.49734390431995
13.62,6.32,2.965,Spoiled,13.934426910230297,0.08616157742416801,97.10615354828751
9.12,6.9,2.704,Good,86.18225439520134,4.217344836174,0.9152821510049458
24.25,6.65,4.866,Acceptable,60.626499632700806,2.0216166608428776,41.530252239259696
26.62,5.18,5.801,Spoiled,0.6873474816780488,0.0,99.4995662794001
33.69,6.55,5.645,Good,79.59207439326303,1.939407231922218,51.1822956355604
18.56,6.63,3.77,Poor,59.61892822060179,2.4128441246933923,25.76300027780144
6.12,6.83,2.726,Good,87.3667620318683,4.721945271397134,0.5515631551123777
9.31,6.8,3.021,Good,79.41224351979835,4.000662542850862,1.8920481961271967
22.0,6.77,4.422,Acceptable,67.69771160240246,2.367087118028516,19.342968025766986
38.56,5.32,6.811,Spoiled,0.6414944061709132,0.0,99.4995662794001
32.69,6.45,5.982,Poor,55.20821820963417,1.4472137505109,78.54547184632588
31.19,6.64,5.536,Good,81.04291069510205,2.037377157307131,35.83367388224974
15.88,6.84,3.373,Acceptable,73.28579758837633,2.980943565573149,3.6177673632876095
17.88,6.79,4.115,Acceptable,67.80208584195357,2.6893077657940583,6.990668023816896
36.88,6.45,5.511,Good,72.38630919864097,1.694966664108392,66.78825345681224
25.69,6.77,5.041,Acceptable,75.68656706888233,2.3474786568471195,15.538437507168451
32.88,6.77,4.897,Good,88.4076672326139,2.1089782661449736,28.000274778845736
14.62,6.92,4.502,Acceptable,72.33429810118683,3.1111279688581805,6.636831856613624
14.5,6.63,3.306,Poor,60.04671408992112,2.739530204029913,18.398416145765704
17.12,6.74,3.571,Acceptable,68.92839192731797,2.902091568961068,5.862920957795041
22.06,4.99,5.236,Spoiled,0.8110553995530152,0.0,99.4995662794001
9.5,6.86,3.222,Good,82.08275173407974,4.015250328724278,1.053507748996878
8.19,6.79,2.766,Good,82.10945092239119,4.231031985856886,0.8338623297328336
23.12,6.71,5.451,Acceptable,61.361935267295785,2.2376365190635434,29.948775782107816
14.75,5.93,3.747,Spoiled,1.261341223504005,0.0,99.48762755408211
29.44,6.36,5.274,Poor,33.91555787700518,0.8533472195359799,99.19687370533386
38.31,6.43,5.897,Poor,66.18378552048819,1.5017190520379644,69.16958188567608
13.44,6.58,3.426,Poor,30.268944107960493,0.982004874625334,72.37986406019934
30.81,6.65,5.16,Good,76.93112536593873,2.044636516792969,37.4102199068357
38.25,6.59,6.357,Good,82.07593083882922,1.893392862598081,58.85813509121485
31.38,6.6,5.31,Good,78.42057891735497,1.9880998678754565,42.06348016418001
13.19,6.8,3.361,Acceptable,75.13051327486357,3.373426362269733,3.199683588813363
23.88,6.68,5.325,Acceptable,64.4084251132367,2.14257225719985,34.216242005536735
17.75,5.81,5.891,Spoiled,0.4719153909684989,0.0,99.4995662794001
6.75,6.78,2.697,Good,81.74533828013665,4.62831303820883,1.1978100749899228
14.19,6.85,4.038,Acceptable,71.10063482935324,3.169773357778673,5.189982060776455
3.0,6.72,2.273,Good,85.4101214955291,4.616202123611611,3.8927906341460248
9.0,6.9,3.719,Good,80.58832559472759,4.064907178149494,1.2387489362684843
5.69,6.89,2.98,Good,87.65138708660238,4.7303879843221415,0.5523978734171741
7.5,6.89,3.527,Good,87.74876856315171,4.566490712197373,0.6614089852360043
25.5,4.76,7.545,Spoiled,0.8728976444655739,0.0,99.4995662794001
22.12,6.64,4.779,Poor,59.07927419619489,2.046873429682575,43.100136961555464
36.62,6.68,5.838,Good,87.27289978012197,1.993171538662837,45.14380261613045
12.0,6.94,2.71,Good,75.27336103437669,3.471911555302623,6.2900823617845
28.69,6.65,6.038,Acceptable,72.99431782289236,2.0399473777518153,34.65625843183245
15.19,6.86,3.411,Acceptable,72.45468405014813,3.0198004080326566,3.4966577947285344
34.44,6.58,5.654,Good,80.74121535162084,1.9445989847684644,47.43745999153379
2.56,6.94,2.279,Good,91.29753867198538,4.7873819394254244,0.5467572911424619
15.88,6.75,3.926,Acceptable,67.78351794975862,2.802842871967707,10.576624188132017
25.88,6.69,5.318,Acceptable,70.48635126656683,2.1414554794402303,29.7165146855487
33.0,6.56,5.185,Good,80.16532032667595,1.9434732197834685,44.17671517160551
12.88,6.67,3.677,Poor,59.98146676592679,2.9134902280344837,14.719492189883518
36.31,6.62,6.14,Good,87.38901346945495,1.9880816833387223,42.90304114857418
10.38,6.8,2.939,Good,74.3159120065548,3.5141111236344074,3.2131054460811317
17.0,5.43,4.811,Spoiled,1.448398496646862,0.0,99.4995662794001
5.75,6.88,2.579,Good,87.68704624821909,4.717854282964625,0.5440937357067342
11.5,6.85,3.489,Good,79.54285219069006,3.7392964850155392,1.9039746487706808
9.19,6.9,2.76,Good,84.29337467609662,4.1664118123202,0.9080157720322112
11.06,6.89,3.06,Good,78.9035156773396,3.702113529753476,1.5032263785057638
21.44,6.69,4.645,Acceptable,61.541768770407785,2.1696977533374,33.44701641412344
3.5,6.9,1.952,Good,92.4074448091227,4.794591927009104,0.5438693706309772
6.62,6.84,2.745,Good,87.20320131059184,4.6240332896831,0.5489901064468791
14.5,5.95,4.336,Spoiled,0.8510523569782551,0.0,99.4850151596294
8.38,6.89,2.391,Good,87.30438075461241,4.336596752964689,0.668918229867724
28.44,6.75,5.101,Acceptable,77.13077019181303,2.2413165744900665,22.508020363449056
8.88,6.76,2.785,Good,79.63506740297373,3.9994462811685456,1.5556529326754625
29.12,4.96,5.957,Spoiled,0.7459179635664159,0.0,99.4995662794001
18.31,6.74,4.336,Acceptable,67.69595675029204,2.7545541080168503,8.400429412381046
12.25,6.82,3.226,Acceptable,76.3113186154611,3.507730864680448,2.8925281051465452
16.5,6.63,4.197,Poor,59.166950855096175,2.2644967511295016,33.11003630733314
9.44,6.83,2.763,Good,81.05144058323457,4.009020280919574,1.3276154812108925
22.38,6.38,4.606,Poor,28.051670048464636,0.6698003877578981,96.60166293133207
13.0,5.78,3.872,Spoiled,0.8791353223421654,0.0,99.47551960255684
19.06,6.93,4.013,Acceptable,68.01202725916004,2.609558846833106,9.19627896201434
20.25,6.65,4.916,Poor,59.050417637742434,2.2310921167397457,30.30607518860403
6.44,6.87,2.403,Good,87.93723434721092,4.721751882725817,0.5438693706309772
15.25,6.48,3.341,Poor,26.143072278346242,0.3918378959962626,85.43241975440493
25.06,6.75,4.559,Acceptable,68.69769365063854,2.1849987737984664,32.76181381706664
11.75,6.09,3.429,Spoiled,1.9789363851280461,0.0,99.2665383989466
9.19,6.84,2.959,Good,82.9039365207292,4.1286215741685295,0.8946709418143058
14.0,6.76,3.609,Acceptable,71.10541675534814,3.2441741843475183,4.884119902090346
9.69,6.87,3.195,Good,82.13859020120255,4.04836239225674,1.001629155840782
14.56,5.87,3.651,Spoiled,0.9670431750047142,0.0,99.4819795331302
31.12,6.79,5.379,Good,83.26649867325753,2.1467360883681725,25.287283240632394
6.31,6.95,2.565,Good,88.22523477170976,4.746009954071537,0.5445887389195768
9.62,6.87,2.995,Good,82.43359935257803,4.0438144627978225,1.0163287922394504
21.44,5.43,4.718,Spoiled,1.0818643536821295,0.0,99.4995662794001
20.62,4.99,5.047,Spoiled,1.361301422564269,0.0,99.4995662794001
9.12,6.77,2.846,Good,78.341834801954,4.039184301965933,1.5574137964608055
36.5,6.59,6.066,Good,86.8754933725423,1.9562930844823065,48.05234548167524
7.19,6.98,2.491,Good,86.92235126743421,4.538845818228836,0.556903564857887
13.25,6.62,3.366,Poor,54.02940946859425,2.522555561758032,25.12290401454677
20.62,6.76,5.451,Acceptable,68.3225942555931,2.4821221827166067,13.413157615156038
37.19,6.6,5.701,Good,87.17642557369892,1.9837677714959834,44.347852819595396
21.31,6.69,4.27,Acceptable,61.843509730724605,2.303411649781377,22.123903909777447
20.69,6.8,4.278,Acceptable,69.5814083419268,2.6250101101388035,10.413467262967785
29.75,6.59,4.899,Acceptable,70.26331385238598,1.9573346375642253,41.27807380678711
13.0,6.82,3.503,Acceptable,76.98049926708696,3.4347635422608023,2.537040992952945
31.06,6.62,6.148,Good,80.24471236245195,2.0342712893877213,36.11082267201705
18.69,6.24,4.102,Spoiled,13.565478754974826,0.0015194445471147973,98.99643609190284
5.5,6.77,1.912,Good,81.49348837682946,4.692916773587757,2.6152040853692444
27.88,5.21,5.229,Spoiled,0.6775321765203214,0.0,99.4995662794001
36.94,6.68,5.216,Good,87.17282092876401,2.0065943573254263,43.35209351669256
11.25,6.84,3.56,Good,78.22645354168557,3.7374577396581374,2.2738262766575197
18.12,5.03,4.819,Spoiled,1.4711508393284565,0.0,99.4995662794001
30.94,5.26,7.927,Spoiled,0.5994655907761686,0.0,99.4995662794001
35.0,6.67,6.42,Good,84.4073350324568,1.9903627033336264,43.26493878008577
27.56,6.73,4.608,Acceptable,75.02756725369758,2.2141315078146806,27.497667854343685
12.44,6.82,3.054,Acceptable,75.90579572101826,3.4118714901292706,3.1700368525495346
15.94,5.34,4.339,Spoiled,0.8266351915037526,0.0,99.4967016889925
6.44,6.81,2.734,Good,87.34926672368532,4.711918324503306,0.5965301396825853
36.5,6.56,6.023,Good,86.62408794710424,1.941664434184052,48.09530054890535
35.0,6.62,6.223,Good,83.42439049069742,1.9884463530940417,45.111607455746174
19.06,6.07,4.157,Spoiled,5.746511598405114,0.0,99.2858673163636
3.56,6.83,2.21,Good,90.93327234528705,4.794648223077574,0.5457937066685242
5.25,6.88,2.738,Good,86.68663348293312,4.759218968813023,0.5480933645293761
12.88,6.68,3.488,Poor,60.12239916552845,2.9730740918980856,12.937546481869376
30.12,6.6,5.196,Acceptable,73.21013619474506,1.9870590010309386,42.49556260644847
10.12,6.67,2.969,Poor,51.803384365798614,2.8643459747182325,19.62271230172477
8.38,6.96,2.633,Good,86.47383552132041,4.320773549866741,0.6592168792082121
12.69,6.8,3.83,Acceptable,73.54287851658239,3.275410064597428,6.396096625232708
8.44,6.89,2.972,Good,87.51751314358424,4.342219042312049,0.6331927576813788
15.81,6.64,3.902,Poor,60.3327829197357,2.643160552126648,14.620592366876933
10.06,6.8,2.821,Good,75.1152103867636,3.628778923859813,3.377099489506021
36.31,6.53,7.787,Good,80.99637109607339,1.7340738507562483,55.520312500834
15.69,6.72,3.973,Poor,62.978412443483876,2.8535979054921787,9.83016376140904
9.5,6.72,2.934,Poor,57.95786577668986,3.4090784865412997,9.592436799096951
7.06,6.95,2.814,Good,88.56837146330875,4.662600326505149,0.5488127328179758
22.88,6.62,3.677,Poor,58.36037964628128,2.0407073745800965,44.596388419557584
31.25,6.49,5.622,Poor,64.41334625633723,1.6321127489699772,67.93287861305758
17.94,6.65,4.105,Poor,60.01234816585046,2.4887005336298906,18.241997426176823
27.94,6.61,5.258,Acceptable,69.11496515732138,2.006494325181685,46.50360604804435
34.5,6.38,6.17,Poor,34.89244239255153,0.7697510269357433,98.47790517910775
22.81,6.66,4.743,Acceptable,59.63957719222367,1.9725610627664532,47.4492946413052
30.06,6.61,4.175,Acceptable,72.37189372346516,2.013080278724603,41.64424303557552
5.75,6.9,1.948,Good,86.33103789567157,4.748203067541144,0.5469135752624609
25.81,6.72,4.668,Acceptable,70.42344347805897,2.188753990272598,31.892887647108285
11.19,6.82,2.886,Good,76.90531310358826,3.5923263771135794,2.5861970166319863
7.38,6.88,3.109,Good,87.12056371357485,4.540198008203382,0.5536184218985035
13.94,5.55,3.629,Spoiled,1.0476335337637488,0.0,99.48852260132517
7.0,6.74,2.585,Good,84.39025174613761,4.515722758761437,1.9202888413804473
32.62,6.48,5.746,Poor,54.35255407650889,1.4713836698743177,73.1528937342916
25.88,6.69,4.671,Acceptable,69.56572340439602,2.1253239139019287,33.53280623694576
40.0,5.48,6.45,Spoiled,0.6869734041619403,0.0,99.4995662794001
15.81,6.68,3.258,Poor,61.01613678078559,2.586299003526979,21.901817272931094
11.56,6.64,3.181,Poor,50.85056796519213,2.4596571881863545,25.33012765883069
34.31,6.72,6.8,Good,84.84152314427068,2.0258789538576263,39.95001385079038
4.38,6.84,2.229,Good,91.93160677766043,4.7946533948638494,0.5447661125484801
37.44,6.64,6.024,Good,86.83337063471647,1.984276933749655,49.15432106501418
13.94,6.67,3.686,Poor,62.73923672108122,3.007150727538565,10.7559299217681
5.56,6.82,2.701,Good,86.43237597720409,4.715963375080657,0.5513278161719106
19.88,6.78,5.233,Acceptable,67.6755424060224,2.4216310481254646,13.48809517841996
12.12,6.93,3.328,Good,78.88813755758204,3.5699427261653587,2.7440553330140665
6.56,6.93,2.717,Good,87.69086102295253,4.61796731809786,0.5567155867515984
7.75,6.77,2.657,Good,76.95462951943182,4.203569784310624,1.2301971346005223
17.31,6.72,3.811,Acceptable,62.34027175990408,2.6760959854645456,16.146517098493117
9.69,6.84,2.962,Good,81.13302190065677,4.013427177954046,1.1358072119365024
30.38,6.61,5.419,Acceptable,77.7707059949107,2.006628137351798,38.9907911758779
24.19,6.5,4.453,Poor,38.21079589627343,1.3606246956318269,84.31621112874521
17.25,6.8,3.625,Acceptable,70.4129791692137,2.9825382109816125,4.340028053168993
33.88,6.64,5.474,Good,82.55187687292057,2.005076377045919,41.482983552578
29.0,6.67,5.437,Acceptable,72.34113369011268,2.0619441406686785,37.23434196912454
15.69,6.81,3.776,Acceptable,69.48720630529378,2.932246463583263,5.574145133630357
23.38,6.63,4.349,Acceptable,60.32461189154575,2.062107511230395,38.370792567487406
29.56,4.84,6.274,Spoiled,0.742499635761367,0.0,99.4995662794001
17.0,6.56,4.03,Poor,48.35867066771052,2.0230959715077366,45.32736983727076
31.94,6.67,5.843,Good,82.320228062061,2.0971285066425143,33.87813736219243
35.25,6.54,5.38,Good,82.75366477394225,1.9426667296610978,47.588670780217626
6.44,6.8,2.154,Good,86.48348831870244,4.733149994405173,0.9460033969444958
25.38,6.6,4.633,Poor,65.77210082108454,2.0405674351775405,36.685016840966675
15.56,6.93,3.679,Acceptable,70.26110458472048,2.8350871514438585,6.2458050291505565
18.0,6.88,4.221,Acceptable,69.0712951650373,2.685783466779701,7.476974727387896
9.0,6.72,2.89,Poor,58.96056476512879,3.4015541183568696,9.859798719673762
25.44,6.71,4.289,Acceptable,70.79393299957684,2.2832357498958884,21.09695011242461
17.12,6.73,3.365,Acceptable,63.23221999706276,2.750835444814358,12.674593466022365
25.88,6.21,5.467,Spoiled,20.189963971122612,0.16155477452613004,99.44809485569795
20.19,5.14,4.31,Spoiled,1.2746663460100687,0.0,99.49938469025281
18.81,6.06,4.014,Spoiled,2.5152079304208876,0.0,99.34862196547289
5.12,6.96,1.926,Good,85.17619542532698,4.773593006941761,0.5473803119721132
37.12,6.6,4.555,Good,82.10081098246097,2.003390166667171,42.883495881042634
7.19,6.87,2.752,Good,87.24387199454391,4.564266509253592,0.5480933645293761
31.44,6.64,5.215,Good,81.07916484057166,2.039444341902702,36.88442273661846
15.38,5.74,3.653,Spoiled,1.390215590084671,0.0,99.48735017055958
14.69,6.71,3.485,Poor,62.99911206609636,3.089701158653222,8.359496442820516
29.62,4.91,6.023,Spoiled,0.7217097848796548,0.0,99.4995662794001
35.31,6.53,5.392,Good,82.86281390687346,1.9424449482949728,47.22321526559285
31.69,6.69,5.818,Good,83.94664852688825,2.099366919906221,32.866017523907736
18.94,6.68,4.021,Acceptable,61.7861369122041,2.4785140655902977,14.245298868316835
17.31,6.8,3.668,Acceptable,70.48523973641151,3.0067446156750344,4.155439788009782
13.94,6.84,3.413,Acceptable,77.39050458555248,3.3593693212696816,2.3295059182905864
16.69,6.84,3.472,Acceptable,73.71746170733073,3.018256233631675,3.2107731959476498
12.88,6.86,3.299,Acceptable,78.00387623629913,3.467800685223376,2.403616342925153
33.19,6.26,6.201,Poor,22.31824865631099,0.08664493462660657,99.48620650542769
27.06,6.41,4.753,Poor,33.94033231818121,0.7454038227100767,95.47903956781491
8.88,6.92,2.661,Good,86.51288257057408,4.214187560328865,0.8656052269162174
15.5,6.48,3.818,Poor,26.538419933640505,0.8230241701762157,84.13898284934666
35.62,6.6,6.474,Good,80.8798195079272,1.9461750477403401,51.95665077440803
28.25,6.53,4.749,Poor,61.404714962443606,1.8040550371205053,51.5004730758147
14.38,6.89,4.863,Poor,72.92320673798629,3.1780519737301756,5.791387138433983
29.94,6.72,5.066,Good,73.84018989907113,2.0397653800412616,41.473557428922994
12.44,6.78,3.403,Acceptable,71.99587327867594,3.397875987785412,3.8259710860514176
4.69,6.82,2.416,Good,90.16901938711972,4.792834820440997,0.5481082778164326
28.19,5.4,5.566,Spoiled,0.6949253698840075,0.0,99.4995662794001
12.31,6.73,3.296,Poor,61.615535088083966,3.1499651579537478,9.449058849915575
37.25,5.45,7.792,Spoiled,0.5713066968398148,0.0,99.4995662794001
36.5,6.59,6.122,Good,87.07573528431317,1.9550151362607286,47.651450876418295
6.38,6.8,2.276,Good,88.0071796676942,4.736072774288544,0.7954227955348068
6.81,6.75,2.877,Good,87.52477768870821,4.649606773752746,1.046138847157005
7.19,6.85,2.7,Good,87.6454406702112,4.590134281662528,0.5523646030656003
7.94,6.84,2.332,Good,86.65109299064193,4.347692872468995,0.5884402339196688
13.19,6.51,3.366,Poor,24.375578621148794,0.43760435527742164,77.73350265889316
16.44,6.81,3.94,Acceptable,68.71154493007514,2.899564987400012,5.98099594084022
33.25,6.61,6.245,Good,77.3604190264405,1.9542357367710192,51.1648542549307
10.0,6.85,3.307,Good,80.0317840381644,3.931541484929428,1.1856020699432035
8.12,6.8,2.742,Good,81.14032825272797,4.195080639305493,0.829841330368575
22.69,6.77,5.352,Acceptable,68.37730548640135,2.393704798418196,14.921603669701105
15.5,6.75,3.496,Acceptable,69.59633442703681,3.0322014273514437,4.056524840831398
29.88,4.81,6.764,Spoiled,0.6078072397302405,0.0,99.4995662794001
22.12,5.03,5.67,Spoiled,0.6323182744022134,0.0,99.4995662794001
26.69,6.65,7.259,Acceptable,70.5923509972559,1.8346663883133618,47.52099936503419
9.25,6.91,2.835,Good,83.4620712644479,4.092187526377505,1.2178361890069347
35.69,6.61,5.701,Good,83.75457455604766,1.9866075623673036,43.898971371778906
34.5,6.5,5.656,Good,77.46600085042077,1.814929177007839,55.87818183975827
36.44,6.81,7.11,Good,87.93556942236478,2.0139658641496925,42.0285520901923
36.69,4.8,6.191,Spoiled,0.8748157165273862,0.0,99.4995662794001
27.38,6.65,5.302,Acceptable,71.61358196813154,2.073390115692571,32.38708433877654
17.88,6.6,3.894,Poor,56.731716916559265,2.3460723189712533,29.150733623241837
22.38,6.78,3.812,Acceptable,66.53536949591211,2.2286038078140264,31.08963651980454
39.94,4.81,7.275,Spoiled,0.7805986561147953,0.0,99.4995662794001
25.56,6.73,5.287,Acceptable,73.02739160579199,2.330050898955236,14.613076360587282
28.62,6.58,5.274,Poor,65.70876410227565,1.887488609844522,46.32639977058201
33.31,6.65,5.486,Good,81.15306115678433,1.9845770137632028,45.26507309445576
28.88,6.37,5.09,Poor,34.23616762575747,0.8105080008828973,98.92249429324976
27.75,6.57,5.207,Poor,59.28573783491511,1.8307553814448128,61.47200913974244
22.12,6.75,3.65,Acceptable,66.78701320732355,2.181552253295329,34.58443816893501
24.31,6.6,4.12,Acceptable,58.66299399503929,2.008415508992975,44.51714503610839
9.88,6.71,3.018,Poor,56.117583639067426,3.2980474585160704,11.727526900272759
28.25,6.64,5.805,Acceptable,72.06213687194908,2.064693088752696,34.60337354194193
6.75,6.85,2.567,Good,89.0407726830855,4.682339894171378,0.5515686746602814
31.56,6.57,5.124,Good,77.79805432645833,1.947010083782423,43.6296354166837
28.88,6.86,5.664,Good,75.51892617413641,2.1413801649025257,30.467017213110726
22.56,5.16,5.244,Spoiled,0.8599326897805617,0.0,99.4995662794001
8.19,6.78,2.629,Good,82.88166751552787,4.2837478188033264,1.444717096144497
20.62,6.66,4.433,Poor,60.103034986830075,2.3580808806611873,23.777481552437262
34.19,6.59,5.95,Good,80.61599370994834,1.9576875164806593,46.936420414962654
13.81,6.44,2.739,Poor,21.890864108954144,0.25491461740297844,87.85544723987289
30.25,6.59,5.402,Acceptable,67.15451870009998,1.921200525836353,57.82520341803544
22.56,6.77,3.902,Acceptable,66.8158075549885,2.233520185025175,29.98122460106017
38.31,5.17,9.0,Spoiled,0.8694790566812919,0.0,99.4995662794001
31.56,6.66,5.32,Good,82.44166852976592,2.0433853319538953,35.84230417573645
18.69,6.73,4.248,Acceptable,63.486122659259344,2.727456234943751,8.786175375473277
8.44,6.95,2.692,Good,85.84238095357384,4.308355629993432,0.6276285228822048
37.56,6.51,5.866,Good,85.79243447704128,1.9185465924810154,48.02415145423879
25.88,6.68,4.915,Acceptable,68.10650296747566,2.051465767862198,38.60284401161653
12.5,6.96,2.907,Good,77.99517122460317,3.404600417767353,4.288835149613668
33.19,6.52,5.207,Good,79.47618966431277,1.9305465953816818,46.78842881355931
30.94,6.7,4.867,Good,78.1124851533537,2.075007490391892,35.10247794615053
32.94,6.58,5.36,Good,79.29311701506398,1.951744366419272,46.26260493953445
14.06,6.72,3.611,Poor,63.12564766089471,3.082519915391565,7.2310609703265385
11.75,6.76,3.349,Acceptable,72.7069217081219,3.4995561275029283,3.4749170789951176
6.88,7.0,3.03,Good,88.211346821429,4.667355499159634,0.5601923160457178
17.0,5.31,4.598,Spoiled,0.8896833122134516,0.0,99.4995662794001
29.31,5.14,5.785,Spoiled,0.8259401024676915,0.0,99.4995662794001
27.5,6.26,4.943,Poor,25.107334193845364,0.06913864402399338,99.4447564320234
10.0,6.71,2.686,Poor,59.291406549895875,3.525064442077425,8.188127546366774
39.25,6.45,6.145,Poor,58.765663051805085,1.284674552559965,77.71837637345938
22.81,6.62,4.485,Poor,58.196993457378895,1.9921666767021684,51.01103143093676
34.38,6.57,5.587,Good,80.65004869709185,1.9421156422669643,48.77609940062153
11.12,6.9,2.869,Good,78.71420755950005,3.676260985109817,1.6237305776852313
32.12,5.92,6.042,Spoiled,1.0799141145382765,0.0,99.4978663206987
28.69,4.97,6.442,Spoiled,0.6893299653854669,0.0,99.4995662794001
7.0,6.86,2.786,Good,88.46448093906777,4.67638123305296,0.5480933645293761
14.38,6.7,3.086,Poor,61.736197081893245,2.905190612411115,13.805969759101846
27.25,4.68,5.872,Spoiled,0.755873382873616,0.0,99.4995662794001
13.06,6.78,3.667,Acceptable,71.25943038235036,3.2311541869332405,7.350128406274551
27.56,6.7,5.634,Acceptable,73.12734500737939,2.1381939348764134,32.65727809597908
6.81,6.82,2.572,Good,89.06808805257108,4.674491408569312,0.5478839127406756
17.56,6.84,3.952,Acceptable,68.01555502539485,2.570968784010902,11.552275209825009
37.5,6.48,6.427,Good,81.34366144704883,1.8374900985328342,53.91034589098678
22.69,6.8,3.95,Acceptable,68.19796113110061,2.2553556988339922,27.000802050445305
21.38,6.79,4.752,Acceptable,68.9241644422821,2.3787291676931757,22.724114465662936
29.56,6.3,5.336,Poor,28.025404147389406,0.07596150021215459,99.35691469411702
6.62,6.84,2.634,Good,88.26000297627105,4.633769582477454,0.544990477624237
37.5,6.59,5.647,Good,86.7706176580577,1.970347006955723,45.55243298512525
37.06,6.72,5.079,Good,87.37361289272808,1.9993537825366474,43.71771397518865
32.25,6.6,7.309,Good,74.51224773244581,1.7620916938677924,57.231776231545524
6.75,6.8,2.455,Good,87.07974469099247,4.600891385628375,0.7881634783434113
28.31,6.55,5.117,Poor,63.08783622576465,1.8325099732074304,49.78988865474796
10.75,6.92,3.067,Good,79.5274405750393,3.820641141543592,1.3099724207749686
8.06,6.72,2.638,Poor,61.04053804242945,3.4970764571674255,11.642762959148785
29.25,6.71,5.282,Acceptable,72.56531017306791,1.9745301756408213,43.53377982662424
5.69,6.92,2.188,Good,88.42227185437389,4.757789802181608,0.5438693706309772
31.44,5.41,6.997,Spoiled,0.4784537480554738,0.0,99.4995662794001
22.19,5.05,5.035,Spoiled,0.9878375972620627,0.0,99.4995662794001
14.56,6.89,3.621,Acceptable,73.76656748696682,3.2964590708660793,2.995384995118702
26.62,6.66,4.474,Acceptable,70.89924245563321,2.080627651188365,35.15555024470762
15.69,6.61,3.199,Poor,56.431709370351996,2.2998719338768963,38.11053909736448
33.81,6.61,5.279,Good,81.66672196998123,1.9899525393364546,44.26030508675857
12.06,6.19,3.87,Spoiled,3.587485895497689,0.009532395553081748,98.96058102536274
15.12,6.8,3.361,Acceptable,70.25505793295109,2.8756699781562767,5.089861430497296
15.62,6.79,3.713,Acceptable,69.61694409846652,2.9610529159183163,4.632074323804645
27.0,5.08,6.832,Spoiled,1.0068636935886155,0.0,99.4995662794001
7.12,6.74,2.558,Good,79.91849340359845,4.380376253452734,1.865095919775908
9.38,6.87,3.551,Good,81.12961344836108,4.02685272104583,1.2150586029658283
8.31,6.79,2.578,Good,85.89854160408917,4.2953706126332465,1.053661935280946
30.44,6.61,5.619,Good,77.95915545085542,2.0092106263390117,37.34318769347964
20.12,6.81,3.941,Acceptable,68.1563776962088,2.3792007444703054,24.98376676779775
24.06,6.75,4.412,Acceptable,67.89026779582495,2.1820160867403646,30.180767950068446
19.0,6.7,3.702,Acceptable,61.691634696425446,2.4138986871262293,17.35704908509042
13.5,6.79,3.446,Acceptable,74.26063325628962,3.258481536945658,3.35796374136943
6.56,6.87,2.542,Good,88.49172872822777,4.625120696619273,0.5438693706309772
16.81,6.78,3.975,Acceptable,67.85651494881536,2.844091945334336,7.328488004163381
26.12,6.72,5.513,Acceptable,72.09375110257535,2.2872870755045596,20.90560000816521
17.12,6.88,3.541,Acceptable,73.31054677396358,2.962056247701245,3.559861224767776
36.19,6.64,5.606,Good,85.99274062935207,1.9909657991162568,47.477688461438774
19.25,6.7,3.811,Acceptable,61.67697802948138,2.277881582899053,26.91226602757548
30.94,6.78,5.752,Good,80.45769127934169,2.148095474668796,27.21346599949304
20.06,6.88,4.059,Acceptable,69.65036616123729,2.59500449470189,10.526546234087649
26.94,6.43,4.247,Poor,37.33174444642954,1.0459093802340051,94.86209971558065
32.38,6.65,5.622,Good,82.00669832558904,2.0218571904614002,41.43486857616327
9.5,6.95,3.105,Good,85.52184761594326,4.176026878061212,0.9502629478514357
37.0,4.87,6.469,Spoiled,0.7624139301802917,0.0,99.4995662794001
17.19,6.65,3.944,Poor,60.09439232806279,2.496259230478133,16.050703464753177
14.56,6.83,3.078,Acceptable,76.11872335365558,3.3129191362082313,2.2665942779798782
13.88,6.71,3.565,Poor,63.11996200575109,3.089267722759067,7.74966925871088
36.94,5.17,5.812,Spoiled,1.2414600641471738,0.002301546306304484,99.49817748976804
19.31,6.12,4.195,Spoiled,10.804822001657616,0.0,99.13786429893375
6.19,6.83,2.408,Good,87.74724503581878,4.728978594852478,0.5457937066685242
34.88,6.64,6.213,Good,84.29145138052638,1.9943138494146793,42.254550137535105
13.44,6.9,3.661,Acceptable,75.02706263512717,3.2929609096432357,3.200859453760509
11.88,6.92,2.815,Good,77.66589073168069,3.543657312509585,3.121694225279999
14.12,6.98,3.771,Acceptable,75.71854949246095,3.345543656416172,4.553866944430264
15.62,6.39,3.84,Spoiled,21.554730207053012,0.5507698416479947,92.8116256304625
29.56,6.66,5.308,Acceptable,77.57396985047502,2.0507565531108902,35.314495801288274
35.38,6.63,5.506,Good,83.74411895126998,1.995530081868031,46.14097610294789
14.19,6.42,3.688,Spoiled,19.87052009294831,0.29251638035762006,91.12438300787463
15.94,6.83,4.952,Acceptable,70.35061278694238,3.004505999918044,5.647315061500829
10.06,6.76,2.768,Poor,71.92670127883294,3.5435671063820506,6.636654634153687
8.44,6.91,2.938,Good,88.08120346865485,4.35092670902532,0.6298267648433313
14.69,6.74,3.425,Acceptable,70.65734798101256,3.220887269179793,4.223723034804249
35.12,6.64,6.596,Good,84.13356187162267,1.995456394964203,43.14591098991481
14.25,6.86,3.065,Acceptable,77.02758176871407,3.345410276612264,1.9925642551300389
35.69,6.46,5.855,Poor,67.9658033692578,1.6388684589706832,69.16840728919925
35.94,6.7,6.954,Good,86.05105169209106,1.9955297841717377,44.84509859378342
15.56,5.98,4.117,Spoiled,0.8356616646559614,0.0,99.4626331662959
10.75,6.81,3.075,Good,76.47167668974832,3.691785619345933,2.511177874674661
8.38,6.96,2.881,Good,86.8240176033018,4.335134114159244,0.6720125806089311
12.0,6.73,3.484,Poor,62.43137251131837,3.153490901374964,9.748212460429654
32.44,6.63,5.386,Good,80.59479241023818,2.0073315708468327,44.574729961506286
7.69,6.87,2.926,Good,87.61412359389081,4.541640456534402,0.5669449929469356
9.56,6.83,3.21,Good,82.53314294031601,4.0518761776617565,1.0603038479702769
24.62,6.76,4.821,Acceptable,69.16695072393266,2.2397322260216708,27.89065645914445
34.19,6.6,5.277,Good,81.36535930931377,1.9860765946875305,44.7068226584356
11.88,6.72,2.962,Poor,59.567412576845996,2.875844410425101,17.509516391817204
31.94,6.45,5.415,Poor,70.93448536207383,1.797434457785013,57.159043950296045
15.88,6.88,3.448,Acceptable,74.08735879690376,3.0278123731020097,3.40342842207106
28.06,5.09,5.805,Spoiled,0.9116115320695524,0.0,99.4995662794001
13.31,6.66,3.785,Poor,56.9080642493205,2.3591049478268578,38.955567595649086
21.12,6.72,5.619,Acceptable,60.857739746183654,2.199443596248636,31.849745616748738
34.94,6.65,5.032,Good,86.75656547811141,2.018442194287855,37.01605964167787
13.25,6.83,3.434,Acceptable,77.91812346314363,3.40877133860698,2.460548754206231
14.75,6.79,3.652,Acceptable,72.04067057834266,3.1911665436394356,4.1721513739197205
3.62,7.05,1.62,Good,89.18682477555706,4.781057123681146,0.5535118245095311
8.88,6.72,2.949,Poor,63.3100516740102,3.5129714856936696,8.98609671745677
18.25,6.62,3.671,Poor,58.746111609896516,2.4562770137404115,21.619722091699703
30.62,6.67,5.098,Good,75.66820359202279,2.0736594476862464,36.740597936196515
13.5,6.84,3.515,Acceptable,77.38388005115793,3.3605744501106067,2.228108788565841
7.75,6.81,2.845,Good,85.86046658896429,4.401408732850664,0.6326771640969171
37.06,6.58,6.409,Good,82.50155577009441,1.8744561605334267,56.19766919983496
16.56,6.74,4.241,Acceptable,68.1267597053481,2.9011593313607844,7.234633740579657
19.5,6.74,3.832,Acceptable,66.85604569353887,2.318035250455618,21.53661818507714
36.31,5.03,6.794,Spoiled,0.7878485218714008,0.0,99.4995662794001
14.19,6.37,3.323,Spoiled,13.852140684070834,0.13224866011138356,97.47411908129943
12.12,6.41,3.317,Spoiled,19.105035279919452,0.1455070595555494,89.5950451360615
22.88,4.95,5.864,Spoiled,0.9276055445309698,0.0,99.4995662794001
18.88,6.7,4.385,Acceptable,61.99518473090094,2.6271814433836447,11.09071579619389
17.44,6.66,3.746,Poor,60.182678056259945,2.398007003338482,27.979275423732375
3.69,6.88,2.574,Good,91.6402807990209,4.789580572555254,0.5451962561871956
37.5,6.56,5.841,Good,86.52346219801487,1.9415638290612838,47.552096258741614
11.81,6.84,2.48,Good,74.96581417693635,3.5530829858602466,4.768206632388223
13.81,6.86,3.721,Acceptable,75.36615318509769,3.320788007000532,2.977113686546971
36.75,6.5,5.562,Good,83.44492297185492,1.8676706260788691,53.87422791356196
38.31,6.09,4.999,Spoiled,14.840192999890283,0.0016503009203438627,99.45651525064774
33.44,6.61,5.597,Good,80.18529496913425,1.9801632335005719,43.966605821136156
22.44,5.43,5.128,Spoiled,1.1925031081215318,0.0,99.4995662794001
6.88,6.87,2.887,Good,88.42571376556695,4.681065684842157,0.5645330209216727
6.62,6.81,2.461,Good,86.3092043336819,4.538451259044127,0.6069461879479988
21.75,6.48,3.899,Poor,37.1595466876174,1.2817239807615528,82.81370436855832
20.75,5.22,4.956,Spoiled,1.3566571652360464,0.0,99.4995662794001
34.5,6.58,6.103,Good,76.39500786218186,1.893727111441186,52.90476912479266
14.56,6.81,3.752,Acceptable,72.85385143837613,3.266478013065095,4.002257069923269
4.62,6.98,2.121,Good,85.40949692461773,4.784210915895556,0.556903564857887
15.25,6.86,3.757,Acceptable,69.25527095318924,2.9493434336531243,4.837251877776806
11.88,6.23,3.21,Spoiled,5.248376098547994,0.017558950907578565,98.33548460349492
26.69,5.0,5.769,Spoiled,0.5319250642799219,0.0,99.4995662794001
32.75,6.7,5.374,Good,84.07877366453334,2.0736988160480565,39.26843066026846
34.75,6.75,5.636,Good,86.17040566260135,2.0203341733657947,38.404690418761255
10.31,6.91,3.083,Good,79.33928536955113,3.8181048674863725,1.1171190086916394
10.19,6.87,3.049,Good,78.93942479672315,3.8405001782699784,1.1346119911365284
8.0,6.84,2.913,Good,85.60285965522274,4.318556940367659,0.5783209090191093
7.94,6.99,2.896,Good,86.70621829427591,4.37607716100736,0.5799156601198805
8.31,6.74,2.354,Good,80.89846630939415,4.256570408124032,3.2552847821213087
26.69,6.75,4.717,Acceptable,73.98784423855018,2.1870468392684956,31.529049008794754
34.38,6.52,5.666,Good,80.82329283126884,1.9410057517938655,46.83542379863132
28.56,6.65,4.822,Acceptable,70.63775365068247,2.0518243721601035,37.99788602048121
12.44,6.65,2.952,Poor,58.559948075512615,3.1331823708639956,17.83025235309011
34.69,6.58,5.911,Good,81.06352256011645,1.941442158891191,48.856161621935044
15.12,6.78,3.883,Acceptable,67.37671165665502,2.7236308807497793,12.509944854024555
18.75,6.52,4.371,Poor,39.268667878805275,1.555110043651303,75.0187893193038
12.81,6.72,3.127,Poor,60.62884685975298,3.043096444397003,12.295526909932558
4.06,6.94,1.706,Good,87.5120160056308,4.790967071086019,0.5473803119721132
22.62,4.76,4.827,Spoiled,1.2045977429460775,0.0,99.4995662794001
26.69,5.4,5.18,Spoiled,0.44669053937835035,0.0,99.4995662794001
12.06,6.7,3.053,Poor,58.5882886473983,2.8227242561174912,15.052995615258078
37.25,4.69,7.058,Spoiled,0.8238620458583362,0.0,99.4995662794001
16.75,6.8,4.143,Acceptable,68.76925526984614,2.9086173838201996,6.406976575974006
7.56,6.88,2.815,Good,88.38721221305333,4.562893022141274,0.5592185158660199
7.5,7.0,2.377,Good,87.97525622071204,4.542265520010892,0.5863187340164032
8.25,6.77,2.38,Good,81.48986916028014,4.242995204482633,1.404693285469096
8.5,6.77,3.085,Good,85.28859319698238,4.261719568051317,1.1078505313998834
26.38,6.56,5.383,Poor,60.60832168091291,1.8117199423950023,45.886872629860065
13.75,6.9,3.109,Acceptable,77.02526240693878,3.3396481439725183,1.9437197538601187
22.5,5.87,4.776,Spoiled,0.5197371139179047,0.0,99.4980440984765
36.12,6.69,5.717,Good,87.14951487526643,2.002921175691413,43.97033906370857
33.06,6.7,5.322,Good,84.67631283410532,1.9986326561734948,40.185533249884976
26.94,6.7,5.018,Acceptable,71.12792220672236,2.0621403248801995,36.91884870487894
27.94,6.6,4.915,Acceptable,68.34753699381744,1.9955134712440705,41.339407378297636
24.0,6.65,4.749,Acceptable,60.49819652574318,2.0212201331285335,42.30539398879509
29.94,6.75,5.49,Good,77.75539350915109,2.109645821937258,32.19421531991209
9.94,6.74,2.758,Poor,70.50328670739536,3.438177598904098,8.546735298302028
17.69,6.7,3.938,Acceptable,62.00777507245023,2.502946351249213,13.543440297505027
12.88,6.62,3.398,Poor,52.97975713668026,2.2547820957762528,33.609241039422514
34.25,6.68,5.1,Good,85.37675153762109,2.0055749720821723,40.98969792764341
8.81,6.66,2.752,Poor,59.58484095116111,3.277788930103596,17.35663607031525
35.25,6.69,6.004,Good,86.93087463177953,2.0157792786618542,39.45922326866418
9.19,6.78,3.237,Good,80.58782519310658,4.089449677531712,1.42978805956551
17.5,6.69,3.835,Acceptable,61.868011474073775,2.4469999821121204,18.08520661654683
17.12,6.7,3.822,Acceptable,61.945005461695565,2.5829803829988283,16.265773941098715
18.62,6.65,3.946,Poor,60.212769369701086,2.461550844066589,16.072412738954057
14.62,6.87,3.801,Acceptable,74.1557346452815,3.260941088487877,3.601377072021096
11.81,6.92,3.462,Good,79.52268505686284,3.704722517981006,1.660659752450289
11.75,6.81,2.712,Good,74.58810896905358,3.5460352653544467,6.378980357227
36.44,6.43,6.514,Poor,80.9233659012338,1.6956267997412602,52.1465385861222
12.81,6.77,3.29,Acceptable,72.38325754528447,3.382265541144834,3.371421042377001
14.69,6.82,4.829,Poor,70.34921778945426,3.0313613856216826,7.056228658414253
7.94,6.68,2.51,Poor,61.02324692431396,3.3029488435436822,12.522707780484641
34.12,6.51,5.861,Good,79.32973918939368,1.9141848680509062,45.15296493034748
19.75,6.82,4.537,Acceptable,69.45810627653583,2.5948586370881004,7.63003531084505
17.94,6.62,3.752,Poor,58.467021177876724,2.3976093462891566,29.533195052428457
14.5,6.79,3.151,Acceptable,73.48229784225614,3.270138675892012,3.246611991086339
18.19,4.86,5.151,Spoiled,1.096345664285429,0.0,99.4995662794001
5.75,6.88,2.743,Good,86.20793304657613,4.7146548509428685,0.5480933645293761
16.19,6.88,4.119,Acceptable,69.23098146764343,2.900619248469718,5.405049988314425
11.94,5.95,3.444,Spoiled,1.104419845454243,0.0,99.36405216357278
16.62,6.64,4.12,Poor,59.58381689755216,2.3759635125494505,20.494848577731247
5.0,6.77,2.345,Good,81.0407813151938,4.495244942761207,2.6930677038032127
38.38,6.43,5.668,Good,62.08600290901518,1.4259213146480991,76.82368620308338
25.06,4.84,5.516,Spoiled,0.48035341656826996,0.0,99.4995662794001
9.19,6.84,3.203,Good,83.0051156329807,4.121259021057327,0.8793601421989129
37.0,6.58,5.987,Good,87.01904042161432,1.9405738380833508,47.019986021192985
9.5,6.91,3.394,Good,83.97905069615946,4.10383121038763,0.9790774020325812
27.25,6.57,5.933,Poor,62.46894882583867,1.7443185872165947,60.11453698908475
14.94,6.49,3.705,Poor,28.42614812882244,1.0182579385779105,77.33844244446615
18.12,6.68,3.836,Acceptable,61.81248026576198,2.479737174164241,19.49671918269529
14.88,6.22,4.024,Spoiled,5.392378740081728,0.007366491307662782,99.13711191951603
34.75,4.84,6.116,Spoiled,0.7070087529657045,0.0,99.4995662794001
36.12,6.52,5.723,Good,84.7377393175565,1.9416593068106625,46.92441265482054
7.12,6.85,2.562,Good,88.73554756889224,4.6068922694281165,0.5515686746602814
21.06,6.62,4.552,Poor,58.12388278904923,2.144692381424195,43.39473528686855
28.19,6.61,5.284,Acceptable,69.12433400827038,2.0014470084351523,47.090136076223665
25.06,6.31,5.035,Poor,27.2969534998335,0.4656481455134745,98.16413547664266
10.56,6.93,2.946,Good,79.7481916992238,3.8347120011795304,1.3433922853743165
27.81,6.67,5.205,Acceptable,73.51519982946013,2.1502934382134646,31.949835708451097
24.38,6.58,4.694,Poor,52.78445948311079,1.7983042396956856,60.38905425340523
28.69,6.21,5.588,Spoiled,20.78130457026632,0.11181992396066934,99.47991993289851
16.06,6.74,3.384,Acceptable,69.00743251355051,2.897520948075448,5.1137544975898
34.06,6.61,5.297,Good,81.65460758775585,1.9864893860289325,45.40139757316312
22.75,6.46,4.781,Poor,32.890542848142076,0.875832121873682,92.19085684657612
9.94,6.74,2.93,Poor,69.8937384698336,3.2111058623015003,7.2986858350779285
6.06,6.93,2.327,Good,88.52945304658013,4.750818349814523,0.5438693706309772
9.0,6.84,3.287,Good,81.9358895015584,4.082208787925949,0.9205445721384315
17.19,6.79,4.224,Acceptable,68.97168632076578,2.9051825632693165,6.040151704631013
19.38,6.69,4.136,Acceptable,61.84725438152674,2.448149159457358,15.684604133050678
16.38,6.7,3.875,Poor,61.951378905772856,2.6394851184909602,13.737037272633815
12.44,6.65,3.463,Poor,53.6483452405389,2.263158159772194,29.561141645762877
17.12,6.76,3.874,Acceptable,67.85955121384106,2.794970367104225,8.183988089464137
24.12,5.22,4.733,Spoiled,0.8706145556894835,0.0,99.4995662794001
23.12,4.89,4.791,Spoiled,0.893478598628449,0.0,99.4995662794001
14.62,6.8,3.116,Acceptable,73.716964236025,3.2736863235332607,3.19290724610117
14.38,6.73,3.917,Poor,65.01295614049988,3.0746622085310995,8.65713880233025
37.12,6.54,5.821,Good,86.77250163421814,1.9383479767066345,48.27206234228254
8.31,6.79,2.491,Good,84.34240580692548,4.266762490063805,0.9695340524596416
36.12,6.67,5.662,Good,86.1589028407516,1.9793765730117814,45.65577607220075
16.12,6.71,3.547,Acceptable,62.416713634459185,2.7652966491399726,12.34044078854468
35.44,6.33,6.879,Poor,33.311041598995246,0.5705912655837326,99.3399947855426
7.56,6.94,3.008,Good,88.46877364005721,4.54831511962986,0.5637128669437776
16.69,6.84,3.831,Acceptable,70.07533048823008,2.9512808892294955,4.728764799174625
13.62,6.81,3.756,Acceptable,73.78276687083037,3.279411960101313,4.917363780089606
30.0,4.83,6.293,Spoiled,0.7278695019672544,0.0,99.4995662794001
13.19,6.84,3.644,Acceptable,74.96300553529446,3.2864191695331426,3.7000125261477756
7.31,6.85,2.464,Good,88.07371982732276,4.545802114327931,0.5515686746602814
8.69,6.84,2.673,Good,86.03058026225641,4.286698268192465,0.651972500258534
16.62,6.63,3.6,Poor,58.804452152301344,2.011152200810549,39.83456674610119
36.88,6.65,5.22,Good,86.10862899470303,2.003758075942767,43.3677937792041
12.12,6.69,3.329,Poor,58.62439125288056,2.8753620319587263,20.778611957718216
10.0,6.52,3.066,Poor,28.02974081729205,0.9637405959863591,66.93358029069628
33.5,6.59,6.802,Good,74.37837600512296,1.7975238942157024,61.62092265865432
7.38,6.73,2.516,Good,77.16102722899748,4.242255650720393,4.1229722963218665
13.06,5.69,3.883,Spoiled,1.1806170315348652,0.0,99.47749141720122
6.75,6.86,2.723,Good,87.74895137197936,4.667141859416348,0.5567155867515984
21.94,6.86,6.261,Acceptable,71.6507203447752,2.399522126429018,21.02358577913942
17.38,6.82,3.802,Acceptable,69.60691436033784,2.768790424220202,5.244522462461976
34.75,6.51,5.637,Good,80.81309773094593,1.9276183228871686,46.85660489945863
8.31,6.86,2.634,Good,86.84992427448627,4.322932680785428,0.6588004592003245
4.19,6.86,2.298,Good,91.49417094327514,4.794505801679967,0.5438693706309772
22.19,6.79,5.139,Acceptable,68.80195583995481,2.318010678162183,25.07441895349355
10.38,6.59,2.54,Poor,34.42949003459694,2.1086138646573125,50.876413926689075
12.94,6.85,3.141,Acceptable,77.77091650910013,3.4727425207350953,1.9923025746885463
29.75,6.57,5.411,Poor,64.28102414545236,1.8758213846696163,56.88405608248686
13.5,6.75,3.188,Acceptable,71.17515496759155,3.240370992913355,3.4722937679084223
12.0,5.88,2.841,Spoiled,1.1911615229285601,0.0,99.38821165813653
28.94,6.74,5.207,Acceptable,76.1221416393252,2.077556363855895,38.430583036701215
13.75,6.81,3.885,Acceptable,72.9900133337216,3.216332405839693,5.116979840628411
36.5,6.67,5.586,Good,86.45731812910043,1.9535995910211228,47.65629989528533
23.44,5.0,4.532,Spoiled,1.8987138674775834,0.0,99.4995662794001
33.5,4.68,7.294,Spoiled,0.6150339009210559,0.0,99.4995662794001
34.81,4.89,6.71,Spoiled,0.667155553620222,0.0,99.4995662794001
9.69,6.84,2.851,Good,81.34652967650858,4.01124792164956,1.2745682739999258
5.81,6.82,2.449,Good,88.28205185278593,4.742289195343319,0.5478839127406756
14.62,6.73,3.752,Acceptable,64.53959655441552,3.066582146045157,7.22009601886479
15.69,6.71,3.704,Acceptable,62.603519674638285,2.727068147589176,11.186121866340136
9.38,6.86,2.724,Good,81.223077986746,3.9613527933398913,1.5935962196198552
5.69,6.82,2.329,Good,87.98563280578654,4.739804427480292,0.5478839127406756
32.62,6.59,5.775,Good,79.82964409464915,1.9727114652109834,44.09949475205467
11.62,5.93,3.478,Spoiled,0.5940886141362276,0.0,99.35425477789366
3.62,6.89,2.113,Good,91.34663822294779,4.7946533948638494,0.5438693706309772
7.69,6.89,3.093,Good,88.23821427384752,4.553490757337154,0.5675118860574331
19.94,6.82,4.04,Acceptable,68.6835202890482,2.521146929009411,9.245303131841403
31.12,6.55,5.346,Acceptable,75.1318015703026,1.907088216212991,45.11074912094961
25.88,6.69,4.27,Acceptable,70.10305679141511,2.1928987566366795,26.440990914540787
10.25,6.72,3.035,Poor,56.46495684641926,3.3444194137238394,10.982878913792707
23.19,6.78,5.074,Acceptable,68.61438978147304,2.3917760176781293,15.377725607358197
38.69,6.51,6.257,Good,75.75168375778902,1.6928915068723487,66.32888646104921
31.06,6.5,4.752,Acceptable,72.65132655374929,1.8631111990172637,55.15324637067185
33.25,6.58,5.934,Good,74.35394292454357,1.9015964409634372,54.306780989925656
13.94,6.48,3.799,Poor,22.666872514855452,0.5778266453265556,87.20270773331477
5.06,6.77,2.35,Good,81.19239837067792,4.516117082835485,1.996361863618526
22.31,6.82,4.982,Acceptable,70.31957445970431,2.4170034042791606,15.818284805220495
6.0,6.94,2.342,Good,88.31967276554843,4.7475708860896635,0.5443361073406295
27.19,5.18,6.156,Spoiled,1.1844257879200744,0.0,99.4995662794001
34.69,6.8,7.735,Good,82.96101918650734,1.9974448907261408,45.163295482080976
12.31,6.79,3.678,Acceptable,72.57976691541461,3.022128241290592,8.104973411981685
9.25,6.9,2.825,Good,83.04530894561223,4.075950661505135,1.2178361890069347
2.69,6.97,2.152,Good,89.99912092791945,4.794625653908995,0.5443361073406295
14.69,6.76,3.934,Acceptable,68.36167984211616,2.9097168993131546,10.117622230542942
27.31,6.52,5.763,Poor,58.16706306188188,1.6788522430871005,60.13954849653263
6.0,6.92,2.172,Good,88.35713053708282,4.758520916078984,0.5438693706309772
18.81,5.96,4.241,Spoiled,0.4492730463435667,0.0,99.48703573108374
36.62,6.14,5.886,Poor,21.89739270952903,0.0,99.45863595067385
34.25,4.98,6.577,Spoiled,0.7531511912272212,0.0,99.4995662794001
34.19,6.71,5.821,Good,84.3409106179466,2.0157561295374866,42.25992279766259
30.38,6.6,5.391,Acceptable,76.82689544284946,1.9874710288401845,40.98948333081552
4.75,6.9,2.149,Good,90.64075499586879,4.7946533948638494,0.5438693706309772
19.69,6.79,4.455,Acceptable,68.57590359287101,2.6327993223285047,8.023438797014782
33.06,6.72,4.709,Good,87.95605902960168,2.0659932805456944,29.40347642972846
32.44,6.64,5.61,Good,80.9484246773767,2.0028055437172263,44.62835881931667
17.56,6.71,3.711,Acceptable,62.15759081771172,2.4844850552435704,15.684844083754616
5.44,6.82,2.289,Good,88.5128549841797,4.774372801522774,0.5478839127406756
13.62,6.57,3.039,Poor,30.494421146715155,1.0401387192340064,64.70116187786402
13.25,6.68,3.782,Poor,60.72907446400074,2.873224525675709,16.871530012795887
9.94,6.92,3.017,Good,79.72796719807853,3.8876239607628813,1.2598194490966483
15.38,6.82,3.787,Acceptable,69.28435591914263,2.93747079717639,5.291659049510884
20.19,6.89,4.153,Acceptable,69.67239042391456,2.590413834397446,10.11547794619395
14.81,6.15,3.491,Spoiled,4.8289069810976715,0.0007284820912568604,99.25705797283065
37.25,6.59,6.554,Good,82.90464728080764,1.9216296826361965,54.752318516914286
36.81,6.68,6.548,Good,87.38616405206102,2.0066810235716654,41.67743295177822
35.19,6.53,6.596,Good,81.89569868992085,1.9107479442118047,42.34982985041989
16.31,5.53,3.28,Spoiled,1.2312430408318396,0.0,99.42000225348748
35.75,6.66,5.078,Good,85.32072379635157,2.006981606810129,43.44757320808165
32.56,6.63,5.292,Good,81.32730135288917,2.005123063958206,41.641998616441526
4.31,6.88,2.461,Good,91.40838173870779,4.786532877378776,0.5451962561871956
10.12,6.94,3.414,Good,81.49625004403326,3.9341374177441595,1.1816347547489814
14.69,6.84,3.544,Acceptable,76.22345870203931,3.292050519360152,3.5460983057069146
37.75,6.62,6.271,Good,86.77010044826712,1.9837109827192396,48.90584488401437
15.06,6.86,3.621,Acceptable,68.50672133700895,2.9493682899102938,4.720699449369741
32.12,6.58,4.978,Good,79.98340219509738,1.9563531815933894,43.433557352452446
9.75,6.94,2.651,Good,82.59839132914313,3.997661973198024,1.7100039329764847
10.94,6.68,3.244,Poor,52.68698299083118,2.730631225410381,21.246982484549783
11.25,7.0,3.238,Good,80.82362191661157,3.6957875780053526,2.37770542810339
7.75,6.89,2.395,Good,88.05146867323465,4.517972413404825,0.5568090355859273
39.25,6.46,6.59,Poor,64.23630790136468,1.3467265732742393,73.69184962362671
14.31,6.63,3.604,Poor,59.19878749368351,2.1014867441756677,38.103523423821244
34.12,5.99,5.704,Spoiled,1.3068849752771554,0.0,99.49146335691819
21.56,4.76,5.115,Spoiled,1.1485512623977852,0.0,99.4995662794001
14.44,6.97,3.953,Acceptable,71.84703448561754,3.176340183721609,5.428969992471172
30.88,4.94,7.08,Spoiled,0.5670808345041393,0.0,99.4995662794001
26.44,6.5,6.547,Poor,35.92297925671186,0.9608783527881781,91.88152347809066
7.88,6.76,2.841,Good,78.85090680499228,4.162290519761443,1.1382132047603462
35.19,6.62,5.638,Good,84.29605413186123,1.9982810644017057,43.34947733686074
37.88,6.47,4.565,Acceptable,73.9417775164341,1.6644754689215981,64.24259773966455
9.62,6.97,3.069,Good,86.069348776233,4.18253860027114,0.9572874394724125
30.12,6.34,5.948,Poor,29.930722150229368,0.45789874277693005,99.40547341581068
34.25,5.03,6.477,Spoiled,0.65198344193891,0.0,99.4995662794001
21.19,4.76,5.256,Spoiled,0.6961292266738758,0.0,99.4995662794001
7.69,6.91,2.85,Good,88.44492152578256,4.538533353678973,0.561572540921597
13.19,6.79,3.437,Acceptable,75.54819399166539,3.3892527590328014,3.180510497275859
27.75,4.8,6.179,Spoiled,0.9598181940593971,0.0,99.4995662794001
9.12,6.82,2.906,Good,83.48443436974286,4.143895627541214,0.9842521143245945
3.62,6.75,2.432,Good,91.56726205543927,4.719016606718124,1.4421729531603062
21.31,6.69,4.603,Acceptable,61.54512490419402,2.1205313479779275,37.82339526934934
37.69,6.52,5.748,Good,86.23273283932473,1.9360428397925393,48.27765424118699
15.25,6.68,3.681,Poor,62.415490565578644,2.8774679161246075,9.436840868878368
36.44,6.7,7.153,Good,87.83347587470494,2.0166893792696197,42.050455811822815
17.31,6.05,4.344,Spoiled,1.4580431868273156,0.0,99.4418417952606
15.62,5.7,3.982,Spoiled,0.9271731663763664,0.0,99.49654253373146
36.25,6.45,5.899,Poor,74.21107209216363,1.6706757231615765,60.137756961095086
22.0,6.57,4.451,Poor,50.672515060626445,1.7739432529351966,64.30691711041179
5.25,6.9,2.418,Good,88.51465688448528,4.771038893613354,0.5438693706309772
6.38,6.91,2.661,Good,88.37556503114705,4.734057855127868,0.5460379228538622
14.56,6.93,3.525,Acceptable,77.2561334126428,3.3495568265758506,2.5947568691847063
34.0,5.97,6.244,Spoiled,1.0505234595964075,0.0,99.4962162678085
38.81,6.56,6.303,Good,77.26880225457907,1.7607675605710489,64.81232106245736
18.88,6.69,3.543,Acceptable,61.73135950351719,2.5424782277804563,15.277343381087551
35.12,6.58,5.602,Good,82.7120638620155,1.9465129289364829,48.172188974481486
5.56,6.93,2.138,Good,88.0627971890194,4.758200862029503,0.5438693706309772
4.19,6.95,1.885,Good,87.53975643814836,4.791366702169622,0.5473803119721132
14.5,6.68,3.398,Poor,62.53662041345456,3.0070671495996923,10.462185997825586
11.25,6.96,3.086,Good,80.07156220863024,3.701627561584021,2.176921234539769
25.5,6.76,4.822,Acceptable,72.04286016238,2.2709895419883024,26.11321222978905
30.19,6.84,6.422,Good,80.72980884273255,2.1760207214902207,24.5829686521383
3.38,6.92,2.192,Good,91.16080796494725,4.7946533948638494,0.5438693706309772
27.38,6.65,5.236,Acceptable,71.3650816655513,2.0753489439344435,33.6733225917236
35.31,6.6,5.522,Good,83.0921980000974,1.9795575636046243,46.61068452198079
33.69,6.62,5.339,Good,81.29433653679784,2.001313702453224,44.7643953455406
33.38,6.21,4.862,Poor,23.275718204331774,0.227241155313326,99.40028493882103
36.25,6.65,6.202,Good,87.41643903743149,1.994116610804991,42.75074964810889
32.69,6.66,5.553,Good,82.07159574522021,2.003012748560705,44.90499416702576
9.44,6.87,3.142,Good,81.24717827446045,4.0323117085599485,0.9940324204088609
10.81,6.82,2.804,Good,77.55919394544519,3.6993486453945845,2.435813238903221
8.12,6.83,3.055,Good,85.77220108511942,4.294557614593031,0.5834582932484937
16.69,6.66,4.312,Poor,59.77710908379948,2.230358575727155,39.31954809505984
10.25,6.82,3.321,Good,77.72161314104143,3.7499480347191887,1.4724172913079516
13.38,6.84,3.25,Acceptable,76.95724732947183,3.329233418168947,2.047356299053144
7.94,6.71,2.476,Good,65.56209841263157,3.6259509170697184,7.490204007136885
21.81,4.84,4.524,Spoiled,0.9195841645770392,0.0,99.4995662794001
25.75,6.15,5.866,Spoiled,16.524355307107765,0.0,99.48005198287431
32.81,6.63,5.793,Good,80.8365598399871,2.0019231883623174,42.64455843373154
33.12,6.69,4.913,Good,87.49812641884401,2.0479115079533066,31.334864379660335
13.69,6.82,3.421,Acceptable,76.53062482882356,3.338907567761883,2.4274899042937874
13.19,6.82,3.759,Acceptable,74.14926212342237,3.1120747104208952,5.916314109840222
7.69,6.79,3.079,Good,86.24647731771027,4.3978483268689486,0.7875893949940675
35.81,6.65,5.622,Good,84.31804067350515,1.9929683951998416,46.00955737016787
34.31,6.6,5.706,Good,80.90409869493452,1.9807384803494552,44.203309726645614
19.31,4.9,4.839,Spoiled,1.2209045027013965,0.0,99.4995662794001
37.19,6.74,6.839,Good,87.42056869625242,1.9893157756496096,45.34078681093978
36.62,6.62,5.988,Good,87.2629453448157,1.9839554465831668,44.40807826242326
8.12,6.88,2.546,Good,86.74227770861569,4.3519663077000175,0.5610062264709331
29.88,6.61,4.557,Acceptable,73.7084540522507,2.0375990389785565,37.63017960745402
5.94,6.85,2.292,Good,88.41765846727183,4.748117485426841,0.5515686746602814
16.0,6.66,3.618,Poor,60.576396700260595,2.5739504667884474,21.935056353968285
27.88,6.64,5.241,Acceptable,71.47815320118082,2.055516131120888,37.03578518884249
13.69,6.66,3.327,Poor,57.07973782156334,2.5631733902922527,26.263454002763396
29.56,6.59,5.3,Acceptable,70.57968872816878,1.936056854282015,49.33810552471973
36.12,6.71,6.703,Good,87.4537002892701,2.01484393255634,41.203419224641635
12.94,6.69,3.788,Poor,60.62900676538345,2.904211728564803,18.856021693872137
34.69,6.59,6.062,Good,81.17475195124557,1.9557694286106713,46.76065677041204
21.44,6.3,5.158,Spoiled,22.72616225586505,0.13843388430345607,97.25923576141358
32.06,6.64,5.603,Good,81.43691816351273,2.0352274473398566,36.168967299685754
19.19,6.1,4.214,Spoiled,10.667879026544488,0.0,99.20704938717577
19.06,6.73,3.908,Acceptable,63.153576225752175,2.429871398018271,17.083367814938104
36.5,6.62,5.921,Good,87.15330536110054,1.986967955779047,43.27828432536633
9.31,6.88,3.002,Good,81.8499182890835,4.0506647817649135,1.8012870852270493
20.5,6.66,4.068,Acceptable,60.47251772401126,2.414563239524021,20.704927574035853
13.0,5.72,3.996,Spoiled,1.3460676550071935,0.0,99.47666044764392
7.56,6.3,2.21,Spoiled,13.248601171639677,0.014805248741892194,96.5484950837011
8.88,6.95,3.032,Good,86.31548492123727,4.222364418879857,0.8063692987716726
6.12,7.17,2.908,Good,88.02302476530963,4.726899844548755,0.5641276036385046
5.19,6.76,2.515,Good,88.37707166425027,4.710232650845902,1.3538891117539416
7.25,6.77,2.747,Good,83.3736225177959,4.477866688967011,1.0344045742351513
8.25,6.77,2.641,Good,78.06509247280275,4.1888837011353495,1.328913332885613
25.56,6.65,5.208,Acceptable,68.98890261844326,2.090501187533595,29.961576483675444
22.62,5.39,5.214,Spoiled,0.6858142582851667,0.0,99.4995662794001
37.94,6.54,5.709,Good,86.44896222344897,1.9283365114317623,50.51526516224432
35.5,6.53,6.302,Good,81.91907411530771,1.928537560619139,44.169505151365314
35.12,5.45,6.412,Spoiled,0.6082919701920727,0.0,99.4995662794001
16.62,6.77,4.1,Acceptable,68.02112728057068,2.8968533059181345,7.137941388582961
9.25,6.87,2.942,Good,80.9795973848781,3.9777729649374245,1.3119117435030723
29.44,6.58,5.684,Poor,68.68762991460375,1.8934075699993453,52.638548161782104
13.38,6.7,3.678,Poor,61.158184428857005,2.91347184021727,10.959318197446093
6.5,6.82,1.838,Good,85.8663829113787,4.7109603616360545,0.5509281173721592
18.81,6.72,4.21,Acceptable,62.5015122299871,2.644697929223493,10.211888385830974
28.62,4.76,5.449,Spoiled,0.7110183640324375,0.0,99.4995662794001
4.81,6.98,2.44,Good,89.11523931452106,4.781102696615201,0.5573805615125914
36.19,6.69,6.017,Good,88.17110328043131,2.0089629291885225,42.21438656867831
33.19,6.64,6.335,Good,78.46302162419285,1.976204278324588,50.0504066849195
24.0,6.42,4.591,Poor,33.83665752331853,0.8237699602248114,93.84819603860768
15.62,6.73,3.294,Acceptable,62.837858437588835,2.722917349514513,10.714518798031255
27.75,6.58,4.65,Acceptable,62.534380732664076,1.8663081930044947,48.696652322862754
31.69,5.06,6.271,Spoiled,0.7949982471456938,0.0,99.4995662794001
15.19,6.65,3.954,Poor,60.31339104613622,2.5845423454071748,17.30389496190944
4.94,6.81,2.255,Good,88.88468299061195,4.768738687493442,0.6993029387225136
19.56,5.3,4.801,Spoiled,1.1429204466868987,0.0,99.4995662794001
5.75,6.94,2.19,Good,88.2712527730147,4.755229759355314,0.5443361073406295
35.5,6.63,6.196,Good,84.17907993389062,1.9927112330231262,41.80739593958636
32.81,5.17,5.633,Spoiled,0.7429002275126929,0.0,99.4995662794001
13.0,6.1,4.063,Spoiled,2.2373183436934583,0.0,99.37739822893988
3.69,6.83,2.168,Good,91.50679648921874,4.794648223077574,0.5457937066685242
9.0,6.86,2.716,Good,84.50287601730615,4.095893521891421,1.0788891730092693
17.19,6.69,3.876,Poor,61.984179348842254,2.6496461600760184,13.329107068208632
36.38,6.57,5.889,Good,86.19763640706012,1.9406872042471797,49.86420474187071
32.56,6.74,6.096,Good,84.98468687427375,2.1291226095290656,31.22389712857624
27.5,6.55,4.992,Poor,57.788313982023276,1.7677253826031767,60.97618785643593
16.5,6.59,3.518,Poor,48.81866118501312,2.062585230153212,47.899328521533576
5.69,6.86,2.121,Good,87.36714399425558,4.750661033532406,0.5438693706309772
21.5,6.46,4.57,Poor,34.91851550331457,1.0052535207751234,91.3944109444952
33.5,6.65,5.337,Good,82.4707355095728,1.9889512311014486,44.78667947078693
4.62,6.9,2.157,Good,90.6925483054534,4.7946533948638494,0.5438693706309772
11.12,6.58,3.017,Poor,31.344574804939548,1.3593745580729055,55.758433352137125
5.81,6.93,2.551,Good,88.28219466250268,4.746834432518813,0.5440937357067342
23.0,6.69,6.207,Poor,60.184740310506406,2.0059067590804043,43.79555442127802
29.81,5.04,6.314,Spoiled,0.7603799046965589,0.0,99.4995662794001
5.31,6.84,2.477,Good,87.80584736492301,4.7665165057239065,0.544990477624237
4.5,6.94,2.165,Good,90.63808012413193,4.7946533948638494,0.5443361073406295
6.31,6.79,2.686,Good,83.63326913261093,4.684344845010239,0.6901850147776718
28.0,6.74,4.768,Acceptable,74.9865503333323,2.227348071818014,25.77831819640954
15.94,6.31,4.498,Spoiled,17.818860224305286,0.13967837695493035,96.9936357095286
33.44,6.75,5.328,Good,86.05381312820826,2.0703113323818734,34.10154002873395
28.56,6.69,4.707,Acceptable,73.22202145715987,2.12304147580794,32.03844202923331
7.38,6.85,2.854,Good,87.89495446242162,4.545028538318153,0.556791844531897
19.0,6.8,4.623,Acceptable,68.5934965557363,2.5829663827264238,8.059906649437492
28.62,6.74,5.976,Acceptable,78.13763892630692,2.22628195939952,21.114484273035476
11.81,6.78,3.071,Acceptable,73.16142561575394,3.5646520544364497,3.243018740129307
14.38,6.85,3.475,Acceptable,77.01262140245326,3.337531097631958,2.3172329703025185
10.56,6.72,2.96,Poor,56.758537350272825,3.229124529866656,13.300018424643806
11.19,6.77,3.063,Acceptable,73.27577409105412,3.543801034297058,3.2919177960380535
4.56,6.91,2.497,Good,89.90037467063662,4.784805178542773,0.5451962561871956
14.81,6.77,3.454,Acceptable,70.67190127707654,3.1659413955409184,4.006786606026831
4.31,6.86,2.369,Good,91.88273231150325,4.7935159779862735,0.5438693706309772
16.81,5.23,4.607,Spoiled,0.9946084837063589,0.0,99.4995662794001
22.12,6.51,4.346,Poor,42.328540362014394,1.5769945711185442,74.59198674348521
12.62,6.79,3.212,Acceptable,74.61554737184645,3.431637048752782,2.89610848931332
6.25,7.08,2.506,Good,88.19934319922702,4.738538538858627,0.5507202514569949
14.12,6.5,3.955,Poor,24.938737276441486,0.6379648533763119,84.64677997171333
37.38,6.52,5.426,Good,85.62244953964979,1.932683072642035,49.139976891334065
16.44,6.71,3.221,Acceptable,61.027359105066296,2.614349006742009,21.39898822712925
13.12,6.2,3.296,Spoiled,5.9177503316841324,0.023589808142307257,98.43554172859841
35.19,5.65,5.071,Spoiled,1.3885313717174879,0.0016503009203438627,99.49272341972681
12.19,6.71,3.537,Poor,59.08276758786338,2.7750949393162774,18.89295491970665
8.81,6.76,2.745,Good,83.08356332944635,4.226323457563694,1.3793968566417152
21.5,6.76,4.402,Acceptable,67.87694323581533,2.409116258781605,18.931474134853648
35.0,6.53,6.05,Good,83.9287246085371,1.949784733552832,43.36682367780309
12.19,6.14,4.219,Spoiled,1.7212679278238092,0.0,99.37389307032215
11.38,6.79,2.981,Good,74.6385729617084,3.5744927168941265,3.022047888468551
11.06,6.77,3.17,Acceptable,73.26366495208389,3.5743306404580366,2.989767998211265
15.12,6.73,3.622,Acceptable,63.81214742956567,2.904112074883542,6.907503299172172
18.06,6.76,4.688,Acceptable,67.96289183481483,2.726012376160362,7.334004937870589
31.62,5.17,6.174,Spoiled,0.8443470235161669,0.0,99.4995662794001
21.62,6.72,4.809,Acceptable,61.41637483620173,2.150098808083929,35.436248077068555
28.06,6.73,4.237,Acceptable,74.83749827228314,2.254648537908214,22.64408381851259
31.88,6.68,4.85,Good,86.95687895126984,2.1048356488376956,31.924919453100145
26.88,4.96,6.083,Spoiled,0.7066570244956922,0.0,99.4995662794001
37.06,6.56,5.398,Good,86.31253411908732,1.945059815531843,47.1057196100363
11.06,6.8,3.355,Good,76.26377635563533,3.634693012432565,2.5732586743172594
36.62,6.52,4.55,Good,79.50416949688923,1.8716609881012878,58.34907575793442
21.12,4.92,5.691,Spoiled,0.6252958313488572,0.0,99.4995662794001
17.56,6.71,3.803,Acceptable,62.23976415993762,2.3166378325119608,20.678183172111716
6.56,6.74,2.461,Good,79.51499608164426,4.352664086746099,2.293931572457784
32.88,6.78,6.078,Good,84.14326884626561,2.082314927804413,36.32330471873522
33.94,6.65,5.558,Good,83.05288819698299,2.0047692141384053,42.20201446601382
5.44,6.88,2.194,Good,88.46595295493454,4.776290026359903,0.5438693706309772
11.5,6.92,3.003,Good,79.10298119169022,3.72906618226349,1.6716228312996766
12.94,6.76,3.425,Acceptable,72.23357972991313,3.36797907845649,3.463450618927432
6.56,6.89,2.757,Good,87.62614334719049,4.61084521826749,0.5480933645293761
16.31,6.78,3.693,Acceptable,68.18362697672272,2.898782450373349,5.376058168392402
15.31,6.44,3.871,Poor,24.23730682402031,0.6974640167062752,88.67326662877993
23.38,6.63,4.718,Poor,59.59063469452289,1.9963012227399488,46.367412489455
30.06,6.74,5.744,Good,78.62048934229867,2.1377127404775313,28.649156410734562
26.5,4.78,6.414,Spoiled,0.7182189540465487,0.0,99.4995662794001
17.69,6.74,3.989,Acceptable,67.21224882088279,2.488491733097513,18.578266307891003
14.56,6.88,3.15,Acceptable,76.69579368249913,3.3362929192301682,2.063230879501262
22.5,6.65,4.122,Acceptable,59.97398229728885,2.0266797696732386,41.797866682582935
14.31,6.21,4.506,Spoiled,6.167034688740909,0.030478917452364813,99.02441719307639
11.69,7.02,2.974,Good,79.69591071720707,3.6734449974113157,3.0956390459342638
32.44,6.63,5.375,Good,80.54825202583191,2.0064531300624697,44.58477549913453
16.38,6.78,4.222,Acceptable,68.08317693092452,2.828410278148021,8.50058900504305
15.62,6.75,3.745,Acceptable,67.79733178617872,2.8979849383663465,6.436255068145863
8.88,7.03,2.744,Good,85.97143737933769,4.214211026114212,0.8763680826802965
31.75,5.63,4.679,Spoiled,1.1544100690247774,0.0004158883083359671,99.49272341972681
36.88,6.55,5.526,Good,86.25251976208071,1.9399388615859832,49.63755012920267
4.75,6.85,2.19,Good,90.43275563640279,4.7946533948638494,0.5515686746602814
15.81,6.74,3.953,Acceptable,67.82092471643854,2.8908114109462835,9.71921009123097
16.19,6.68,3.973,Poor,62.29265767120744,2.792829398770314,10.490495179638236
6.44,6.91,3.511,Good,87.55672992229528,4.729064215772412,0.7324789746190123
18.31,5.21,5.624,Spoiled,0.6813935214837962,0.0,99.4995662794001
12.25,6.89,3.121,Good,78.1432809323953,3.5672895025778786,2.1637245263602525
28.38,6.44,5.267,Poor,42.51007119915267,1.2583107377399385,87.75518970557209
15.0,6.84,3.012,Acceptable,69.86980056544279,3.00619114032966,4.818607176251302
36.38,5.82,6.514,Spoiled,0.654996431125552,0.0,99.49491487788679
12.56,6.77,3.581,Acceptable,71.70272562226829,3.276004184385468,4.632300667739617
3.56,6.87,2.123,Good,91.1980627403293,4.7946533948638494,0.5438693706309772
36.06,6.69,6.323,Good,86.37914340517811,2.0059137379209413,42.49369829782578
25.62,6.72,4.662,Acceptable,70.24484441250492,2.2019402116944526,30.18095040505719
35.56,6.53,5.302,Good,82.25799737325781,1.925702503563741,49.727471725093594
25.88,6.84,4.752,Acceptable,74.06910073430709,2.321866845480657,16.991268689136696
6.56,6.97,2.605,Good,87.84039830322074,4.63036776528499,0.5448131039953339
12.56,6.65,3.141,Poor,55.799420158541714,2.6873222595441977,17.121106791103237
22.75,6.11,4.476,Spoiled,12.15405223155843,0.0,99.23675293662747
36.75,6.57,5.426,Good,86.10601658458957,1.9451999030312659,48.00036192241317
12.5,6.57,3.136,Poor,30.318531642822016,0.9233628426238485,62.660271427855406
9.69,6.78,3.156,Good,73.74990388551781,3.8561940094742866,1.8344382175269716
12.38,6.6,3.164,Poor,46.747263143627784,1.8896492645523986,40.34466211017164
14.12,6.83,3.602,Acceptable,73.51876841522461,3.269986495752791,6.09069837093625
24.81,6.65,5.389,Acceptable,62.56449244446375,2.047044591656966,38.99600869540569
35.81,6.54,5.754,Good,83.15366022377573,1.9433516601103409,47.67827647131521
29.81,6.57,5.056,Acceptable,64.65691476215082,1.8604605114513268,56.127851769991395
9.5,6.79,3.154,Good,80.23697531307846,4.025957337469589,1.2781943722756708
7.25,6.79,2.759,Good,85.30007007607517,4.5381500855073655,0.6983133526715859
7.06,6.8,2.433,Good,88.44600715941948,4.623501610690768,0.758145099965033
28.19,6.66,6.141,Acceptable,72.24195370891512,2.0076589095705857,35.10829850262855
25.81,5.13,5.506,Spoiled,0.6061899047065985,0.0,99.4995662794001
28.06,6.2,4.888,Poor,18.28185855341165,0.17488981297395256,99.4039588464309
29.19,6.57,5.618,Poor,65.63699662183916,1.8849426677821646,54.931079477570854
31.5,6.64,5.106,Good,81.24040902676794,2.0358752014613413,37.841324157932675
21.69,6.64,4.459,Poor,59.60278453390957,2.2072547063491994,29.41555719459116
17.94,6.66,3.457,Poor,59.92856684439397,2.3820922402584594,27.289532413420797
35.06,6.53,6.0,Good,83.78377072227032,1.9531980320480482,43.647362829256025
10.06,6.88,2.646,Good,77.4262837453585,3.8718473417961765,1.9741662365172676
9.69,6.23,3.225,Spoiled,5.290920522996955,0.00015403270679109895,97.9784428006963
12.06,6.82,3.362,Acceptable,77.35796707936375,3.545165777342482,2.7095430244076746
8.25,6.73,2.927,Good,73.70644859681258,4.000049528803056,7.777574445668665
24.75,5.14,5.479,Spoiled,0.6166351969341489,0.0,99.4995662794001
14.44,6.82,3.465,Acceptable,76.05807398672361,3.318154241276948,2.5996016336955807
32.81,6.52,5.871,Poor,72.96495400199778,1.8823971050462822,51.71777131397466
33.69,6.56,5.469,Good,80.23320250312078,1.943645073143639,48.2540674897574
17.44,6.7,4.136,Poor,62.04859699579051,2.616237960427113,10.778799758007905
6.44,6.87,2.4,Good,87.99311768054426,4.720461023670462,0.5438693706309772
37.38,6.64,6.054,Good,86.8811695153391,1.9848516865937393,48.81731035463475
28.31,6.45,5.286,Poor,43.27080547138586,1.2994973035429644,83.9704375191489
32.56,6.66,6.271,Good,80.28188599115055,1.998567886246476,46.923770940082385
20.88,6.67,4.268,Acceptable,61.55807397222169,2.4038848823972048,17.723618543084893
23.62,5.03,5.024,Spoiled,0.5828231174035049,0.0,99.4995662794001
33.06,6.56,5.177,Good,80.19354655546984,1.9431182480474174,44.123237963813295
5.94,6.96,2.567,Good,88.08054462989075,4.746447283212516,0.5448131039953339
24.0,6.46,4.633,Poor,37.354390126580846,1.2761196722601842,82.49482330874444
7.31,6.92,2.892,Good,88.41975998343119,4.561999253997128,0.55757890836756
17.31,6.65,4.042,Poor,60.0600772339304,2.4964311233206655,16.383277977338818
14.56,6.71,3.937,Poor,63.466877565424454,3.0417457142859177,9.638535332899222
14.0,6.8,3.566,Acceptable,74.07401834761423,3.2725555044959376,3.3621413562887015
19.5,5.24,4.712,Spoiled,0.8883284755277417,0.0,99.4995662794001
8.38,6.73,2.432,Good,78.12402163295211,4.034409947631291,5.310398925204421
6.19,6.95,1.902,Good,84.75641206728103,4.754582041765927,0.5473803119721132
34.5,6.66,5.869,Good,83.05824615425735,1.9948595905738087,43.129998124924924
33.25,6.52,5.443,Good,78.93311827021516,1.940535820462194,48.393118278063426
30.69,5.06,6.157,Spoiled,0.8256196775607385,0.0,99.4995662794001
40.0,4.82,7.185,Spoiled,0.7173632754164936,0.0,99.4995662794001
16.25,6.71,3.398,Acceptable,62.28926684299577,2.6921477639666915,14.411945786577437
10.94,6.81,3.109,Good,75.90491739004052,3.576465409668322,3.7376007516059375
36.88,6.58,5.225,Good,84.35513425743575,1.9374714691882646,49.10524046538415
27.25,6.57,4.839,Poor,58.11178931164247,1.7997216912540956,64.51556764799135
11.94,6.82,3.261,Good,75.89460519775726,3.4564735208380637,3.477117610253202
11.5,6.76,3.517,Poor,72.7524439681219,3.514974289872109,4.443126589491118
39.19,6.36,5.827,Poor,43.776844547527645,1.2427946027525103,98.8567735615488
7.44,6.65,2.698,Poor,43.57769266175298,3.171687658813535,18.613077225070985
20.25,5.32,4.928,Spoiled,1.1926237382551081,0.0,99.4995662794001
19.62,4.99,4.973,Spoiled,1.4121827089321288,0.0,99.4995662794001
29.5,6.59,5.062,Acceptable,71.43564452836897,1.9539787107237463,43.31529808053331
23.44,6.26,4.337,Spoiled,20.65121397481947,0.07397479750080405,99.0352619978034
19.88,6.47,4.344,Poor,33.23724635844338,1.069491516454077,89.3216159926947
25.88,6.72,5.026,Acceptable,70.39388243681988,2.2539059311855727,23.6011729530982
24.06,6.69,4.366,Acceptable,63.79783089104749,2.171933660271385,29.52659380951009
26.88,6.55,4.921,Poor,56.93811582924862,1.7549702767603348,60.75663493035033
14.5,6.54,3.812,Poor,31.567843072564315,1.2977089437168896,66.80094707636876
5.38,6.87,2.277,Good,88.52791309282703,4.775450697824556,0.5438693706309772
16.94,6.85,4.229,Acceptable,69.58665580968055,2.919952846832637,5.1781615706466155
20.69,6.57,4.208,Poor,50.91163448308367,1.8462684118569668,58.32578700396918
36.12,6.45,6.008,Poor,70.48563181722014,1.6013544775413362,62.522905860327896
22.25,6.63,4.43,Poor,59.40294882390815,2.1449690769494247,32.86347865369986
18.5,6.7,4.089,Acceptable,61.96113296312588,2.5609633923026545,13.118831197196828
14.5,6.84,3.574,Acceptable,75.54885763846525,3.300900113329974,3.007711619055943
12.88,6.92,2.976,Good,77.39495639546377,3.44038196286782,2.1250743835800736
34.88,6.62,5.621,Good,84.10866441812175,1.998091633002209,43.33713015354205
34.0,6.69,5.959,Good,84.73089975373385,2.016824008081271,40.125487595595644
12.0,6.76,3.089,Acceptable,71.98086091455683,3.3640864765830614,3.9183820948810415
14.62,6.72,3.653,Poor,63.106328244387576,3.0320965526986745,7.476094421170803
29.06,6.23,5.507,Poor,21.898929651296395,0.043559104364670094,99.48677014537643
15.81,6.86,3.574,Acceptable,72.8835091656815,3.0783685611131517,3.743816695020289
34.81,6.52,6.169,Good,80.89819357977201,1.9339128095421134,43.47777432848862
31.06,6.31,5.814,Poor,29.54711346242077,0.4525513175041839,99.40168432803114
10.56,6.85,3.002,Good,78.36973212487118,3.7935257113023817,1.2312362864478086
15.81,6.51,3.92,Poor,30.852245375998393,1.1465507939762856,75.2763388145625
31.19,6.56,5.315,Acceptable,75.82413699277582,1.9107700005466266,46.5776694582284
14.75,6.89,3.351,Acceptable,76.29140259886921,3.317256221525318,2.8673178595947135
27.38,6.18,6.168,Spoiled,17.314846306782314,0.0007710848866375243,99.46714664748396
23.56,6.69,5.124,Acceptable,64.22577920001007,2.1692742715812114,32.631122270313
35.06,6.49,5.478,Good,78.374153873703,1.863183386746915,55.862925172519105
10.12,6.96,2.924,Good,81.13278704839539,3.9255830436332126,1.5729502867029905
7.81,6.99,2.356,Good,86.3682726416952,4.383079534949589,0.5647129318430723
14.69,6.86,3.491,Acceptable,77.10995241180783,3.3346212405898252,2.9006987691223887
6.81,6.79,2.368,Good,87.37773316207132,4.632851976314904,0.764370932178186
35.75,6.58,6.071,Good,83.3708873099961,1.9394148378318399,49.02556330362565
16.94,6.75,3.764,Acceptable,67.72567366387453,2.878228803349699,6.909888278845074
35.62,6.65,7.898,Good,80.30750455002716,1.7850244600343343,58.21312477883285
33.81,6.59,5.563,Good,80.61475520043437,1.9696078743181418,45.93113503635432
4.94,6.9,2.328,Good,88.8616208329401,4.765699213832885,0.5438693706309772
34.44,6.68,4.848,Good,87.6575743168562,2.0529898963671225,36.37375185771489
19.38,6.65,4.248,Poor,60.014976037436675,2.43194311342728,14.433551797580368
35.06,6.64,5.736,Good,84.73539747534248,1.9995679360342546,43.239078689322014
22.25,5.46,4.479,Spoiled,1.053150100052527,0.0,99.49938469025281
12.06,6.75,3.502,Poor,71.49522225383697,3.324550648806079,4.168152297192945
34.06,6.62,5.672,Good,81.58710429183286,2.000595390451521,42.69124882346908
32.75,6.69,4.828,Good,88.07275447330913,2.11185766252552,28.003516960636656
15.88,6.65,3.558,Poor,59.9999373128097,2.5108375578793543,21.36858558596714
7.5,6.83,2.589,Good,88.48999626653077,4.5241108653786,0.6038845329076721
27.88,6.77,4.997,Acceptable,76.6068802743272,2.282063152473792,20.837348603096164
25.19,6.66,4.982,Acceptable,64.67001792526928,2.061778079713768,37.40414380654159
7.94,6.88,2.786,Good,85.79515868045095,4.350898144029719,0.5672222565423727
4.56,7.08,2.635,Good,89.93465145549696,4.766127613832655,0.5520471370132132
3.88,6.98,2.024,Good,88.95815616507404,4.784769689378193,0.556903564857887
19.0,5.44,5.201,Spoiled,0.57076939758277,0.0,99.4995662794001
2.81,6.91,2.015,Good,90.91103014317706,4.7946533948638494,0.5438693706309772
27.31,6.53,4.947,Poor,55.98502189393619,1.7247912516015291,62.028022064751475
20.94,6.66,4.203,Acceptable,60.24770046470049,2.371149305188051,19.16264730491506
10.69,6.9,3.408,Good,80.20159041843006,3.8344783874379007,1.1788621961877443
15.06,6.79,3.689,Acceptable,68.30090244915306,2.9483471181793193,5.096411763340052
28.94,5.29,5.836,Spoiled,0.691577674906156,0.0,99.4995662794001
14.5,6.77,3.874,Acceptable,70.14317809666241,3.1111002421251093,9.366992034787675
36.0,6.48,6.241,Good,80.78388797517016,1.8730831761273865,51.877566846001926
21.25,6.69,4.402,Acceptable,61.771890657933994,2.290646553455363,25.15447178804509
13.06,6.54,3.607,Poor,26.344053571833115,0.8022421940254284,75.09289644046193
36.62,6.52,6.191,Good,87.0055612860728,1.9496385874945588,40.53191490434346
33.38,5.84,6.387,Spoiled,0.6507195712408,0.0,99.49521350351588
12.0,6.65,3.268,Poor,53.64019331626799,2.481435767812797,25.721869916684817
25.69,5.92,5.214,Spoiled,0.6368433977569449,0.0,99.4980440984765
25.75,6.77,3.993,Acceptable,71.80889749214163,2.2612829912302184,23.097246008216917
15.94,6.7,3.86,Poor,62.13156274798381,2.52315180105642,19.09664713727187
20.81,6.55,3.67,Poor,48.71345150982123,1.7747902090557055,65.82139157735749
21.19,6.6,4.429,Poor,56.33522080216035,2.068894183969309,46.67074719708011
11.94,6.77,3.347,Acceptable,72.07699887673604,3.3853558311450107,3.905989539419178
11.25,6.8,3.303,Good,76.32908287186866,3.623895731462341,2.5637399946109642
4.12,6.94,2.299,Good,92.53291874194291,4.794477422665294,0.5445887389195768
18.5,6.92,4.225,Acceptable,68.9004008921005,2.7132804990655375,8.013959229822486
35.62,6.45,6.446,Poor,77.93240250479818,1.738869678225929,54.486083596383885
38.56,6.47,5.51,Good,62.935559599759415,1.3378392568980038,82.25531633923198
29.5,6.64,5.859,Acceptable,77.53944622333454,2.048240184272427,35.902683465511764
13.69,6.07,3.757,Spoiled,1.1660292009006559,0.0,99.41342462541976
32.5,6.49,5.508,Poor,79.62175339816937,1.9475663259946299,41.473619561637314
17.12,6.76,3.861,Acceptable,67.83178627507327,2.7350554656983457,8.854020590762502
4.94,6.82,2.011,Good,87.68528952961478,4.769531564834358,0.5509281173721592
28.56,6.77,6.076,Acceptable,77.7450866338514,2.2339546111476842,22.862282945221168
7.44,6.88,2.456,Good,87.41656114768588,4.551121687758077,0.5546427661438912
7.0,7.11,2.705,Good,88.34986321311314,4.661819444379214,0.551516179862314
5.19,6.82,2.337,Good,88.22589177488028,4.772432142433972,0.5478839127406756
7.94,6.75,2.4,Good,83.17235036223903,4.260421632119146,1.556937740737687
29.44,6.56,5.175,Poor,65.02402466796505,1.87038874402182,53.20386699590335
14.38,6.84,4.276,Acceptable,70.75446083084779,3.0742005659836926,5.11590423866998
4.19,6.85,1.949,Good,91.27164472379944,4.794491800785183,0.554612879291765
15.44,6.75,3.591,Acceptable,69.0220210550495,3.0008653292847693,4.732540893414631
23.88,6.59,3.603,Poor,54.2572823737829,1.9016492098579512,55.53608257520292
29.75,4.74,6.432,Spoiled,0.9307503557798595,0.0,99.4995662794001
16.69,6.51,3.812,Poor,36.25376394263142,1.445594316528124,74.31598656926049
20.0,6.66,4.498,Poor,60.123998011064046,2.3997826462158662,19.864781398358357
13.56,6.71,3.414,Poor,61.8031088661755,3.05715784031745,10.927749690654537
18.38,6.77,4.893,Acceptable,67.79249525565972,2.5000060172750027,10.300333416812675
11.0,6.94,3.304,Good,80.96021936806977,3.7808126070019075,1.4954103610819656
33.38,6.52,5.6,Good,78.72597297115186,1.9404069916582383,48.710226076760655
27.38,6.67,4.388,Acceptable,73.43995394254063,2.203098740195504,29.911930354546186
31.12,5.78,6.16,Spoiled,0.7663325669175345,0.0,99.4995662794001
26.69,5.22,5.474,Spoiled,0.6780109047310536,0.0,99.4995662794001
31.12,6.64,4.484,Acceptable,81.78538783894935,2.0350397383358096,35.78952998585708
27.5,5.3,5.358,Spoiled,0.5823120323499698,0.0,99.4995662794001
37.56,4.83,6.316,Spoiled,0.9060998662569526,0.0,99.4995662794001
11.5,6.74,3.264,Poor,71.13600136496217,3.424189150809921,3.728236695870296
25.56,5.12,5.524,Spoiled,0.6930387675800707,0.0,99.4995662794001
16.12,6.77,3.89,Acceptable,68.00078302834015,2.7889717167518913,8.464418647029465
24.19,5.08,4.891,Spoiled,0.5978359515451566,0.0,99.4995662794001
35.56,5.31,6.616,Spoiled,0.5857792464233901,0.0,99.4995662794001
15.69,6.63,4.2,Poor,59.55347227472515,2.398390075950856,34.162000664028476
4.19,6.88,2.258,Good,91.5001977659613,4.7946533948638494,0.5438693706309772
13.56,6.82,3.159,Acceptable,75.64217278530653,3.3140749201689554,2.2267676049812386
16.12,6.88,4.489,Acceptable,70.3328505304783,2.967893582366411,5.4787998618308
17.62,6.78,4.417,Acceptable,67.81650813695533,2.6985034633723126,10.408847742087984
9.5,6.89,3.086,Good,83.20892513657742,4.0793493161979795,0.9648778688131059
21.0,6.6,4.878,Poor,55.80632823541176,2.0846865703775825,37.46920337137635
12.81,6.63,3.198,Poor,55.53523073316595,2.631775192112943,18.35891650321643
8.69,6.88,3.418,Good,82.91081330725983,4.223755381237237,0.6802666581296758
28.5,6.68,7.018,Good,72.69943899435823,2.0086291824200817,43.526229466198956
10.31,6.48,3.029,Spoiled,22.427351297466867,0.33125878607457016,81.5946705637246
32.25,6.54,5.091,Good,78.8343672313589,1.9339298287097915,45.85347624672101
39.19,6.55,6.044,Good,71.95235874574786,1.724733137709141,68.66531550312868
13.31,6.78,3.687,Acceptable,70.54268254937335,3.1228870921929843,8.608866594321881
14.5,5.52,3.437,Spoiled,1.2284742849915231,0.0,99.45125377050078
4.81,6.78,2.473,Good,90.1876117038609,4.7531374716441555,1.4896519866745885
17.62,5.34,4.574,Spoiled,0.9272039837721504,0.0,99.4995662794001
21.06,6.6,4.483,Poor,56.32129250467606,2.112618356241613,40.36133126045286
34.94,6.69,5.976,Good,86.62536252660948,2.011003626415243,40.647093695865884
20.88,6.68,4.114,Acceptable,61.78673965270969,2.368567225371497,20.283981042251405
12.06,6.78,3.056,Acceptable,72.34203282636355,3.46363656376002,3.355031281132979
9.31,6.85,3.13,Good,80.76124821191135,3.9723425879804055,1.895994167617883
18.69,5.89,4.458,Spoiled,0.7170323424730367,0.0,99.4979765655541
17.06,6.54,3.677,Poor,39.72480586119049,1.7526363987083784,62.593658823613865
24.19,6.59,4.815,Poor,53.0885753102643,1.8788632429289964,59.90927342150131
27.44,6.72,4.464,Acceptable,74.8240348265932,2.2679109632397694,19.607064912014916
24.56,6.69,4.85,Acceptable,63.2596132575225,2.081784961623431,36.06519565149935
31.31,6.51,5.43,Poor,75.61087023235828,1.940279290885739,45.79124847544928
32.19,6.6,5.341,Good,79.3112761869296,1.9903066122670623,44.70384290364905
11.5,6.66,3.59,Poor,45.633275292700084,1.5627207129714893,55.677899318253594
34.94,6.65,6.036,Good,85.62828527728706,1.9983184471202409,40.297761454791285
40.38,5.0,7.253,Spoiled,0.7465597999660306,0.0,99.4995662794001
5.06,6.81,2.223,Good,88.01907785690823,4.762900786880103,0.6595251609447357
2.75,6.95,2.14,Good,90.16145854885134,4.7946533948638494,0.5443361073406295
26.94,6.65,4.669,Acceptable,70.70834828317653,2.0729558067037623,35.378752844072764
33.06,6.73,5.532,Good,85.08594299653272,2.0266871587332815,33.20618144650638
29.69,6.5,5.536,Poor,51.9341573607639,1.4324450846473264,75.6358819884059
6.0,6.88,2.602,Good,88.02942844696642,4.726505957951934,0.5440937357067342
21.25,6.62,4.211,Poor,58.5138595469289,2.176550456137303,39.07324124368354
16.94,6.79,3.622,Acceptable,69.45218575256821,2.9854172660159817,4.261838284300064
13.69,6.83,2.712,Acceptable,73.04768829939067,3.276606537343798,6.076759937286377
7.06,6.84,2.631,Good,89.54376823373842,4.669399184463255,0.5447661125484801
11.38,6.83,3.324,Good,78.62729479930834,3.693496277938948,1.8618587016169947
14.19,6.77,3.577,Acceptable,71.36801036278604,3.2497824770740946,4.102566622559229
10.88,6.39,3.002,Spoiled,18.027310788016578,0.19209633828998296,92.30006744041252
20.12,6.69,4.223,Acceptable,61.78812164002379,2.383340250340925,19.764454956913717
8.19,6.8,2.598,Good,86.11595188026097,4.302228668616245,0.8218726506228518
11.12,6.82,3.024,Good,77.33429185082404,3.6532033671402857,1.9265078137557787
6.06,6.87,2.521,Good,88.55579817611539,4.744170504181926,0.5438693706309772
35.62,6.63,5.848,Good,83.83737168848592,1.979801632197098,46.07054322137501
34.69,6.61,4.97,Good,83.34735336448571,1.9986210405780298,39.75544937914154
32.06,6.58,5.304,Good,78.78226276997277,1.9449315103068872,45.17899935137096
17.75,6.86,3.85,Acceptable,68.88133855808968,2.5188687320363696,11.654336118084633
30.5,5.0,5.313,Spoiled,0.6640900834256598,0.0,99.4995662794001
4.38,7.01,2.045,Good,88.99553214465803,4.782091862315445,0.5504676198780476
19.38,6.72,3.783,Acceptable,62.0157627837287,2.202339832540144,26.12321741333068
31.94,6.49,5.23,Poor,78.90057819582258,1.9451074645772177,40.10862134297483
12.56,6.72,3.258,Poor,59.33234182169002,3.014776683693971,13.718574893087169
13.81,6.88,4.04,Acceptable,72.06383247446172,3.2797001303098496,4.361588365716377
29.38,6.42,5.654,Poor,35.10935075966421,0.8406867649170127,93.05952938452486
38.06,6.42,5.902,Poor,74.54255367023981,1.6342815570915958,54.30635578885834
26.0,4.88,5.57,Spoiled,0.5318276409666239,0.0,99.4995662794001
35.94,6.62,5.482,Good,84.23343454024138,1.9948872053957776,45.390462727898594
34.75,5.68,5.871,Spoiled,0.6151965988224503,0.0,99.4995662794001
21.12,6.62,4.279,Poor,58.36821400791534,2.185141684233406,37.83058505664692
10.94,6.97,3.871,Good,79.17904492401259,3.7625916731253497,2.4009556735105737
21.69,6.33,4.706,Poor,26.920759239763512,0.4157420895078348,97.06569773487361
8.62,6.76,3.002,Good,85.28279368256888,4.276730990126032,1.1291143339682717
23.19,6.71,5.564,Acceptable,61.349728441966725,2.2301599219319113,32.148676368459576
14.44,6.71,3.374,Poor,63.005975801905315,3.078802325563552,9.869397141670591
9.94,6.68,3.124,Poor,52.98183893221899,2.9653565713224204,15.008853934700245
12.81,6.19,3.351,Spoiled,4.7368038279127065,0.01818101089717752,98.43330700979861
17.5,6.75,3.559,Acceptable,69.04428468814065,2.794554176979576,4.983986339748135
5.88,6.96,2.921,Good,87.37466429367078,4.739695743537871,0.5581471115092499
4.56,6.96,2.188,Good,89.87651946368179,4.7946533948638494,0.5443361073406295
27.12,6.36,5.561,Poor,30.190235805065267,0.5332228683413971,98.7836744910993
6.25,6.79,2.607,Good,85.76403124033413,4.690755963461352,0.7289325679751522
12.5,6.87,3.077,Good,77.52751334835705,3.4381677912880053,2.6513533852114963
5.88,6.92,2.403,Good,88.01662063374147,4.745594156888829,0.5438693706309772
19.12,6.81,4.172,Acceptable,67.9364270147362,2.56803181834229,7.830703847148789
31.19,6.54,5.152,Acceptable,74.10479604368624,1.8878307023566483,47.32473265474804
12.69,6.74,3.331,Poor,71.16656707402453,3.300640343991461,3.948106143764569
7.56,6.87,2.727,Good,88.24320476441882,4.559424025649672,0.5611513321515056
9.12,6.41,3.127,Spoiled,21.254261539434495,0.3086002985790181,84.52084866342038
36.62,6.58,5.62,Good,86.46810865788002,1.948988316356745,47.17841797803782
30.19,6.57,5.572,Poor,62.88000445607618,1.8423997698502308,61.339727291715036
11.56,6.89,3.4,Good,79.6500300047933,3.731941334105879,1.6061953348039433
9.06,6.66,2.873,Poor,49.355117387678746,2.7479302581509284,24.448583979273238
5.56,6.97,2.821,Good,87.02791593715985,4.730028127204515,0.5488127328179758
26.5,6.64,4.863,Acceptable,69.54558146401433,2.0404664638874723,38.31720129807304
23.56,6.44,4.626,Poor,37.15296211534715,1.2256321616853632,85.67698925818142
11.25,6.81,2.798,Good,75.66178202585112,3.542106195587561,4.268238888568194
20.56,6.89,4.244,Acceptable,71.14705644022872,2.6958348098518203,7.506877352470622
34.44,6.66,6.028,Good,83.34596822409381,1.998229276220359,41.203781418966386
14.94,6.74,4.057,Acceptable,67.61328464057611,2.8687606896905105,9.896229307747593
16.0,6.79,3.694,Acceptable,69.84592745161801,2.978131935414864,4.437424540862893
35.12,6.75,6.732,Good,86.5216601631301,2.019472899898255,41.1922725058988
18.5,6.79,4.081,Acceptable,67.89495174920751,2.6462265534202865,7.55730956320876
29.56,6.61,5.32,Acceptable,77.69830259697427,2.0158290225872517,36.396907421396165
7.06,6.74,2.741,Good,83.1372956575094,4.527024688530776,1.6200441217610537
9.81,6.64,3.005,Poor,44.13275470963894,2.2340109994213377,30.23184451664941
37.81,6.68,7.8,Good,86.39541167193262,1.9925234682840336,46.86506071479801
2.81,6.82,2.247,Good,90.73800337585132,4.794648223077574,0.5481082778164326
17.06,6.82,4.984,Acceptable,69.87349510777311,2.93915438672048,5.804359276048307
21.25,6.48,4.748,Poor,31.892856503377086,0.8686620542003333,92.50238969707071
22.62,5.04,5.009,Spoiled,1.0375027988877907,0.0,99.4995662794001
4.44,6.83,2.118,Good,89.65617405223954,4.794648223077574,0.5457937066685242
15.69,6.67,3.587,Poor,61.886650647359716,2.7992694336388717,13.158658514172476
31.75,6.59,4.928,Good,80.30534006980899,1.9862386516856718,40.73952605270239
14.38,5.33,3.831,Spoiled,0.9045983976409341,0.0,99.49685099308086
31.5,5.34,6.346,Spoiled,0.6689960142614467,0.0,99.4995662794001
3.81,6.94,2.144,Good,91.52986619726019,4.7946533948638494,0.5443361073406295
20.19,6.79,4.321,Acceptable,68.8086740792201,2.571827055227066,12.318416782469324
29.0,6.57,5.196,Poor,62.55316886818761,1.8618556489822786,58.696147563939924
14.88,6.79,3.224,Acceptable,72.08148532810179,3.009369191473446,3.7731018639271787
14.31,6.94,3.413,Acceptable,77.7834042117984,3.350314245207765,2.283116432057424
6.75,6.75,2.559,Good,86.70717069556457,4.6103388393526314,1.179149673327475
36.94,6.6,6.26,Good,87.4422520548076,1.9676870965923194,44.073637847377555
25.19,6.52,4.56,Poor,43.85604401137593,1.5789191211006652,79.07877500164295
14.56,6.73,3.726,Acceptable,64.78542406219673,3.104345896334934,7.2129766496399785
23.75,6.38,4.967,Poor,26.69388104996312,0.41313981498452756,97.8277241682016
5.25,6.92,2.294,Good,88.66663470490826,4.7774151131368425,0.5438693706309772
18.06,6.72,3.849,Acceptable,62.20234037518496,2.2703698078793892,23.52349505870669
12.75,6.77,2.877,Acceptable,70.41994591170989,3.266187673319967,7.7425822536690125
8.62,6.8,2.59,Good,85.49447810726862,4.276520774732678,0.9468893205556056
27.31,6.1,4.96,Spoiled,12.464238428776248,0.0,99.44163095363382
27.81,6.68,5.03,Acceptable,72.44761978632727,2.1263642360625044,35.00587370364386
7.44,6.75,2.244,Good,78.74389612015607,4.136385805822745,4.170076275134912
11.19,6.93,2.803,Good,79.29656146999525,3.6304409619754088,2.9440221925072114
35.56,6.65,6.741,Good,82.48558056593146,1.9712124756629725,46.89501825344683
27.0,6.58,5.477,Poor,62.76025781618887,1.8497204511965015,53.16304568742541
8.56,6.84,2.917,Good,86.2665490922163,4.307107615265963,0.6604856593369046
18.06,6.67,4.547,Poor,61.272077105003824,2.585090795022957,16.11508390466275
32.5,6.59,5.731,Good,79.81970492876589,1.973072170557516,43.44952738871619
14.38,5.83,3.966,Spoiled,0.7248079641824632,0.0,99.48974507806203
14.06,6.82,3.845,Acceptable,74.15031031281273,3.2571647913406543,4.969297568165715
35.38,6.58,6.072,Good,83.65693076333022,1.9389377368383998,47.81408928656629
17.56,6.84,4.063,Acceptable,67.89781831741958,2.622466267435394,11.72426710977823
29.12,5.13,7.846,Spoiled,0.9280083770416397,0.0,99.4995662794001
29.94,6.69,5.469,Good,77.44713801318056,2.0864791044565334,33.79987313094602
9.25,6.77,3.135,Good,78.94038416266497,4.002544425567567,1.2997298410035134
11.25,6.92,3.367,Good,79.89955494941448,3.76063340493813,1.4735009437482058
14.56,6.62,3.305,Poor,58.46599346213813,2.632753599104729,21.900997133738723
11.38,6.79,2.761,Good,72.63542549816918,3.4955097052693143,6.262387107670452
17.0,6.78,4.026,Acceptable,67.91083830564955,2.844576786995302,6.7131885078222115
35.88,6.68,5.871,Good,86.051788541596,1.9910645435418526,43.936734858106085
16.25,6.81,4.326,Acceptable,69.59458280228462,2.9559379713440195,5.612666140337384
22.25,6.79,4.721,Acceptable,68.97735936172005,2.3908498111871763,17.631878867727792
4.75,6.84,2.311,Good,89.90689282177782,4.793716821373494,0.5447661125484801
27.69,5.35,5.632,Spoiled,0.7656060834578636,0.0,99.4995662794001
29.56,4.78,5.835,Spoiled,0.6165964432842247,0.0,99.4995662794001
28.0,5.04,6.007,Spoiled,0.8834423459963203,0.0,99.4995662794001
30.56,6.63,4.93,Acceptable,75.45358465576298,2.0312186660487406,37.7604684730519
24.69,5.06,5.595,Spoiled,0.5446122097786306,0.0,99.4995662794001
9.81,6.84,3.139,Good,80.44009573498549,3.9908445405946544,1.1078335995669097
25.31,4.91,5.201,Spoiled,0.4797556011863197,0.0,99.4995662794001
9.5,6.89,3.2,Good,83.25316877239048,4.078851164699107,0.9648778688131059
6.56,6.86,2.423,Good,87.68050446613196,4.580524509784839,0.5438693706309772
8.81,6.74,3.201,Good,82.22856759343001,4.201315583665475,1.5341462429490402
13.62,6.2,3.605,Spoiled,7.545690807222524,0.014555399499853806,98.95351319518313
29.56,6.23,5.624,Poor,21.77796177417352,0.04411777898019448,99.48843744696374
22.38,6.76,4.32,Acceptable,67.71790281823043,2.3225667453125425,21.55307620454348
30.19,6.71,5.355,Good,77.87866470000552,2.098537545939813,34.383716684842646
15.25,6.86,3.968,Acceptable,68.86672159713345,2.9691184373491932,7.5334015855142145
11.5,6.65,3.314,Poor,45.5211362796644,2.2948420690650213,31.60938707643967
29.62,5.65,5.812,Spoiled,0.679184180445151,0.0,99.4995662794001
11.44,6.82,2.822,Good,76.95401648478791,3.5991479543248746,2.862070225765234
3.31,6.78,2.692,Good,85.98258922407813,4.757011808390596,1.4524909952840188
22.38,6.77,4.114,Acceptable,67.30294273574393,2.316661147505659,20.210807296243132
34.5,6.67,6.106,Good,82.89231309414163,1.9869383420517648,43.16144886821035
20.69,6.7,3.997,Acceptable,61.846221936257045,2.3395592193863806,22.449283120183992
29.44,6.62,5.741,Acceptable,75.21843544975052,2.0496954227684228,36.14673758535076
16.56,6.83,3.558,Acceptable,72.72843938169117,3.0322237767565374,3.271687848534327
30.25,6.76,5.216,Good,77.29335078186402,2.1086947957406106,31.95014678989224
8.06,6.84,3.178,Good,84.01597548044975,4.276676849659524,0.574476140450116
4.62,6.9,2.39,Good,91.10768289666721,4.7924844276502165,0.5438693706309772
5.69,6.83,2.362,Good,87.78881504087126,4.729227298468856,0.5457937066685242
27.19,6.58,4.297,Acceptable,60.57693132029646,1.8478962737408742,54.123056996217244
12.31,6.73,3.736,Poor,62.1143849678534,2.9399059392943445,12.345942622753018
26.69,6.74,6.195,Acceptable,77.98788522269531,2.305511210732715,18.4308754169118
36.25,6.56,5.975,Good,86.31659202258876,1.941664434184052,49.08015191629439
4.5,6.83,2.075,Good,89.78583182711758,4.79463219019152,0.5457937066685242
18.25,6.66,4.328,Poor,60.29685151110332,2.4760269638251264,14.638653781759182
32.75,6.54,5.299,Good,79.07666098130935,1.9395665977808796,43.83872578011311
17.0,6.66,3.655,Poor,60.246173997997786,2.5162120118006,19.796368198537735
34.5,6.41,5.669,Poor,50.643021864025606,1.2357505521628123,82.06669604608147
22.56,6.75,4.31,Acceptable,67.35213000815418,2.280256728378275,24.276392773959806
24.88,6.57,4.749,Poor,53.26223766666409,1.7878442310929306,61.34691104016501
15.19,6.94,4.028,Acceptable,67.72903871744676,2.778764298704413,10.078400543588033
35.62,6.67,4.858,Good,85.09169165049421,2.022031841688816,39.17870337115116
38.31,5.08,6.597,Spoiled,0.8452279768681967,0.0,99.4995662794001
27.56,6.63,4.404,Acceptable,70.90482810174547,2.065697051718589,37.25383983718285
7.88,6.75,2.897,Good,79.787510134987,4.180058148528866,1.2141147392632257
37.69,6.58,5.461,Good,86.20406576843267,1.9474146502677834,46.91821871050741
30.06,6.03,6.267,Spoiled,3.718573165544982,0.0,99.4928503931138
26.38,5.3,6.148,Spoiled,0.5463017947484656,0.0,99.4995662794001
9.44,6.82,2.773,Good,79.84839441082815,3.9965399837880535,1.3393162674591237
35.19,6.62,5.914,Good,84.22701260701739,1.9859696033417142,44.665475462680575
27.12,6.55,4.313,Poor,56.43048994175071,1.7489992472090767,68.00883833597916
35.44,4.89,6.599,Spoiled,0.6068327812667387,0.0,99.4995662794001
17.69,6.64,3.411,Poor,59.39722217931502,2.3512811583596624,32.403251760929535
6.62,6.95,2.461,Good,86.70910705249106,4.585676221032501,0.5443361073406295
32.19,6.72,5.072,Good,86.24642853179192,2.0860508607071013,34.29651211023604
29.88,5.43,5.36,Spoiled,0.530004615027396,0.0,99.4995662794001
10.69,6.89,2.918,Good,79.5991950120536,3.857281164827568,1.5477502008784416
10.06,6.21,4.102,Spoiled,4.267490134946752,0.028218064659669945,98.63368887139376
15.81,6.24,3.528,Spoiled,7.273960406348039,0.013507887087845578,98.99362399812752
29.5,6.55,5.036,Acceptable,67.0197575688998,1.8422878006186183,50.087610275813226
31.62,6.67,6.035,Good,82.6213775928407,2.1007854510148687,32.02409775083893
6.0,6.88,2.526,Good,88.30532199390281,4.744102112804656,0.5438693706309772
6.88,6.9,2.385,Good,88.82761686341355,4.663340816634239,0.5438693706309772
8.38,6.75,2.785,Good,82.52334093089543,4.242632882330733,1.5778288727587586
7.75,6.89,2.83,Good,87.89352214020637,4.525400350758699,0.5618711107882425
14.75,6.34,3.902,Spoiled,15.407143369096511,0.15504643742172072,97.6023301928942
16.75,5.64,3.977,Spoiled,0.610983400181396,0.0,99.49892667237988
8.56,6.89,2.384,Good,87.45684839644326,4.3378754394947014,0.6365056786332067
35.31,6.69,6.517,Good,86.57258572792179,2.017112320492933,39.73973617261897
26.94,6.76,4.969,Acceptable,76.103557493843,2.267555330327276,23.135551409059598
30.19,6.77,6.677,Good,81.17577621191646,2.1722936331011877,25.87637450582141
10.94,6.91,2.837,Good,79.15840331168772,3.7141737924307017,2.071821262814023
13.5,6.87,3.743,Acceptable,75.34115741904822,3.316592816161925,3.6898294220280765
31.06,4.98,6.547,Spoiled,0.8379034547240055,0.0,99.4995662794001
37.06,6.75,6.148,Good,88.69075143565004,2.007912082747485,41.16829147693861
12.44,6.76,3.735,Poor,70.18871890594848,2.98699993577179,8.58288310622996
7.81,6.99,3.354,Good,86.30375486623717,4.393864694027292,0.615505246281741
8.69,6.88,2.594,Good,85.85078799486723,4.302171390791797,0.6304183409708691
4.75,6.94,2.425,Good,90.65028138276878,4.792824834347806,0.5448131039953339
9.81,6.57,3.078,Poor,30.33371368867836,1.3863293565051216,63.72520823260534
11.31,6.85,3.218,Good,78.69598994118768,3.680118001418185,1.5686365393698458
10.5,6.71,2.754,Poor,59.150752089503285,3.477462729334186,10.168218101397764
30.75,6.64,4.977,Good,75.32791916306596,2.0305324411839893,39.575410935077116
7.62,6.76,2.411,Good,84.47712690843146,4.259120994400899,1.399365638958048
32.69,6.53,5.023,Good,79.19898584723113,1.9277713672962142,48.30932856303804
5.56,6.9,2.596,Good,87.63738831561498,4.72927665036239,0.5451962561871956
11.56,6.77,3.271,Acceptable,72.75929615439088,3.4802265240399266,2.9808433794421494
32.12,6.61,5.591,Good,80.15257759910995,2.0041706833028337,40.16797397158056
4.69,6.81,2.166,Good,89.75051066660441,4.794510559607135,0.6595251609447357
22.88,5.09,5.116,Spoiled,1.1311517520058347,0.0,99.4995662794001
6.25,6.81,2.687,Good,86.5838408387476,4.713631642609982,0.5954650216843472
27.06,6.32,5.26,Poor,30.399056169031336,0.5556616328000678,98.26779412379159
7.5,6.86,2.737,Good,88.1816390597686,4.561865793088472,0.5880064000404797
10.81,6.83,3.101,Good,77.97948229032329,3.7576831344435653,1.7307217831770636
26.12,6.64,5.96,Acceptable,66.94049272752379,1.8617315347473242,46.77026459129381
30.06,6.65,5.425,Acceptable,76.28478022992205,2.0380150105150907,37.01204786965655
7.06,6.89,2.699,Good,88.72275135495404,4.657408403488709,0.5446652990362963
30.19,5.05,6.095,Spoiled,0.8142446587301833,0.0,99.4995662794001
30.12,6.65,5.542,Acceptable,76.33355552717285,2.0428420700886507,37.016364246291964
25.25,6.72,4.543,Acceptable,68.44984397390198,2.2411695977335375,24.557416377058583
29.25,6.8,4.843,Good,74.1543041592321,2.0316756039328916,38.80252348493486
13.06,6.96,3.31,Acceptable,78.37155427221509,3.3970829757584537,3.6192013146522783
34.5,6.54,5.401,Good,80.47363413860182,1.9413411742918838,48.733271396375216
8.56,6.82,2.531,Good,86.39501669185363,4.302902750367061,0.6599361635329771
29.31,6.69,5.23,Acceptable,71.94363532093246,2.022969732204161,37.91346587391905
9.69,6.77,2.699,Good,72.64278870364966,3.755666206779268,3.2523954446821066
21.06,6.65,4.765,Poor,59.16317266673173,2.10332174423981,43.27436824678415
34.94,5.03,6.743,Spoiled,0.7034594018303427,0.0,99.4995662794001
13.44,6.85,3.522,Acceptable,77.61434533879962,3.356164524346942,2.22753126788905
28.25,6.68,5.119,Acceptable,72.6611229017913,2.1161565213528197,35.69035174928699
35.5,6.69,5.625,Good,86.08267096689904,1.9992996373382843,43.43430949921639
4.19,6.97,2.106,Good,88.59571091335154,4.794625653908995,0.5443361073406295
18.5,6.79,3.391,Acceptable,70.32341413602593,2.6537141409863287,8.95353467288376
36.81,6.66,6.098,Good,87.12512050763272,1.9901644184251213,44.95471606183521
9.81,6.8,2.605,Good,75.72265776141812,3.788245040217038,3.433278749745097
14.38,6.46,3.442,Poor,23.89382165759931,0.2741047921520424,86.4362735702963
29.12,6.39,5.151,Poor,33.706412981880526,0.7952268796138963,96.68251135598702
14.44,6.56,3.767,Poor,36.88286427459811,1.4621897648465887,52.36389816148482
9.25,6.81,2.839,Good,80.33542005437484,4.011334828118707,1.3636339882136341
29.81,6.63,5.345,Acceptable,77.56269422215287,2.0467645417599214,34.95307988969012
6.94,6.92,2.636,Good,89.26866181283637,4.678734535474349,0.5440937357067342
5.56,6.99,2.858,Good,86.2935822136613,4.716255459892309,0.5553509331300507
20.0,5.24,4.858,Spoiled,1.1534148351899711,0.0,99.4995662794001
31.12,6.71,5.98,Good,80.38689688925307,2.109897273217564,34.68726187269745
18.38,6.68,4.461,Poor,61.50635975142816,2.6148026104972866,15.261865824865557
15.12,6.76,3.912,Acceptable,67.76046682823387,2.860227381028679,9.834565499395236
5.0,7.01,2.491,Good,85.45368127742091,4.6758031413063375,0.550944616532752
5.94,6.87,2.276,Good,88.49721883874098,4.749728893401705,0.5438693706309772
13.31,6.82,3.277,Acceptable,75.49583470975506,3.295838216718235,2.5007017202450417
27.38,6.56,5.667,Poor,63.09051484422488,1.870506686014356,49.51159754242387
35.31,6.77,7.684,Good,84.39712068952596,2.0136644525125247,43.00897451037977
11.38,6.78,3.145,Good,72.70203314390447,3.4772064438477366,3.2911370259580406
37.56,6.62,5.776,Good,86.71772472722685,1.9942170365236083,46.465317918867505
38.5,6.67,5.948,Good,82.86375275962871,1.9785025314263096,48.570504848232915
28.62,6.74,5.648,Acceptable,78.01234276594481,2.23072509993432,19.84905843111486
11.0,6.86,2.873,Good,78.93560177045653,3.7316594585720595,1.7389223364191218
26.81,6.72,4.0,Acceptable,73.90575287135486,2.2582761779410716,20.540114169301432
36.81,6.71,5.855,Good,87.34626152170077,2.0067706863729273,44.98632560964144
15.12,6.7,3.41,Poor,62.22435149035072,2.8552777234253823,10.95067596923999
21.25,6.65,5.996,Poor,58.44827911532674,1.8304487329143007,59.17288257386897
13.5,6.71,3.202,Poor,60.44670145436062,2.831169866312773,17.54299133842051
16.56,6.8,4.093,Acceptable,68.6713883841067,2.9174725650570603,6.321022844012896
34.06,6.76,5.522,Good,86.700162145848,2.039540006295448,33.663332189387454
35.06,6.59,6.036,Good,83.82218701411873,1.9578282310492157,46.635612571013944
4.38,6.94,2.259,Good,92.3633129829188,4.7946533948638494,0.5443361073406295
17.44,6.82,4.111,Acceptable,68.42353376248474,2.7907497153306884,5.42061099537666
34.81,6.58,5.023,Good,82.5550085224527,1.9384554496404487,46.59729085351789
12.62,6.79,3.611,Acceptable,72.81601597480642,3.271109828351372,7.3665379715667845
12.69,6.32,4.035,Spoiled,12.655224536534144,0.08631337274085978,97.3692292021389
9.0,6.78,2.35,Good,74.57830369674932,3.9095662901866213,2.5066504426948044
12.88,6.79,4.376,Poor,69.92134649833457,3.1974147330168616,7.929660493429155
29.0,6.67,5.239,Acceptable,73.07507313051785,2.0662180600306415,36.20931666204149
31.31,6.58,4.89,Acceptable,76.52606578403233,1.9183665735224433,47.14504527421542
35.56,4.89,5.654,Spoiled,0.8762263594021805,0.002301546306304484,99.49817748976804
16.56,6.8,3.848,Acceptable,69.54882502944886,2.8795046350382107,7.185173907425114
27.25,6.44,4.877,Poor,39.41507486619756,1.186525698100329,94.08051431251687
4.81,6.91,2.223,Good,91.13557276511774,4.7946533948638494,0.5438693706309772
9.56,6.82,2.688,Good,82.54589920282095,4.02957501533827,1.4315338809617213
8.38,6.91,2.835,Good,87.61539533950234,4.3419713154076796,0.6598160810172236
9.75,6.85,3.071,Good,80.70644938404071,3.9684992927445153,1.3088404211703801
31.19,6.7,4.852,Good,82.67444183045103,2.0836573915820393,33.64131795216617
11.31,6.86,3.325,Good,79.41119836659294,3.7092728224237512,1.4928628643640627
36.19,5.23,6.154,Spoiled,1.092622807871182,0.0,99.4995662794001
5.62,6.79,2.25,Good,87.36909603580135,4.739536113244375,0.8421364803984538
9.0,6.74,2.945,Poor,74.64845709040787,3.8999444300448185,1.7454204021707904
6.62,6.93,2.406,Good,88.03952510250544,4.6051696174891354,0.5438693706309772
8.62,6.79,3.069,Good,85.76264852818998,4.2687065817323955,0.8483812818232696
37.0,6.69,5.565,Good,86.79198386280966,1.965314955936642,48.691354798649165
13.25,6.77,3.686,Acceptable,70.82929291989065,3.188581895581751,8.238650189854212
36.19,6.49,5.733,Good,79.80739185861431,1.8031571334184144,59.08951881205305
11.25,5.69,3.443,Spoiled,0.7577313854577334,0.0,99.37023305833839
32.25,6.49,5.533,Poor,78.33375582222439,1.916978492404252,44.13933623611135
21.44,6.68,4.627,Acceptable,61.44858407745456,2.154716845382889,33.747518889352136
36.81,6.51,7.379,Good,78.76703675684273,1.674514942958098,57.67918112702203
4.0,6.87,1.983,Good,92.19052765723961,4.794591927009104,0.5438693706309772
34.06,6.64,6.627,Good,80.72235829344159,1.9812727540347017,45.58422369003694
32.19,6.54,5.606,Good,78.78500535538241,1.9659196657745461,40.35301834487146
37.25,6.58,6.796,Good,82.8983580522744,1.8708497697710542,61.57946757039456
26.12,6.88,4.422,Acceptable,73.69315306391562,2.3244611030223896,17.561382850387034
8.31,6.82,3.095,Good,85.69318414497594,4.282238986836662,0.6738467115179637
29.56,5.02,5.805,Spoiled,0.6571942888783614,0.0,99.4995662794001
14.19,6.78,3.71,Acceptable,70.73455973162764,3.2301505209917947,4.847827108867953
9.69,6.74,3.104,Poor,70.8827674590044,3.7351614616489965,2.158457842929753
10.38,6.8,3.286,Good,75.74981542431438,3.689821747095429,2.0915784502309376
10.31,6.9,3.258,Good,79.1723664799987,3.819513160809782,1.095843518598867
5.38,6.84,2.444,Good,88.47090834299178,4.768859249373419,0.5447661125484801
30.88,6.74,4.532,Good,77.67228915326302,2.097796887447162,34.93950718229106
33.5,4.99,6.392,Spoiled,0.6600036590190923,0.0,99.4995662794001
6.12,6.67,2.592,Poor,79.74724269367286,4.3125956556359615,8.62668480677042
6.44,6.92,2.385,Good,88.13474947212592,4.72518266244,0.5438693706309772
5.0,6.85,2.166,Good,88.89640225991049,4.756936347176115,0.5515686746602814
9.81,6.96,2.727,Good,81.92473707984672,3.9923079509802175,2.417368478490947
11.12,6.82,3.325,Good,77.71393025356669,3.671225444557403,1.8651207040314148
15.38,6.74,3.706,Acceptable,68.19868880885481,2.9618915927147453,4.95121261188874
31.88,5.57,6.15,Spoiled,0.7407702589226518,0.0,99.4995662794001
10.75,6.67,4.19,Poor,52.633638045490976,2.7637663571813817,27.095632940224988
36.19,6.65,6.058,Good,87.06828857783965,1.992528356725992,44.49530004274469
6.25,6.86,2.184,Good,88.19035056565629,4.749702108200399,0.5438693706309772
15.62,5.86,4.086,Spoiled,0.6784247621006809,0.0,99.49290445928202
36.88,6.56,5.396,Good,86.16136913836385,1.945059815531843,47.27566974523126
11.75,6.81,3.259,Good,76.25027385282203,3.5515935303753823,2.7643446232158424
28.38,6.69,5.222,Acceptable,73.30557430176873,2.1327968700943725,32.727925512103916
33.38,6.51,6.415,Poor,76.38888373932616,1.8734234540534802,44.60126317764733
9.31,6.79,3.171,Good,80.30662105383813,4.020813784952987,1.836874197259573
14.81,6.84,3.497,Acceptable,74.55231300584201,3.166273570257913,3.739805826533309
5.56,6.91,2.334,Good,88.32573684209146,4.746934664880488,0.5438693706309772
16.25,6.8,5.671,Acceptable,69.79785785133588,2.9681621466159274,8.926632404681282
17.88,6.86,4.753,Acceptable,69.2451709691345,2.5827171256107166,7.662324055266996
12.81,6.89,3.17,Acceptable,78.1231372878607,3.4891122960888157,1.969401449300663
10.75,6.42,3.045,Spoiled,19.731375283567964,0.22871922043262904,87.012944055316
36.31,6.56,5.965,Good,86.33323040970868,1.941664434184052,49.528238652260164
8.25,6.91,2.884,Good,87.60744159679486,4.348210607000113,0.6142105468025658
24.06,6.61,4.911,Poor,57.97132978872856,1.923110439658704,56.871905985669876
13.19,6.4,3.294,Spoiled,18.911742940041556,0.21738956097563442,91.52953728698752
22.06,6.8,4.548,Acceptable,69.13232029665276,2.333376185761906,22.860763894064142
34.12,6.67,5.063,Good,86.1277154407334,2.014653966082857,37.58846581464334
23.75,5.23,6.192,Spoiled,0.7858583507686149,0.0,99.4995662794001
33.88,6.66,6.085,Good,81.58127677492429,1.9959550362810317,42.612200349571054
33.0,6.63,5.333,Good,81.11208753769743,2.0015593312714737,42.59043554315345
11.81,6.73,3.593,Poor,63.03019741535299,3.222974685179277,9.619908798193965
28.06,6.88,6.386,Acceptable,76.78611727886428,2.318576975834794,18.589404828016985
37.12,6.66,6.661,Good,85.9096402417318,1.9887796157797983,44.43465766286025
7.62,6.83,2.566,Good,87.31785167924808,4.463247707745484,0.5612485719761224
14.81,6.61,3.295,Poor,56.53347962388856,2.428181880966013,36.067695585378495
5.38,6.99,2.508,Good,86.28062542585583,4.7433118726482295,0.550868835016865
22.38,4.81,4.979,Spoiled,1.0048158174431796,0.0,99.4995662794001
5.38,6.99,2.029,Good,84.9349488002397,4.758996075308097,0.5534360429936441
7.88,6.99,2.597,Good,86.9560975785705,4.3848823332916815,0.5654175950555076
16.56,6.77,4.576,Acceptable,68.3171697618727,2.9176967296142835,7.036896062377752
13.06,6.78,2.96,Acceptable,71.65727551597375,3.328962050300944,4.417283121889941
16.5,6.8,4.012,Acceptable,68.74765967077771,2.9179070644890563,5.922954417420088
12.25,6.41,3.327,Spoiled,19.44818114877282,0.13376297515736296,89.53593395098838
38.06,6.71,5.869,Good,88.12189120652565,1.9980379035457618,45.219446590933195
11.31,6.54,3.263,Poor,28.466308717584045,1.27119370812887,66.32411053846667
13.0,6.99,3.555,Acceptable,78.11450981763316,3.417715478637265,3.7350535906337305
12.56,6.64,3.581,Poor,53.08432539453864,2.069913217732271,39.3189927462367
8.06,6.84,2.768,Good,84.23691549964455,4.283686234128974,0.5698723481330781
8.69,6.74,2.631,Good,82.7099458183416,4.267400866807754,2.9401756493409805
10.56,6.75,3.158,Poor,72.42658494795863,3.678971817027324,3.1428311660358217
19.31,5.08,4.985,Spoiled,1.3976267154471194,0.0,99.4995662794001
32.25,6.73,5.7,Good,85.67048233011934,2.134262608614265,28.083906395860506
7.0,6.81,2.499,Good,87.92275350291581,4.644750356920125,0.6069461879479988
33.44,6.6,6.171,Good,77.30364113738024,1.947363948506921,50.76818430746498
35.88,6.72,7.762,Good,84.65404400091356,2.021705667088233,41.56586517679315
16.44,6.62,3.561,Poor,57.82490819880292,2.25431990883093,28.811591566704987
11.12,6.85,3.353,Good,79.28500545378944,3.748358377840108,1.4575624025989273
35.5,6.57,6.726,Good,78.18136629091455,1.8558271466480034,61.967770466815004
10.19,6.89,3.588,Good,78.9269558786524,3.874893003640502,1.408929977747789
34.88,6.6,5.688,Good,83.32737143830023,1.979572905095321,45.34385343640196
5.44,6.92,2.127,Good,87.95743022567241,4.775636255827675,0.5438693706309772
5.56,6.81,2.699,Good,86.06079341501861,4.715185425738558,0.6028786408714432
32.12,6.67,5.843,Good,82.36196104970504,2.09732922708267,33.93459610471208
20.69,4.99,5.197,Spoiled,0.8848851176391356,0.0,99.4995662794001
32.19,6.79,5.497,Good,86.36474993383723,2.1578085478756317,24.73682038094168
26.5,6.47,5.037,Poor,38.523384115049815,1.0245244268765041,91.19745386497164
16.69,6.67,3.499,Poor,61.51797313613125,2.6278594084803286,14.946090858467347
19.5,5.43,4.58,Spoiled,0.7942413911753494,0.0,99.4995662794001
8.19,6.86,3.283,Good,84.15808517878382,4.279424044510807,0.5763127318659466
6.44,6.98,2.737,Good,86.73718291681635,4.713408030660432,0.5612291699270698
6.0,6.93,2.618,Good,88.37803858145904,4.736546380804069,0.5460379228538622
32.5,5.92,5.291,Spoiled,1.4875513621168883,0.0013947822665052057,99.49585776419511
17.0,6.54,3.816,Poor,39.39599366472467,1.7408795375366641,66.78982533882869
14.69,6.83,3.422,Acceptable,76.34135783016421,3.323858957716365,2.8508870703812983
19.75,6.87,4.545,Acceptable,70.14275285903497,2.661673521722886,7.383215568723847
7.38,6.85,2.679,Good,87.82202220492195,4.562150974443334,0.5524755688576234
35.38,6.49,4.907,Good,77.48317062988242,1.843130503253809,57.49392700910668
32.5,6.44,5.501,Poor,70.49484875287364,1.7677419985679994,58.74702168689525
12.94,6.71,3.772,Poor,61.306943989466575,2.9049174971822027,16.926363558328198
14.75,6.16,3.722,Spoiled,6.471866181859935,0.0,99.29497687592631
8.62,6.77,3.565,Good,83.83455611176517,4.207736524799686,1.5806606324913937
10.5,7.02,3.125,Good,80.61481463624997,3.777600970989515,1.9629907906171842
24.81,6.4,4.34,Poor,29.517018620954246,0.6338466999761624,95.07240327610214
28.56,6.73,5.063,Acceptable,75.66035650335651,2.2214793836645095,20.36251233369391
6.5,6.89,2.78,Good,88.00217394341384,4.7123093868690304,0.5480933645293761
37.12,6.61,6.691,Good,84.88555716467714,1.960351996413856,49.86575435096942
3.94,6.91,2.494,Good,91.98218143947666,4.785501844784269,0.5451962561871956
5.62,6.99,2.973,Good,86.89599846542293,4.719900915533482,0.5588707871722314
15.12,6.74,3.736,Acceptable,67.61698777782674,2.9373419807021808,6.21289216982873
6.38,7.0,3.042,Good,87.75338441331806,4.726094447773185,0.5601923160457178
32.69,5.54,6.657,Spoiled,0.7095507794274077,0.0,99.4995662794001
10.88,6.81,3.231,Good,77.25731683766458,3.6896887898879553,2.5384337615388675
28.0,6.59,4.805,Acceptable,66.8414745610229,1.980799098010365,39.14347290924075
30.44,6.76,5.278,Good,78.25210689721503,2.117846947277315,30.17019496866053
17.88,6.91,4.263,Acceptable,69.23586896362185,2.713656578820846,6.914761134050677
12.81,6.59,3.153,Poor,35.19727637849586,1.6812077182462386,56.71009452755215
12.69,6.84,2.926,Acceptable,77.17006052097747,3.4187943731218207,2.811753261802312
6.94,6.91,2.598,Good,89.47841146760759,4.682977733044988,0.5438693706309772
26.12,6.67,4.607,Acceptable,69.753713719491,2.0991790767987686,36.38039953504907
28.19,5.04,6.293,Spoiled,0.848934779823597,0.0,99.4995662794001
26.94,5.19,4.922,Spoiled,0.8755206038342755,0.0,99.4995662794001
26.81,6.5,5.145,Poor,43.74497945839977,1.3789695124975638,76.43329903886307
35.19,6.19,6.067,Poor,24.410812256795456,0.0845452299496671,99.48293501367881
6.12,6.76,2.353,Good,85.74797423014138,4.65167316366716,1.3877570552246714
25.19,6.76,4.829,Acceptable,72.4680724309925,2.2965020542658765,24.179817018779385
35.19,5.22,6.926,Spoiled,0.8039400835958586,0.0,99.4995662794001
17.88,6.77,3.925,Acceptable,67.16516461775127,2.5767119738097617,9.718997592968073
23.06,6.78,4.694,Acceptable,67.82388387175905,2.34014312974491,18.696510302072603
28.94,6.7,4.031,Acceptable,72.91461433736924,2.116676599405529,30.004600609913044
16.75,6.67,5.067,Poor,60.51432576377674,2.683739210544505,17.774039160032753
4.62,6.97,2.132,Good,86.21173807098457,4.794625653908995,0.5443361073406295
12.75,6.92,3.392,Acceptable,79.01814500136071,3.505454208661266,2.1369870206900545
32.19,6.59,4.646,Good,80.27412082850108,1.9907488118550236,42.30395809529615
15.12,6.47,3.453,Poor,25.76809895019447,0.3503592531943982,87.55221390792238
15.81,6.8,3.501,Acceptable,72.30612203653759,3.0504032225418745,3.8837896027581817
29.5,5.73,5.381,Spoiled,0.40927123874234383,0.0,99.4995662794001
18.75,6.68,4.103,Poor,61.83651785516863,2.568071672650815,12.903546507897106
10.12,6.75,3.024,Poor,72.62231306720905,3.7309428790367885,3.6265783878167146
22.5,6.44,4.441,Poor,36.9287558806182,1.2553780224906335,90.1735141785812
36.12,6.65,6.219,Good,86.68631863155872,1.9925527737449271,42.61194419400843
10.12,6.93,3.44,Good,80.7749875220652,3.9351170081706828,1.163443415281522
10.5,6.9,3.015,Good,78.83049759363983,3.7957081717618495,1.1982636720669604
36.25,6.56,5.919,Good,86.36675695680456,1.9409075325531953,48.97769734906634
27.0,5.19,5.157,Spoiled,0.7168813593047846,0.0,99.4995662794001
14.38,6.79,4.031,Acceptable,67.88250323170813,2.886244993071991,10.147505275385095
37.0,6.66,6.131,Good,87.30630305523168,1.990358842717379,44.28895050863757
30.12,6.69,5.366,Good,77.54755119273094,2.0918061108215595,34.68811666396812
33.56,6.13,5.802,Spoiled,21.07710226136609,0.0,99.4799099160375
11.69,6.49,3.769,Poor,23.504654291307276,0.6652972874016418,83.01303126414636
9.5,6.77,2.99,Good,77.09458099423091,3.977673317735196,1.5769587503152172
7.12,6.78,2.799,Good,85.70320903979987,4.582107104742832,1.1815535117201406
9.56,6.92,3.166,Good,83.8126226226151,4.107410327839364,0.9502629478514357
15.75,6.85,3.793,Acceptable,69.83404660834383,2.9366485281893193,5.111402751722701
16.56,6.76,3.328,Acceptable,69.17934988806371,2.89093817701755,4.895301637964796
4.38,6.79,1.752,Good,88.31446341072443,4.789757249757635,0.9788699656657164
29.0,5.21,6.244,Spoiled,0.9607813412709911,0.0,99.4995662794001
5.44,6.89,2.501,Good,87.70494298680036,4.766171451687577,0.5440937357067342
14.25,6.74,3.624,Acceptable,70.34243512418703,3.210476746277232,4.708103994988639
11.62,6.85,3.475,Good,79.55071175270947,3.7284427888902183,1.687232219123971
24.31,6.66,4.195,Acceptable,61.847938606392376,2.061490818709911,39.24640272829802
20.44,6.77,3.132,Acceptable,68.15577577772198,2.4493771827446817,18.926196844430248
10.06,6.85,3.983,Poor,75.60663260159438,3.815083377011229,3.024115478738089
34.31,6.53,5.959,Good,80.54887060222873,1.946255628342316,46.34060890947577
17.0,6.92,5.128,Acceptable,70.10943633660537,2.756525633470799,9.238205746247209
8.31,6.82,2.844,Good,85.2325046548119,4.27991600975379,0.6702592643798755
7.5,6.77,2.995,Good,83.08657699275639,4.267922225747539,1.1746373461463335
14.75,6.81,3.882,Acceptable,72.22642299015978,3.224770333260377,6.33067338349915
14.0,6.91,3.936,Acceptable,73.14112289624245,3.2927155122142304,4.398836115691624
19.31,6.75,3.919,Acceptable,66.89981020231025,2.486557207336825,15.88720676731395
36.12,6.57,4.479,Good,79.9284441770159,1.8919082470652795,56.680555736186356
35.25,6.65,6.952,Good,82.76373966196918,1.9558842776603698,46.611257329588845
32.81,6.51,5.104,Good,79.95962378967381,1.9504167589482035,44.596260379918455
36.44,6.61,6.144,Good,87.32063116838248,1.973603625269193,43.84012430145208
6.38,6.75,2.324,Good,83.86377373975523,4.617457815219461,3.3879243931628404
13.94,6.83,3.0,Acceptable,76.18835343951562,3.328123883336299,2.2901361286405733
27.94,6.44,5.719,Poor,34.42459872528549,0.7267264771619113,96.92032706894933
39.94,4.86,7.582,Spoiled,0.9037420444888767,0.0,99.4995662794001
34.06,6.57,5.704,Good,80.23041261178271,1.9440362860500155,48.5813770486999
37.0,6.63,5.975,Good,87.14266358053074,1.9796206456478331,46.40557412808886
16.12,6.86,3.809,Acceptable,70.26742177201099,2.9561394182548684,4.247840948109996
9.06,6.54,3.019,Poor,29.389079194649838,1.4117305667563147,62.843067594244765
9.06,6.91,2.706,Good,86.45947353653882,4.233259185906335,0.9152821510049458
39.31,5.14,7.176,Spoiled,0.9957392882332008,0.0,99.4995662794001
7.12,6.85,3.222,Good,87.20411578532669,4.592852098261133,0.5609520396532975
24.38,6.64,4.652,Acceptable,60.53742946713526,2.0380450444401195,44.29097097904983
20.19,4.95,4.887,Spoiled,1.2399222901621676,0.0,99.4995662794001
6.06,6.83,2.508,Good,88.33255529379728,4.7418656499267104,0.5457937066685242
30.44,4.91,7.77,Spoiled,0.6393581689869461,0.0,99.4995662794001
29.44,6.61,5.877,Acceptable,73.87734974922975,1.9995900858454505,44.870082974793064
15.0,6.85,4.969,Poor,70.36324895806985,3.029590829789796,7.240806516405004
15.5,6.87,3.597,Acceptable,72.41210663842165,3.021761871931308,4.8672392466723435
4.0,6.78,2.338,Good,89.74820006884421,4.735820518714903,2.391391094627557
13.19,6.37,3.682,Spoiled,13.413775420073561,0.12840375048738797,97.68444464065837
26.5,6.29,5.177,Poor,22.70635398536103,0.09689904005452579,98.83677902719623
12.38,6.73,3.421,Poor,62.0060261149557,3.0857538210341313,9.669523991826882
6.62,7.03,2.674,Good,88.16791789494201,4.637080875241562,0.5531723131936219
6.44,6.88,2.52,Good,88.36690419525276,4.7348064565865515,0.5438693706309772
20.25,6.73,3.928,Acceptable,63.05780755339953,2.307256156190738,25.04137421186788
6.81,6.62,3.211,Poor,36.97570073663073,1.9831457845208382,44.136774403474206
16.12,6.74,3.596,Acceptable,69.1236559018386,3.014060478117095,5.08878088551777
10.12,6.66,3.065,Poor,44.80874241620604,2.217052457076614,30.296811263381016
7.5,6.83,2.452,Good,88.5336665308011,4.547042957374841,0.6038845329076721
11.19,6.87,3.35,Good,79.4226596129793,3.741922726951205,1.605709637968064
6.12,6.78,2.688,Good,80.47175629075504,4.615866926904907,1.1974204831357658
11.38,6.82,3.155,Good,76.79355713925943,3.579458909171175,2.436710716169188
9.75,6.91,2.851,Good,80.82808858403735,3.9572629277491216,1.4518086044289704
36.12,6.57,7.391,Good,79.60164255582485,1.7560191123489604,60.79418773576968
34.31,6.56,5.617,Good,80.68230299432662,1.944499108525355,47.58958654129395
33.56,6.63,5.586,Good,81.12938033715609,1.998810817399803,42.873281576536684
11.0,6.92,2.751,Good,79.51752516785362,3.717734905322159,3.035700895900515
31.38,5.26,6.382,Spoiled,0.7252650076893652,0.0,99.4995662794001
33.75,6.62,5.479,Good,81.73119321507282,2.0025129304538254,42.03523465836306
9.0,6.99,2.781,Good,85.8607302470525,4.223549817416145,0.920559318137227
11.31,6.81,3.075,Good,75.76411880463425,3.5030238421196533,2.9536353200118324
8.0,6.75,2.993,Good,79.7222024960122,4.147448553811851,1.2344679159822805
14.38,6.8,3.455,Acceptable,74.02074464742569,3.2551331149438556,3.5666015246778473
12.62,6.62,3.59,Poor,50.88077846151303,1.7954360118341293,44.895415772524125
10.44,6.86,3.208,Good,79.28057039376426,3.8014000493302924,1.149085555390785
13.81,6.7,3.615,Poor,62.146233247802634,3.0045667308737136,9.133422900280133
38.06,6.43,6.376,Poor,80.85416578605532,1.6626078242506728,56.80935758365141
17.31,6.75,3.871,Acceptable,67.70898078803125,2.783157990949686,10.19205644466793
10.38,6.87,2.954,Good,78.8528145177719,3.8191364938879113,1.2800181424594241
32.25,6.85,4.974,Good,87.76206563275086,2.1322925856215464,27.25565475440532
6.31,7.03,3.225,Good,88.81590203720921,4.726608303075728,0.5603817483552556
28.31,6.71,6.497,Acceptable,74.63130399950238,2.21697016998793,28.60194344688565
12.56,6.76,3.355,Acceptable,72.08199557496475,3.3668128555787953,3.4397099202386707
19.56,6.46,3.991,Poor,33.99349920620718,1.2786884127810612,84.7923655823933
34.5,6.58,6.101,Good,76.89771429402444,1.8985669423813776,51.8134564814675
37.25,6.7,5.756,Good,87.05177970853863,1.9860497817450584,47.56182426520299
10.62,6.84,3.881,Good,75.98254341393377,3.603429179679969,3.3428709269440895
27.56,5.19,5.653,Spoiled,0.966365642705029,0.0,99.4995662794001
16.44,6.76,3.493,Acceptable,69.7447359048986,2.972916970042876,4.242397195036805
24.94,6.6,4.876,Poor,58.61039259555729,1.9522454920161623,55.27660846264867
15.69,6.87,3.486,Acceptable,73.89409162535372,3.0520209757929684,3.6290162354072453
8.5,6.82,3.004,Good,86.17703504554878,4.307455305750624,0.6668745811548561
34.19,6.48,5.326,Good,73.78167874389283,1.8341121396993605,56.51330187365219
24.94,5.11,5.141,Spoiled,0.6435539480952118,0.0,99.4995662794001
35.88,6.61,5.658,Good,84.12118633972663,1.9867532072918155,43.56036293808128
34.88,5.03,7.138,Spoiled,0.6884627191166902,0.0,99.4995662794001
8.31,6.79,2.918,Good,81.78396954810147,4.22755118199909,0.8815863619290725
3.62,6.95,2.162,Good,91.28541842342449,4.7946533948638494,0.5443361073406295
9.75,6.86,2.796,Good,80.975450915066,3.9885910276072196,1.605076665244649
16.75,6.78,4.063,Acceptable,67.87873607888622,2.8358691838726107,7.929305397998652
19.31,6.81,4.058,Acceptable,67.94161348952024,2.559691599510639,7.771129027699713
8.88,6.76,2.892,Good,78.41074254327555,3.977098857831889,1.4561162866658752
15.06,6.78,3.316,Acceptable,68.57902914875216,2.8137579830016217,4.71023145083541
28.5,6.66,4.548,Acceptable,71.40552640269885,2.0562014928997745,38.053591223797035
10.19,6.32,3.205,Spoiled,14.288628560551077,0.08642688427638312,96.4891326617225
35.19,6.2,5.7,Poor,26.93751326495398,0.2092734148038792,99.47820845176594
21.5,5.26,5.468,Spoiled,0.5171053114100508,0.0,99.4995662794001
17.06,5.13,3.75,Spoiled,1.1085936259179587,5.068313851352055e-05,99.49494457586171
8.62,6.89,3.023,Good,87.64719443294253,4.340084795931407,0.6332976661062872
15.0,6.74,3.615,Acceptable,67.85850952994737,2.927235675425296,5.240598949776216
10.25,6.96,3.717,Good,79.65873316421278,3.8696552822985826,1.719397481319996
33.31,6.69,5.651,Good,82.63220063684585,1.9758634650147695,43.47602704979879
27.31,6.56,4.854,Poor,58.04968482664154,1.8180172227528837,61.68929509879332
25.12,6.68,5.058,Acceptable,66.20325032249883,2.115304929739984,33.73865139341861
6.88,6.97,2.533,Good,88.37395900189415,4.6703831709582895,0.5443361073406295
12.25,6.79,4.375,Poor,69.28903319527389,3.1789235909294473,7.99823273846123
4.56,6.97,2.304,Good,89.23709504275132,4.794478060725113,0.5443361073406295
13.81,6.78,3.546,Acceptable,71.91324677192821,3.2914846846564556,3.6663679682861563
7.69,6.78,2.957,Good,82.99347256815786,4.2811761477886074,1.2456393636133425
10.25,6.81,3.29,Good,76.88147900396581,3.734970389659547,1.98708879700216
9.19,6.83,2.782,Good,83.65899109217132,4.157430341088886,0.959283462954332
36.88,6.49,6.258,Good,85.42604478932817,1.8945191042019969,50.02339651560994
13.19,6.68,3.588,Poor,60.47521698455305,2.8908227865708036,12.716781749312245
13.25,6.94,3.351,Acceptable,78.7337304174338,3.418975948805024,2.3008007877740027
9.69,6.57,2.828,Poor,30.76804884629051,1.3704921661688996,59.53543294391214
7.12,6.91,2.846,Good,88.93033820995882,4.606066399860266,0.5487268542280833
13.88,6.92,4.554,Acceptable,73.31687349668007,3.270144214844426,5.643027499722839
31.06,6.48,5.103,Poor,67.45799262405292,1.8103216920930623,59.23792073007618
5.19,6.99,2.516,Good,86.36794526675457,4.724509551373494,0.550868835016865
14.06,6.59,3.871,Poor,44.03895778712024,2.107533023084729,41.387418016886066
14.56,6.58,3.707,Poor,38.684715439777726,1.356824141714566,67.27875405171145
11.75,6.84,3.252,Good,78.47775296511377,3.6517633420108018,1.7389517289128906
13.06,6.6,3.134,Poor,50.261656960133514,2.2527680163620785,31.77714146984317
12.62,6.82,3.307,Acceptable,76.59363984974497,3.447992142681195,2.503745957387878
15.94,6.65,3.934,Poor,60.502082267581926,2.6151321610361418,15.068566290438744
29.88,6.78,5.027,Good,75.67451987628944,2.095151325627994,34.06708900581118
20.94,5.29,4.742,Spoiled,0.8447909522286692,0.0,99.4995662794001
14.88,6.84,3.594,Acceptable,73.27292265972545,3.081129813466622,4.064975831524071
7.94,6.83,2.626,Good,86.55008608633523,4.353364762752627,0.5682153297003228
13.69,6.85,3.754,Acceptable,75.2156387967228,3.3256014434805548,3.4766975051001126
10.69,6.43,3.306,Spoiled,20.800727743984005,0.3304456154692796,87.04836432941755
27.0,6.6,4.602,Acceptable,68.72455912302803,2.030471038696746,34.259256764785405
31.25,6.71,6.008,Good,84.01731923122888,2.1317414602612406,28.21692353745592
30.44,6.42,4.835,Poor,51.5655517871264,1.1381940149908096,82.7721612083691
33.62,6.47,5.763,Poor,50.467037779807484,1.3045994117162667,86.33636309199606
6.0,6.76,2.292,Good,86.44693424614121,4.706011274692747,2.5355788109706077
21.62,6.64,4.868,Poor,58.80575962080477,2.0222566679656153,49.88625731348593
33.81,6.44,5.955,Poor,53.60778608796471,1.4329775104949147,81.33031243099569
17.62,6.89,4.203,Acceptable,69.20915016524154,2.690153967055259,10.781893595515708
11.06,6.36,3.127,Spoiled,13.598411618153946,0.14369599806415664,96.89953904838217
4.0,6.91,2.607,Good,92.92889853482258,4.7895571133365085,0.5451962561871956
29.94,6.59,5.776,Acceptable,69.9453940243268,1.9239355448298392,51.87785228750677
10.5,6.66,3.22,Poor,44.29485465132893,1.9166976154494628,37.009055628206745
7.06,6.85,2.312,Good,89.14776378890508,4.656782582982801,0.5515686746602814
21.44,5.18,5.036,Spoiled,1.3325220729724558,0.0,99.4995662794001
7.56,6.75,3.38,Good,84.87956207910928,4.282976890398414,1.3190540178513666
6.0,6.87,2.321,Good,88.27691138007505,4.74601938921057,0.5438693706309772
11.31,6.91,3.386,Good,79.64512825051887,3.731587087325433,1.4973993620716908
33.44,6.09,5.771,Spoiled,17.62503781008902,0.0,99.49175570425558
27.88,6.61,4.507,Acceptable,70.64259033671195,2.0493261592504424,36.19845995404085
35.38,6.67,5.807,Good,84.53252334329338,1.982713193900478,45.38992057185638
36.0,6.68,5.731,Good,86.33481794980248,1.997227620934431,44.502336621501435
12.44,6.76,3.467,Acceptable,71.69438407628608,3.3190741545140745,4.195812801813189
14.19,6.85,3.496,Acceptable,77.19391283994149,3.3446529186144525,2.25419991034293
5.44,6.89,2.639,Good,87.9525048970897,4.760887558909879,0.5451962561871956
5.94,6.86,2.318,Good,88.25039215289551,4.744657258992991,0.5438693706309772
18.56,6.77,3.871,Acceptable,67.14975416908294,2.5705624225832984,13.59802652019214
8.25,7.0,3.64,Good,83.70292360317332,4.27229099080794,1.1099229118238005
18.38,6.78,3.718,Acceptable,67.408436531044,2.6197548781113444,9.347671271428046
37.62,6.6,6.926,Good,83.3214513037004,1.935170691508616,55.67878136270768
37.44,6.5,6.041,Good,86.01831612496612,1.9068345231897992,48.42146888202255
33.25,5.3,6.203,Spoiled,0.7604422142218499,0.0,99.4995662794001
36.88,4.82,6.362,Spoiled,1.0211051319255762,0.0,99.4995662794001
8.88,6.92,3.747,Good,80.43536153511326,4.06391525687356,1.3362449994250842
33.19,6.56,6.714,Good,74.93466220442684,1.8033373780504676,61.13394010304386
17.31,6.82,3.788,Acceptable,69.73737262486851,2.925875497963945,5.1535624294949445
23.44,6.61,3.909,Poor,59.185988638709,2.089553331128161,40.05234930702299
7.5,6.83,2.476,Good,88.42113896937911,4.5410243892005875,0.6038845329076721
28.88,4.72,7.779,Spoiled,0.8553329979272266,0.0,99.4995662794001
34.5,6.6,5.55,Good,80.92344847034678,1.9800921792592356,46.81683040179313
13.12,7.02,3.329,Good,78.8592770850927,3.4131421767854455,4.215220160866891
33.06,5.16,6.592,Spoiled,0.8101758134416382,0.0,99.4995662794001
8.69,6.86,2.719,Good,84.84013477175364,4.278058555116935,0.6662696533431461
36.44,6.66,6.027,Good,87.12193763227508,1.9888912345598138,45.144109192468825
34.75,6.64,6.781,Good,80.04019314028167,1.9572413217905436,47.440065589750006
27.12,6.6,4.915,Acceptable,66.43442073023736,1.9901786416051266,44.380184911512806
18.0,6.67,4.056,Poor,61.739451829881425,2.634485865194357,14.166255191080074
12.0,6.78,3.021,Acceptable,72.34308074586525,3.4579541034008785,3.5016658886489633
26.94,6.73,5.062,Acceptable,75.63725111732903,2.2814648912701876,17.933095187293908
4.62,6.93,2.367,Good,91.19764278184616,4.7935008201068054,0.5438693706309772
33.69,6.63,5.65,Good,81.04380981233452,2.001607566031422,42.58894080799184
3.56,6.83,1.876,Good,91.82386337648457,4.7931495409468745,0.5488379113000077
6.62,6.86,2.293,Good,88.171820985736,4.609126998742237,0.5438693706309772
5.94,6.75,2.591,Good,83.50954074833197,4.605571864021464,1.0621335474994895
30.0,6.54,6.202,Poor,64.26771574449705,1.7119064986916819,57.95418931435052
17.56,6.86,4.802,Acceptable,69.5838918505491,2.5755337344027183,10.123410923676634
20.0,6.68,4.747,Acceptable,60.79650965782097,2.1483464192572854,30.62350418210282
34.06,6.59,5.726,Good,80.46835370260524,1.9649071449463533,47.016887173853036
16.94,6.82,3.715,Acceptable,70.384287527101,2.9936494929677835,3.728772409881858
9.38,6.83,2.707,Good,82.3889970513965,4.031818808513716,1.4913169514554643
6.81,6.9,2.727,Good,88.40972114006314,4.669258724243597,0.5480933645293761
37.62,6.58,6.86,Good,82.96942897234298,1.8725856374858905,60.6318580184155
37.06,6.59,6.859,Good,83.23354511511377,1.9112414014491244,58.867650338662436
40.19,5.83,6.518,Spoiled,0.5254621713710411,0.0,99.49488334478573
16.25,6.75,3.919,Acceptable,67.84780142161301,2.808115949981822,9.839804440217817
29.88,6.62,5.628,Acceptable,77.00689610833595,2.0459079193294265,35.11180480192062
15.31,6.23,4.524,Spoiled,8.013729296828908,0.006886404080372751,99.07169623614668
33.81,6.42,6.282,Poor,49.66616638989249,0.974151230844648,83.69910208619196
32.62,6.58,7.888,Good,74.54029259409107,1.7891427702837632,53.308989254589854
10.75,6.77,2.971,Acceptable,73.66857114699066,3.6920436826544836,3.1678997642177715
15.25,6.71,3.234,Poor,61.524316279356576,2.712530324669142,19.42457914956834
30.0,6.64,4.826,Acceptable,72.51836201146256,2.030145564887965,38.42616150159464
13.75,6.8,3.315,Acceptable,74.31011142764767,3.2893421342481917,3.019330398207781
11.25,6.78,3.294,Good,72.8993648208979,3.571649897662388,2.8328313937078966
15.19,6.71,3.31,Acceptable,62.06719943586499,2.733649663606422,16.74419601179419
31.62,5.03,6.716,Spoiled,0.6945739733599408,0.0,99.4995662794001
18.38,6.79,3.317,Acceptable,69.53172761342401,2.67681944400153,9.809425233096372
34.62,6.61,5.664,Good,81.62308809405982,1.984471747036446,44.81511473431706
34.75,6.37,6.331,Poor,35.275503640943676,0.805605462631943,99.33075989157096
29.5,6.6,5.611,Acceptable,76.1114014052272,1.9947139318282903,38.67305476674291
4.31,6.87,2.515,Good,89.895999266524,4.787664488326221,0.5451962561871956
29.38,6.68,5.987,Acceptable,71.09583851262363,2.0262878411552574,39.54286778996725
19.0,6.45,4.119,Poor,33.78916334915046,1.264429103547147,78.69408870600073
5.56,6.86,2.651,Good,87.82313669048182,4.723312430592173,0.5451962561871956
20.0,6.86,4.14,Acceptable,69.06595465120328,2.551499264283343,9.782271942330647
14.5,5.8,4.225,Spoiled,0.8800074789571901,0.0,99.49646033228454
15.94,5.81,4.069,Spoiled,0.42372438754616504,0.0,99.49661967700648
11.62,6.78,3.317,Good,73.06388328704737,3.567811241865777,2.884222566883129
5.94,6.71,1.92,Good,81.8301502481343,4.524550714709803,3.062892845713456
5.88,6.8,2.656,Good,85.77005260191187,4.725240048240619,0.6897312653717892
8.44,6.92,2.848,Good,87.82741545764571,4.347711088559971,0.6280370194814138
11.62,6.68,3.399,Poor,56.21946955906375,2.620882182292324,27.313137089605718
36.81,6.57,5.576,Good,85.75332192198627,1.944230859756567,49.00468074080687
21.44,6.32,4.229,Poor,28.097797467499834,0.5176687455465789,96.8900912165376
29.12,6.36,5.72,Poor,30.521216170911142,0.5647409683153747,99.30241854017522
15.5,6.86,4.78,Acceptable,70.82847624542713,3.031052299091221,6.758478308218366
34.88,6.53,5.743,Good,83.35179570148034,1.945713533806679,45.16820666161769
8.88,6.83,3.128,Good,82.64745085261107,4.097515585252035,0.8655819527121561
27.5,6.68,5.453,Acceptable,72.86810866758712,2.1316583684082513,32.74988216848736
10.69,6.79,3.271,Good,76.3931084164524,3.705339482078165,2.2874278085639985
12.88,5.95,3.726,Spoiled,0.6272792781419184,0.0,99.3806069316729
38.38,6.56,5.331,Good,75.82358892796364,1.75510580545859,66.44461864803387
22.12,6.84,4.393,Acceptable,70.61866207705475,2.464208717436871,13.722184008330363
18.81,6.75,4.442,Acceptable,67.72703651223067,2.7660827439239215,7.7055158273953195
10.69,6.81,2.967,Good,76.70987456852431,3.7083324512501066,2.5418129431911605
12.69,6.8,3.926,Acceptable,72.46878613311344,3.262355165608177,6.182334292780805
33.31,6.59,6.36,Good,76.26666506596655,1.9209301721763237,54.161306420159235
32.19,6.46,4.805,Acceptable,70.52434499442968,1.7759381814521278,58.95702369472739
38.56,5.36,7.03,Spoiled,0.6398299039033362,0.0,99.4995662794001
40.0,4.81,7.708,Spoiled,0.9801242491794628,0.0,99.4995662794001
12.06,6.82,3.264,Acceptable,76.2238989157641,3.5104022665880965,2.966517295496865
12.19,6.67,3.551,Poor,56.846988444152025,2.567792193756352,24.71188439842159
20.94,6.7,4.533,Acceptable,61.685319039286,2.379869874805593,20.33418376965256
6.75,6.82,3.462,Good,87.45126417086276,4.669009225513093,0.6432270700190087
3.25,6.8,3.071,Good,91.30891499051233,4.787363422271965,0.7845798554876275
6.12,6.88,2.523,Good,88.38609508864216,4.742131541073818,0.5438693706309772
17.81,6.73,4.263,Acceptable,63.555404146412606,2.633133545776521,10.937172770098234
14.75,6.81,3.238,Acceptable,73.84358346798872,3.2844311465434672,3.108855939977784
24.19,6.44,4.543,Poor,36.76291667239038,1.20249305660349,94.09419745718816
12.88,6.81,3.359,Acceptable,76.16221169992347,3.4600765921556076,2.9156460318190462
22.81,5.26,5.029,Spoiled,0.9418924331053485,0.0,99.4995662794001
13.31,5.54,3.844,Spoiled,0.935584089544416,0.0,99.47962336887622
33.88,6.56,5.376,Good,80.21255971867653,1.9452245936596033,48.19582961162035
18.0,6.76,3.624,Acceptable,67.8094351952606,2.644044242406464,8.967648940112928
30.38,6.63,5.552,Good,78.38450877608668,2.0428354680537746,35.89023808788101
29.44,5.13,6.481,Spoiled,0.8691184369397333,0.0,99.4995662794001
16.06,6.71,3.784,Acceptable,62.527179200163054,2.6318562652148447,15.28635834336865
16.56,6.87,3.574,Acceptable,72.7379152200149,3.0344873471658436,3.5137911925157628
17.75,5.53,4.53,Spoiled,0.7985977167008314,0.0,99.4995662794001
8.62,6.86,2.659,Good,87.02894748083861,4.302922438186772,0.6527609235260843
18.25,6.66,3.851,Poor,60.403025692891546,2.4473909340676587,19.089132096576222
7.62,6.94,2.783,Good,87.04132786810405,4.509341402332445,0.559005824589267
4.62,6.82,2.056,Good,88.52240704410822,4.794581680486327,0.5478839127406756
10.81,6.73,2.993,Poor,58.66859837522286,3.099231666753653,14.872767590486255
20.81,5.69,4.657,Spoiled,1.0618152905689313,0.0,99.4995662794001
28.88,5.09,6.219,Spoiled,1.0873182087917472,0.0,99.4995662794001
32.25,5.35,7.49,Spoiled,0.5061305153636702,0.0,99.4995662794001
10.25,6.79,2.771,Good,74.00888204353522,3.530333297940694,3.7925968068794167
19.12,5.16,4.699,Spoiled,0.9445366073036768,0.0,99.4995662794001
26.19,6.5,5.457,Poor,34.545091198708214,0.9363106419698981,92.18512568645485
35.5,6.72,5.913,Good,86.8971000972154,2.0187943118433576,39.4123984422686
26.44,6.8,4.8,Acceptable,73.5638096655993,2.2695924513141703,22.339764214782708
6.75,6.84,2.618,Good,88.9579096944332,4.678828952522847,0.544990477624237
30.88,6.25,5.117,Poor,27.31587838896395,0.17895887001359645,99.46442244641412
16.56,6.86,4.046,Acceptable,69.15438600195358,2.914493077622548,5.731521550949078
20.25,6.77,3.777,Acceptable,66.97654304189857,2.384377481199052,20.599352237224473
9.12,6.87,2.753,Good,83.58545944186771,4.139450566147787,0.9500848836307285
13.94,6.72,3.471,Poor,63.20389348007163,3.135287347607672,7.477536855607736
10.19,6.74,2.723,Poor,69.77918467373159,3.5493193313779945,8.263596304376287
17.56,6.79,3.835,Acceptable,68.45532521511429,2.5484938479076713,11.938598120519671
18.31,6.77,4.889,Acceptable,67.79249525565972,2.5309576437093773,9.45608824530783
17.62,6.81,3.779,Acceptable,68.32513275685989,2.5410796501156696,14.512880231049856
30.38,6.63,4.89,Acceptable,75.29190721993967,2.0293647292349966,37.73574432098293
10.0,6.91,2.935,Good,79.61057342561753,3.8969244622933825,1.5060928089079402
27.12,6.65,4.943,Acceptable,70.20788183208167,2.0516714369923723,37.49620839958341
8.06,6.77,2.698,Good,74.38816015804349,4.124293952280808,1.2483447843131281
9.38,6.65,3.087,Poor,44.09296378282224,2.3605944559891023,25.5293053842395
11.5,6.79,2.819,Good,73.66736198538095,3.506653849226184,4.5598267459114945
7.69,6.86,3.386,Good,86.32676821359797,4.520825769164084,0.6086800706673886
3.06,6.96,2.358,Good,90.19242504540338,4.787683368304243,0.5459156244757952
20.25,5.15,4.576,Spoiled,1.2052918253671199,0.0,99.4995662794001
7.31,6.64,2.912,Poor,39.53686670957044,2.991063724036859,22.73289867796548
25.94,6.67,4.025,Acceptable,70.20292494953694,2.192371003035545,28.6291772196991
19.31,6.62,4.465,Poor,58.30216624270829,2.323094210299851,20.862283108432777
20.75,5.13,5.073,Spoiled,1.3544396939530472,0.0,99.4995662794001
11.25,6.85,3.073,Good,78.29596705331946,3.6958267484969185,1.595807207450539
8.69,6.99,3.011,Good,86.81153673019725,4.324140684641761,0.6312514309289833
11.81,6.65,2.935,Poor,58.72928839229795,3.2037640869594375,17.00131606865177
5.75,6.96,2.584,Good,87.47758673884111,4.723025033486803,0.5451973045106477
31.06,6.83,5.26,Good,83.75042252880856,2.139119049190841,25.9211703786018
13.88,6.8,4.698,Poor,69.39072786243372,2.9921788500824156,9.6118860197805
34.0,6.65,5.18,Good,84.62969395648115,2.015373258235803,37.91484175822778
4.12,6.79,2.245,Good,89.73403887901931,4.782665917772561,0.9067602397811765
24.19,5.8,6.578,Spoiled,0.5703462031898577,0.0,99.4995662794001
18.44,6.79,4.503,Acceptable,68.48599932804498,2.697510321950574,7.565516950633288
35.06,5.22,6.329,Spoiled,0.7829284394181673,0.0,99.4995662794001
6.0,6.81,2.265,Good,87.97600177880429,4.743478024532773,0.6469406999645905
8.62,6.83,2.601,Good,88.18207500884756,4.321952180555188,0.6582411226387196
7.81,6.9,2.87,Good,87.27025716019793,4.41786274470078,0.5672130909822732
20.19,6.5,3.968,Poor,37.89407086056297,1.4512251196655832,73.9727170863836
29.19,6.67,5.66,Acceptable,71.56085131583087,2.0382917044026816,36.796125394552604
14.94,6.72,4.04,Poor,62.68782882529252,2.8162816944514355,12.923597916521036
34.94,6.54,4.856,Good,80.64284114203522,1.8911804490603192,55.12848037537077
9.0,6.7,3.109,Poor,58.46945137618203,3.4059833801659076,12.093495341256855
12.0,6.74,3.212,Poor,71.11805695897542,3.3745591282935985,4.3539964656286445
8.38,6.75,2.895,Good,81.92439531393384,4.242692167196707,1.187658269639988
30.0,6.69,5.476,Good,77.5367194938783,2.0936556804892077,33.54586245664901
10.81,6.4,3.451,Spoiled,18.742785677890218,0.16490945231577872,92.99893370942435
6.62,6.96,2.515,Good,88.09657866014437,4.649784336224814,0.5443361073406295
37.5,5.98,7.687,Spoiled,1.3272546065286308,0.0,99.49450174075658
8.06,6.81,2.552,Good,86.99655397932864,4.327888487447638,0.6854610171090393
23.06,5.08,4.812,Spoiled,0.9469140507182644,0.0,99.4995662794001
24.31,6.75,5.053,Acceptable,69.55365156550084,2.2890505411094733,20.933129432888773
28.12,6.59,5.3,Poor,65.31945749918457,1.933932705861417,49.368260873106
22.19,6.71,4.601,Acceptable,61.910493122502025,2.162072308817033,35.121768507135734
9.56,6.64,3.284,Poor,42.78765413274777,2.1921271676459204,29.40374110839815
33.88,6.53,5.603,Good,79.42122932836949,1.9346588492904995,50.262628392573006
39.19,4.45,8.207,Spoiled,0.7160506469809547,0.0,99.4995662794001
16.31,6.79,3.869,Acceptable,69.1590924314906,2.852596103711579,7.185810399202358
23.75,6.53,4.49,Poor,43.29362281462755,1.5895876077645315,77.49825699007313
30.25,6.72,5.182,Good,76.30430535085537,2.0731108499543027,36.934079128241066
35.81,6.63,6.721,Good,82.1201972643195,1.9798853088405022,47.84265469768914
13.44,6.83,3.576,Acceptable,75.13008677202224,3.2656722722776914,3.2497919153461314
15.69,6.77,3.999,Acceptable,67.9640179029411,2.8817865305807597,8.936763679455924
26.19,5.75,5.344,Spoiled,0.5234649348649753,0.0,99.4995662794001
35.06,5.29,5.917,Spoiled,0.5901478859379922,0.0,99.4995662794001
34.19,6.57,5.793,Good,80.34745681382222,1.943673846042769,48.70039645714867
7.31,6.84,2.532,Good,88.24327307291831,4.558852040595748,0.5447661125484801
23.62,4.94,5.26,Spoiled,0.5383115667597317,0.0,99.4995662794001
16.0,6.67,3.505,Poor,61.70918926595816,2.7148073747998893,14.938621913369468
16.31,6.84,4.75,Acceptable,70.20617904813413,2.9924506443714027,5.254720513453102
8.44,6.75,2.846,Good,82.97258379199224,4.256017447816119,1.233802447050721
28.56,6.61,4.576,Acceptable,70.15192776189878,2.0339762545946285,39.96135426355254
31.81,6.53,5.106,Acceptable,78.72788845609399,1.9413963615464414,42.17145924931304
26.5,6.62,5.232,Poor,69.63197879733507,2.0532377291555943,37.47794403058692
19.19,6.72,5.197,Acceptable,60.858930991702934,2.259713628120229,21.64632272711409
15.12,6.71,3.586,Poor,62.66734581964066,2.935850181014549,8.144541803726266
36.62,5.05,6.79,Spoiled,0.7480320619343448,0.0,99.4995662794001
9.38,6.89,2.767,Good,82.62858247073014,4.080907195425255,1.311480804960882
31.0,6.44,5.414,Poor,66.22537604681736,1.7415928507738265,60.486179188516445
34.25,6.59,6.676,Good,77.83390849819172,1.8781466042986683,52.50894080989893
32.31,6.7,5.986,Good,83.88788665540515,2.086742601309967,36.71859670594997
18.75,6.85,3.951,Acceptable,68.02325153671553,2.55023319139253,10.018704295030627
14.94,6.65,3.681,Poor,60.07004613262612,2.6582296198916158,17.153932848768488
23.88,6.73,4.366,Acceptable,65.62653835254976,2.3058685423988026,20.58853456574905
15.19,6.72,3.672,Acceptable,62.85349431298873,2.91763967740284,7.669589727445137
16.12,6.82,4.029,Acceptable,69.09403243031295,2.928987763340708,5.664598526438548
31.88,6.6,5.888,Good,75.66458957010742,1.964359097277908,49.09943990936183
11.88,6.86,3.075,Good,78.7031453276481,3.630326933133218,1.7481774763667814
31.12,6.58,4.743,Acceptable,75.60184305242547,1.9152070691298526,48.84105960830855
15.94,6.68,3.786,Poor,62.08440510752173,2.5679407095144584,18.106489379176743
13.12,6.79,3.761,Acceptable,72.40518017193679,2.9505742698686652,10.062396664121842
5.75,6.88,2.665,Good,86.12764214638757,4.710168737942144,0.5451962561871956
24.62,5.24,5.388,Spoiled,0.6472089985970091,0.0,99.4995662794001
27.12,5.88,5.146,Spoiled,0.4382107668519748,0.0,99.4980440984765
8.94,6.81,3.032,Good,82.9639257154933,4.101859094886999,0.9304987578648602
12.25,6.68,2.88,Poor,60.34933813556279,2.92257465487855,13.048652920523464
18.81,6.78,3.518,Acceptable,68.54328877708018,2.5959452960403033,9.990895366186738
34.81,6.61,6.746,Good,77.57655287681621,1.893994505595976,57.15076981626711
12.75,6.66,3.657,Poor,55.087322042358174,2.3452835439867328,30.549464823506685
36.44,6.62,6.265,Good,87.24848904833263,1.9885777239006885,43.03999431517117
36.88,6.59,5.623,Good,86.97070169347806,1.9717328087853374,45.119508789031016
13.69,5.97,3.871,Spoiled,0.7064369654003644,0.0,99.4657138037285
24.25,5.34,6.36,Spoiled,0.5397067904869789,0.0,99.4995662794001
25.75,6.63,5.024,Acceptable,66.66769678280606,2.0475900862131247,39.84492038957601
24.5,6.32,5.589,Poor,26.05620893044863,0.392288892595352,98.17352871965872
5.56,6.74,2.326,Good,75.29235167077158,4.317237005547878,5.896127741789695
31.56,6.52,5.428,Poor,76.93633579210452,1.9528327800990015,43.84548989302046
7.69,6.82,2.64,Good,86.91648328937036,4.425787165255764,0.5659913729704966
28.94,6.73,5.467,Acceptable,75.88047935302883,2.117485011837605,32.5098344352289
8.94,6.84,3.017,Good,83.38412469459173,4.101740713255468,0.8741827240001008
4.25,6.74,2.414,Good,88.33435981465556,4.604054078707802,2.3147118695988294
15.94,6.82,4.35,Acceptable,69.83633479654878,2.986432035568583,5.10730619787302
8.69,6.79,2.855,Good,82.41528293570721,4.2346691822768445,0.8803195280749254
24.75,6.72,4.496,Acceptable,65.39869117408297,2.243269716568017,22.81091505045271
35.81,6.53,6.241,Good,82.77947793903387,1.9163445653208406,45.757763743564205
12.12,6.63,3.116,Poor,54.69588699750746,2.6707362880063803,18.832306844189176
29.5,6.78,5.024,Good,75.80557928120065,2.059508517756084,37.97786398807707
33.25,4.87,6.229,Spoiled,0.6591159339758216,0.0,99.4995662794001
15.56,6.6,3.794,Poor,56.59841105542029,2.556263002961154,19.044674213956135
5.5,6.98,3.096,Good,86.49726253814747,4.731283487165772,0.5661040425414444
16.75,6.65,5.088,Poor,58.5945936061677,2.2894329216443716,28.536431042056407
6.88,6.81,3.126,Good,88.33350214273949,4.669740104645507,0.6037234378543244
35.25,6.65,7.223,Good,81.86689602982126,1.8675804004350696,51.56165855272057
33.69,6.69,5.713,Good,83.75077479067356,2.0197269710000767,40.140841158832
14.12,6.63,3.361,Poor,59.87114901205941,2.7257320600044643,19.443549519082723
10.0,6.76,3.095,Good,72.99017747814729,3.720642724124026,3.36985585407319
24.12,6.67,4.569,Acceptable,63.47919282531864,2.083952323806517,39.840230711366544
30.69,4.84,6.066,Spoiled,0.6893757655130968,0.0,99.4995662794001
14.88,6.76,3.494,Acceptable,70.08023678961945,3.03183920969556,4.345983881851403
28.5,6.68,5.425,Acceptable,72.28410014018051,2.0838802198843958,35.580441613516186
26.69,6.69,5.194,Acceptable,72.04851194743351,2.1154107970523444,32.94543820507909
33.19,6.59,5.233,Good,80.40851109565261,1.97678015259628,42.09841883220364
39.88,5.21,7.588,Spoiled,1.0097900412559582,0.0,99.4995662794001
32.38,6.62,5.67,Good,80.48769749962136,2.0104105381861466,42.627010970205
33.44,6.63,5.986,Good,76.27375218632099,1.963631339972791,50.566098481945225
14.44,6.79,3.182,Acceptable,73.40772944043624,3.2623671922844766,3.0684951811238714
13.19,6.55,3.16,Poor,28.16464706226865,0.9374392627633797,69.73909879068052
3.62,7.02,1.949,Good,91.13503026001462,4.782167276633416,0.5504676198780476
25.38,6.56,4.967,Poor,53.58436126292218,1.7914291363139019,54.11382215179866
30.62,6.7,5.311,Good,76.97928346709853,2.066950983246857,37.55694442041346
36.56,6.58,5.997,Good,86.59119958219696,1.9404066088338707,48.78537783917779
16.62,6.8,3.917,Acceptable,68.75160011877094,2.853373078691053,7.320499162850171
27.19,6.55,4.902,Poor,56.08301889188764,1.7286005415384678,66.57179609719053
11.19,6.79,3.25,Good,76.2102131052155,3.6106789091557006,2.6688670634755023
26.56,6.69,5.301,Acceptable,72.90354990422074,2.14755031227381,29.988494673170113
11.06,6.74,3.617,Poor,71.3817868367081,3.4825145379127895,5.562870629189817
10.62,6.84,3.353,Good,79.40604664303305,3.7888909675862266,1.2729655845070527
14.88,6.76,4.648,Poor,67.78943411532791,2.898265656616709,9.79763687788304
35.44,6.53,6.19,Good,82.78630054757205,1.9165600677835446,46.05539910715154
32.19,4.83,6.212,Spoiled,0.6470718990240456,0.0,99.4995662794001
17.06,6.59,3.984,Poor,50.57904479387535,2.1324652477947823,44.85297756220012
14.31,6.89,3.822,Acceptable,75.13564818705466,3.3417977104835956,3.380526235845378
8.31,6.89,2.421,Good,87.23579681664049,4.3402220375859475,0.6493228659082506
20.0,6.52,4.272,Poor,42.08276883260952,1.598818045842524,75.2063595701504
8.0,7.03,3.27,Good,88.26214439964207,4.361135274194256,0.5811344994919033
19.25,6.82,3.485,Acceptable,71.79205414171396,2.550538575330734,9.375711466296332
15.38,5.65,3.681,Spoiled,1.420171985107921,0.0,99.48785755151196
16.31,6.84,3.365,Acceptable,73.38885029964136,2.9929292354995973,3.6462217327421347
36.19,6.55,4.722,Good,80.09095076932283,1.889535927413912,57.44341258366659
11.06,6.91,3.277,Good,79.45264838124429,3.718780801949098,1.398029878926668
22.06,5.31,6.169,Spoiled,0.5712767535185398,0.0,99.4995662794001
12.19,6.42,3.058,Spoiled,19.405991672595604,0.1844298587070901,88.71111921534423
7.0,6.84,2.466,Good,88.81069451440528,4.660735169522771,0.5447661125484801
29.19,6.68,5.029,Acceptable,71.2878091096823,2.0456691140488417,38.2262925944543
17.0,6.67,4.13,Poor,61.85792123075616,2.7428977779136194,11.34648361156511
36.62,6.65,5.889,Good,87.0126316914225,1.9868734198986435,44.49004081490399
13.75,6.84,3.462,Acceptable,77.81410143484865,3.3642741954617654,2.1998402295228234
5.88,6.96,3.071,Good,87.60396219321723,4.739578109552109,0.5538209387656834
11.25,6.82,2.896,Good,77.052463338658,3.6423462082088087,2.3679348825955446
14.88,6.74,3.235,Acceptable,69.42709836562173,2.929327159729061,4.521987374685817
14.69,6.79,3.569,Acceptable,72.85730517811199,3.1556689729700382,5.173036706535453
22.62,6.65,4.827,Poor,59.335593091138776,1.9730233961836154,44.86058453815005
34.0,6.72,5.745,Good,84.4420420923806,2.028234228093193,40.33903495015331
5.5,6.93,2.506,Good,87.79293346635066,4.757654447889085,0.5440937357067342
18.56,6.72,3.9,Acceptable,62.38066160424005,2.3884331032496036,16.965771878832303
35.44,6.65,5.838,Good,84.03840655266028,1.9722474383776045,46.793287467646564
10.5,6.66,3.093,Poor,44.77380105617718,2.0021004653754133,33.215566350728956
19.38,6.59,4.646,Poor,54.2247228407335,2.1393061530512014,36.94054380214815
13.94,6.8,3.499,Acceptable,74.68520820253002,3.3008413931249847,3.1081493145470627
24.31,5.08,5.535,Spoiled,0.6389981071752197,0.0,99.4995662794001
8.19,6.87,2.855,Good,86.09851057582948,4.342302116600078,0.570330958038622
6.31,6.82,2.436,Good,87.67010962236756,4.728428313141048,0.5478839127406756
15.31,6.83,3.284,Acceptable,71.21702255654017,2.909839037966395,3.8174689906817743
5.25,6.87,2.453,Good,88.26349358792615,4.770221778849634,0.5438693706309772
24.5,4.64,5.947,Spoiled,0.6129652623512354,0.0,99.4995662794001
13.69,6.82,3.304,Acceptable,75.77625546521978,3.3174417755565044,2.305213402748936
5.81,6.59,2.108,Poor,38.011162463367924,2.361906024616406,50.23190371446584
36.06,6.51,6.382,Good,81.00579891395384,1.8870848984130897,47.65509300548412
12.75,6.71,3.289,Poor,59.24968894612298,2.911242856453618,18.153921049785467
31.19,6.69,5.847,Good,79.85165094794147,2.084824639788644,36.13904846676498
7.06,6.78,2.293,Good,85.27980481636337,4.595429119996505,2.0521104518196585
24.0,6.8,4.779,Acceptable,70.5702158094192,2.3786962915608716,16.866248377324986
35.38,6.67,5.444,Good,84.08484360047366,1.9629111160185417,47.3005587752417
8.81,6.73,3.197,Good,75.46932110207547,3.9575750630292283,6.927051150590862
13.25,6.58,3.454,Poor,30.042926983943584,0.9583132617767723,73.17289717387422
13.88,6.77,3.478,Acceptable,72.08186232927423,3.281292711765616,3.488843218882266
14.94,6.72,3.645,Acceptable,62.80984999265948,2.9138201856129773,7.706922898382153
15.81,6.63,3.481,Poor,59.57627732653635,2.5167036042155746,23.374088524086556
5.81,6.98,2.154,Good,86.78707448614992,4.75593643744579,0.556903564857887
17.06,6.82,3.483,Acceptable,72.74367822768016,2.977872158403311,3.474343167578767
12.88,6.39,3.271,Spoiled,17.661435581213578,0.1644583436643708,92.58614168280884
6.5,6.89,2.477,Good,88.0102237244181,4.715409689144645,0.5438693706309772
6.0,6.95,2.939,Good,87.53797021610784,4.7387826644404205,0.5528396164964259
8.19,7.0,2.883,Good,87.08568477083303,4.371938156056365,0.5836472125373061
3.5,6.86,2.514,Good,90.44498911803008,4.788734151184292,0.5451962561871956
19.94,6.71,4.262,Acceptable,62.1400362871737,2.4257997126162314,17.98347515513488
33.75,6.59,5.929,Good,79.90584428072566,1.957717458703331,46.69968457795251
4.81,6.9,2.915,Good,89.94598310583734,4.789029179892391,0.55757890836756
27.44,6.7,5.117,Acceptable,73.57423104554321,2.150886659670238,31.892571694722346
24.12,6.62,4.589,Poor,59.33207490422508,1.995310053699198,52.08004194993947
15.06,6.73,3.14,Acceptable,63.02171464864414,2.849128169020061,9.888401375066973
7.62,6.89,2.344,Good,88.0421974065601,4.498460721907632,0.5796809009446325
3.25,6.88,2.248,Good,92.01935567255427,4.7946533948638494,0.5438693706309772
36.62,6.6,6.41,Good,83.24034786319027,1.9474977298884832,52.02609287683885
6.56,6.76,2.516,Good,87.53582510331272,4.598197825822747,1.1017750603048269
5.69,6.84,2.475,Good,88.2580039354262,4.737426575071912,0.5447661125484801
36.31,6.54,5.504,Good,86.1074794217637,1.9410562629768446,48.20797207304245
32.94,6.56,5.787,Good,79.94482852138383,1.9539474600942979,45.01482974114971
9.81,6.91,3.067,Good,81.13150040565124,3.9592139373988493,1.0425557821314082
16.12,6.88,3.641,Acceptable,71.46236563915258,3.020416947676395,3.742681742212356
33.38,6.61,5.706,Good,79.04636312258383,1.9697817856167936,47.694235095959996
15.06,6.83,3.53,Acceptable,71.7830647989024,3.031594270650304,4.025586353692394
11.94,6.55,3.701,Poor,27.82556371838211,1.0524737028003344,68.46104466782454
6.62,6.8,2.351,Good,86.91311719775818,4.573466446063048,0.7666029280331855
25.88,6.63,5.1,Acceptable,67.56058857853256,2.0571458844958657,36.48612862495525
4.5,6.86,2.623,Good,91.39629276937437,4.788931282135968,0.5451962561871956
10.44,6.72,3.686,Poor,57.61873547423079,3.4362221390931396,14.029236128207952
16.0,6.77,3.468,Acceptable,69.73366174369308,2.958791476538809,4.23063723272763
20.5,6.24,4.661,Spoiled,19.417546337799635,0.0818067170425101,98.82911284818415
19.94,6.58,3.959,Poor,56.803503673471525,2.2229345084474303,29.987722886044512
28.0,6.56,5.75,Poor,65.38146577437247,1.8795826309102248,49.958433548354044
11.69,6.77,4.413,Poor,69.67527913110989,3.458906891865468,7.417278558879341
26.94,6.54,5.448,Poor,57.97787591036853,1.705676219477165,58.953390502917784
5.0,6.87,2.341,Good,88.34053367143296,4.743324174900535,0.5438693706309772
19.75,4.96,4.539,Spoiled,1.2347524359810405,0.0,99.4995662794001
28.31,5.03,6.492,Spoiled,0.6967673748527604,0.0,99.4995662794001
34.25,6.71,5.438,Good,85.92816929579912,2.025463247744747,38.426204729186544
30.5,4.89,5.856,Spoiled,0.64202160024436,0.0,99.4995662794001
21.69,5.28,5.235,Spoiled,0.6484643037233069,0.0,99.4995662794001
21.12,5.59,4.878,Spoiled,0.8692429567159841,0.0,99.4995662794001
35.88,6.68,5.599,Good,85.02686830044044,1.9695021016472636,48.094222598348416
5.5,6.77,2.25,Good,84.462254997798,4.6983012360086445,2.4458819916052508
34.38,6.66,6.118,Good,82.27455371776348,1.9961832077203525,41.91769361121591
4.69,6.75,2.431,Good,90.1006607436772,4.705847337317259,1.6759842504780018
23.62,6.72,4.49,Acceptable,64.84490076645926,2.317307831529071,21.052226357418988
12.94,6.82,3.375,Acceptable,77.27023997297218,3.468076985577842,2.469173721585351
34.25,6.61,6.434,Good,79.14672836937072,1.9622789134000278,51.46386581232326
8.81,6.76,3.444,Good,83.16948742762199,4.171896547515592,1.3013250642619532
16.25,5.9,4.529,Spoiled,0.8033197362505423,0.0,99.49408823062198
23.38,5.06,5.328,Spoiled,0.6492075738712267,0.0,99.4995662794001
17.0,6.23,3.604,Spoiled,7.34518742561532,0.014039943993871897,99.08028353533368
12.44,6.71,3.235,Poor,58.78751640952734,2.861471397515273,19.03421259220139
35.12,6.71,5.212,Good,86.25018195593047,2.000067015937777,43.18913547429876
13.31,6.77,3.66,Acceptable,70.86921495110651,3.178161852940486,5.331411583354626
13.56,6.91,3.196,Acceptable,77.26812178791369,3.3362090011951313,1.9417000694190767
17.31,5.41,4.175,Spoiled,0.6970682625684292,0.0,99.4989611190399
33.38,6.63,5.67,Good,79.60322502522396,1.9810577561780414,47.22801586507067
8.94,6.73,2.705,Poor,61.820197986011,3.2294500996183184,12.675299004068805
28.0,6.46,5.032,Poor,42.681248818790465,1.3407640700098518,79.14221043242445
25.88,6.43,5.729,Poor,29.28346283204818,0.5022035560045471,97.77412102297782
17.31,6.77,4.044,Acceptable,68.08579729301542,2.898953163524873,6.521016887510871
20.94,6.85,4.28,Acceptable,70.84598308356236,2.6452982750823417,7.18433042292908
14.38,6.75,3.647,Acceptable,70.02870181581683,3.206245756546911,4.666226270619175
33.12,6.51,6.481,Poor,76.54733204043916,1.863268710404514,43.073478441358326
30.81,5.62,6.397,Spoiled,0.7746442413533678,0.0,99.4995662794001
17.69,6.68,3.398,Poor,61.51529924882015,2.5608489687719183,16.986691977364885
38.38,4.95,7.222,Spoiled,0.7618658060429936,0.0,99.4995662794001
31.81,6.65,4.968,Good,84.93012810091001,2.042003213008406,34.22764839640248
12.5,6.89,3.479,Acceptable,78.30797944534018,3.451181365507806,3.062080047586995
15.31,6.6,4.608,Poor,55.2513999312585,2.3106961704168776,28.096158439661735
7.38,6.87,2.693,Good,87.61327369466707,4.552520791377651,0.5450643186441395
12.44,6.81,3.352,Acceptable,75.46073744102621,3.418376033577249,3.6962252704836454
17.38,6.66,3.85,Poor,60.1480578937663,2.4039111486369698,27.4976546045737
25.56,6.09,5.582,Spoiled,12.598848683767326,0.0,99.49076989785448
8.94,6.91,2.843,Good,85.17385457576323,4.177381254674754,0.8700136485569874
9.12,6.86,2.047,Good,82.27085261025584,4.07946850634909,1.123581824687971
24.44,6.57,5.221,Poor,55.91928954238015,1.76274809088482,50.547830880375486
17.5,6.81,3.678,Acceptable,70.11130148037861,2.8528834151134923,4.170674751817947
32.62,6.54,5.629,Good,79.012778063592,1.9631155473812563,41.44856203237897
7.19,6.92,2.925,Good,88.47741963727624,4.579396407032841,0.552271413354736
36.19,6.65,5.734,Good,86.70188575674322,1.9933392242938466,45.399912634318724
16.5,6.51,3.766,Poor,35.94854215177844,1.4700292901521446,71.1824860445946
17.69,6.84,4.009,Acceptable,67.75563058166377,2.5610120630099664,12.384542985007268
27.12,6.8,4.72,Acceptable,73.45213984899388,2.2364149852312725,25.134711475385608
31.44,6.58,4.703,Acceptable,77.59566621625876,1.9267730728226875,47.88427481294656
35.12,6.57,6.508,Good,81.41673271556682,1.9096326669174952,47.096407118338
8.69,6.75,3.044,Good,86.36303341244835,4.28686423112052,1.1799522410788406
9.88,6.83,2.952,Good,79.70458710310314,3.9612050182667744,1.6036201297914583
17.38,6.79,3.965,Acceptable,68.25738885629315,2.8040151087544145,6.825352853915975
17.94,6.63,4.223,Poor,59.32054581556176,2.3900860551536045,24.525745945013107
14.94,6.86,3.746,Acceptable,71.31974680022665,3.021719212100472,4.236866658442759
22.94,6.84,4.532,Acceptable,70.61229603888312,2.4231477564459882,13.850146557187346
14.19,6.81,4.388,Acceptable,69.44726289615977,3.018515918013559,7.6815309834685905
34.31,6.55,6.076,Good,76.54292332605922,1.8990826990881258,53.378809633617266
13.0,6.97,3.455,Acceptable,79.62074666496164,3.478573561665226,3.130540198626746
33.31,6.62,5.787,Good,79.78743474116314,1.9793326594007525,46.86189059647711
24.56,5.2,5.79,Spoiled,0.7165408966078917,0.0,99.4995662794001
13.19,6.65,3.498,Poor,56.302314055610914,2.472136540099793,23.709236126048143
27.5,6.61,5.983,Acceptable,68.14623248464464,1.8950835423746486,54.60924240699193
29.0,6.44,4.806,Poor,42.05446740886733,1.3155418122703804,89.54025196605896
33.81,6.52,6.135,Good,78.08913373696024,1.9299042951810563,43.46329902918957
32.94,6.57,5.702,Good,79.26332473696947,1.9520627797387853,48.3411172076391
18.06,4.95,4.846,Spoiled,1.42602108055462,0.0,99.4995662794001
9.38,6.84,2.777,Good,80.24904124902092,3.989488932688034,1.3695480777883882
12.12,6.8,3.602,Acceptable,72.04546094982301,2.887651266074327,13.255675524501624
9.31,6.63,2.713,Poor,44.129559834758176,2.6793879515419174,25.875165669695527
31.81,6.66,5.728,Good,82.30833233768047,2.0454961945147376,35.76953924430036
9.62,6.82,2.429,Good,81.73470671191826,4.007443141274873,1.658903331428113
33.81,6.68,5.439,Good,84.52886361562472,2.0156057605627455,39.742184221908715
6.44,6.85,2.677,Good,87.48742218782004,4.7164091593978235,0.5531790697302418
12.44,6.7,3.367,Poor,58.84661678978063,2.8385471732511687,18.228637389149675
10.88,6.91,2.839,Good,79.15403413114934,3.7591762164604683,1.4937383273910483
13.88,6.84,3.36,Acceptable,77.20795792636797,3.33578446481314,2.1303608544482837
24.88,5.06,5.097,Spoiled,0.675750411287733,0.0,99.4995662794001
11.12,6.79,2.707,Good,73.51324502310707,3.5190223004377135,5.975888166750984
36.12,6.51,5.021,Good,80.6530861821262,1.901356258225192,53.34697283368888
7.31,6.92,2.759,Good,87.78938243470802,4.550674029594999,0.5480933645293761
32.69,5.31,5.699,Spoiled,0.4451314899517345,0.0,99.4995662794001
21.62,6.7,4.77,Acceptable,60.91261400256275,2.0533826025306134,40.08054271739892
21.19,6.32,5.206,Spoiled,26.350127960421926,0.3424760445840546,97.15605464270438
30.12,6.59,5.438,Acceptable,65.43763815194144,1.9178141782521951,58.855621301168924
16.62,6.76,3.927,Acceptable,67.96553360103462,2.8205331902139394,7.708773349061226
14.06,6.82,3.394,Acceptable,76.15379935223038,3.31923503928186,2.4032738804411085
36.62,6.52,6.257,Good,86.88463626029991,1.9405857543926812,40.15450504847395
7.25,6.7,2.485,Poor,74.59570341821521,4.166245669080498,4.282404587770927
8.81,6.83,2.536,Good,85.81800153864897,4.2736148046841285,0.6854391700410383
12.38,6.8,3.01,Acceptable,73.81415482679428,3.3676754012580226,3.366674933974206
34.75,6.54,6.425,Good,79.80215654093546,1.9202106003071215,43.67869086953671
28.94,4.68,5.469,Spoiled,0.7017876876533574,0.0,99.4995662794001
15.56,6.66,3.509,Poor,60.16442240220381,2.5470684946119024,23.315506551925843
10.94,6.78,2.965,Good,73.28883865326488,3.639309295386064,3.6588697005204387
27.81,4.82,5.495,Spoiled,0.6469422274130242,0.0,99.4995662794001
36.31,6.61,5.951,Good,86.84859963922642,1.9722054381885015,45.1637002266591
37.19,6.49,5.645,Good,80.30981599997091,1.7939178330073222,58.19540270238264
36.12,6.55,6.204,Good,86.03531941523812,1.9429110263143579,43.11223949382192
32.06,5.26,5.981,Spoiled,0.7675517334565045,0.0,99.4995662794001
28.81,5.91,5.138,Spoiled,0.9276072637263276,0.0,99.4980440984765
13.69,6.7,3.347,Poor,61.05742714751622,2.7882783980693535,19.402989329287166
25.94,6.26,5.395,Spoiled,21.0161454772515,0.08541754019783103,99.4494057386108
10.81,6.94,2.815,Good,80.88573037697876,3.829015483424666,1.855521511773332
28.62,6.71,5.025,Acceptable,73.70128244398066,2.170739630529347,30.40989594708824
27.94,6.63,5.143,Acceptable,71.10111867276049,2.051411460873985,37.067363800927275
32.81,6.68,5.504,Good,84.30138081198014,2.0772668727808035,37.60862808216889
33.25,5.16,6.508,Spoiled,0.8126730501771356,0.0,99.4995662794001
4.94,6.98,2.505,Good,84.54422223634458,4.686083142835245,0.5593247486597195
10.56,6.79,2.985,Good,74.88694941424225,3.6412801207870578,2.3974041707229015
6.56,6.54,3.837,Poor,33.66451456159867,1.2535015201496702,66.39130050648532
14.38,6.76,4.682,Poor,67.84884508331524,2.8943496622392546,10.13903194093963
12.44,6.79,3.317,Acceptable,74.45179869808108,3.41209754866533,3.8337870039984243
36.5,6.64,5.238,Good,84.99246907323766,1.9983458215161405,45.59895927952157
25.88,4.92,5.191,Spoiled,0.5338935047769964,0.0,99.4995662794001
4.75,6.84,2.445,Good,90.69469291070611,4.792094151604723,0.544990477624237
14.25,6.77,3.279,Acceptable,71.65992236776069,3.268528042701564,3.267345374718116
7.62,6.83,2.809,Good,86.17044356755713,4.46576392280916,0.5678561017238921
22.56,6.44,4.645,Poor,36.573697116108264,1.120059101402516,90.18718409112115
31.94,6.64,5.505,Good,81.74342994147422,2.0354312884057224,36.0449844675821
36.56,6.65,5.68,Good,86.8568974591989,1.9925168115379817,45.83367489378877
13.94,6.67,3.444,Poor,62.50454989361059,3.0637625120358587,10.971037422922256
32.38,6.58,5.531,Good,79.82139949620188,1.96126667526031,41.96298852032645
18.88,6.49,4.516,Poor,31.41315501504477,1.0253067649319063,87.77179794121133
21.56,5.66,4.484,Spoiled,0.9219226169687997,0.0,99.49940794606677
18.19,6.73,4.278,Acceptable,63.54074480661694,2.702952669159825,10.290297072993804
34.12,6.65,5.836,Good,82.37654217315831,1.9859555220122707,44.18890926070706
22.12,5.58,5.067,Spoiled,1.0146878191932487,0.0,99.4995662794001
26.38,5.0,5.046,Spoiled,0.507421934348699,0.0,99.4995662794001
20.06,6.65,4.137,Poor,60.0986185241413,2.380568298134219,24.36077126942885
10.62,6.9,3.706,Good,78.87266199209675,3.822642714003739,1.6571345766483723
27.19,6.69,4.774,Acceptable,72.91296107316246,2.1478992837988087,31.60804041704802
37.19,4.91,6.197,Spoiled,0.8782669438803787,0.0,99.4995662794001
32.88,6.59,5.684,Good,79.10924418044824,1.9637941382232795,48.49591909188373
8.12,7.04,3.418,Good,87.0858072213164,4.319678512718065,0.6199747079113829
25.5,5.0,5.347,Spoiled,0.5375995564271152,0.0,99.4995662794001
21.38,5.38,5.253,Spoiled,0.6355366720016674,0.0,99.4995662794001
28.0,6.59,5.264,Poor,64.47272227122676,1.9371142782991466,50.60916804472704
35.0,6.59,5.971,Good,83.23362248831451,1.9517239770758645,49.60284207142176
32.56,6.7,6.462,Good,84.1199750273577,2.0899829008073154,37.19572218420487
34.69,6.62,6.325,Good,80.31893881074514,1.9848606194672216,48.26168564868586
24.81,5.74,5.056,Spoiled,0.4949911580689797,0.0,99.4995662794001
10.62,6.78,3.081,Good,73.54050191803636,3.6980160843567704,2.8701939004072967
11.19,6.85,3.088,Good,78.25745171457707,3.6714104699300254,1.775667551736326
8.12,7.02,2.788,Good,87.85483539114617,4.369072604593282,0.5768152056551085
39.94,4.69,7.661,Spoiled,0.8974374292272688,0.0,99.4995662794001
29.94,6.68,5.419,Good,76.77419020230191,2.067807222429267,36.347231582093556
35.75,6.65,5.175,Good,84.60729958303051,2.0062585745962602,43.04696352745663
11.12,6.73,2.835,Poor,61.46895357700962,3.316057338566573,11.635539054831778
16.75,6.95,4.168,Acceptable,68.28008540064693,2.7308224913577814,8.787959610558797
21.38,6.64,6.091,Poor,58.23810239477672,1.8385618732386375,56.69975276749571
23.81,6.59,4.921,Poor,52.838635763074606,1.819716685121405,60.826908942201186
15.0,6.82,3.228,Acceptable,71.35909270400538,2.9706336683758843,3.4116321297308057
32.5,6.64,5.697,Good,81.14231619716256,2.0044055137279377,43.2584154959355
14.5,6.8,3.901,Acceptable,71.34665454580512,3.089821519051683,7.878484156432684
30.81,6.57,5.426,Acceptable,70.11246747273208,1.8794137720711093,52.0614372174434
31.19,6.69,5.694,Good,81.41220268211617,2.0900711743873353,35.00018546519895
6.81,6.96,2.667,Good,88.18616427105272,4.674679280548346,0.5448131039953339
17.44,6.47,4.335,Poor,27.90002721519679,0.7078138237461498,93.95859628198204
18.81,6.77,4.537,Acceptable,67.90600467145002,2.6905358869734948,7.700955218371389
3.19,6.9,1.97,Good,91.249624532012,4.794637361977797,0.5438693706309772
15.56,6.84,3.432,Acceptable,73.87045430202745,3.0897209695258585,3.122727656692841
27.88,6.7,5.083,Acceptable,73.35907117699486,2.1517736939305325,32.711490780554435
20.81,6.66,4.049,Acceptable,60.361818775534836,2.394493084459212,19.71540484995324
33.75,6.6,5.584,Good,80.5982069719934,1.983551707792067,43.938724387077414
9.81,6.8,3.084,Good,77.62853694118752,3.9162743895212255,2.055724876765442
9.31,6.84,3.038,Good,80.79536426073896,3.995537277792873,1.8444266171878652
7.69,6.91,3.09,Good,88.6699298285664,4.55002631572085,0.5665798264920804
36.25,6.74,5.634,Good,89.12036058545674,2.0414660026487117,34.151257382590764
14.19,6.88,3.66,Acceptable,74.7438336476945,3.3181836018764774,2.9714650308439894
31.06,6.65,4.884,Good,82.07779060148943,2.0402804457960486,34.58877626483767
37.94,6.55,5.453,Good,85.61857376218737,1.920688943860053,52.18110391922103
36.56,6.63,5.528,Good,86.61611061907399,1.9896678434052095,44.99001384210744
27.44,5.29,5.19,Spoiled,0.49145034034680274,0.0,99.4995662794001
9.12,6.65,2.835,Poor,44.041239906886055,2.8776076538163076,19.306776943954077
20.19,6.78,4.243,Acceptable,67.43873134952837,2.471060779019475,15.903330073721781
3.06,6.91,2.377,Good,91.48782247071587,4.7888120111640635,0.5451962561871956
28.12,6.73,5.291,Acceptable,76.3996174240462,2.2869574434774074,17.032194519621605
25.44,6.71,5.225,Acceptable,71.41425249441396,2.274054289971534,24.212015662578857
22.31,6.74,4.488,Acceptable,67.46045673651464,2.350344150413405,19.78589573470425
15.94,6.78,4.301,Acceptable,68.1804379918496,2.86457371862154,7.457288072388169
16.38,6.74,3.693,Acceptable,68.16386254933595,2.9685199018141524,5.2998861930275
11.0,6.83,2.875,Good,78.42626103501289,3.7428328352761953,2.1517161787757995
34.25,6.61,5.309,Good,81.84568264410849,1.988922242920795,43.9362446034894
34.81,5.14,6.332,Spoiled,0.7329582530678689,0.0,99.4995662794001
8.81,6.65,2.559,Poor,45.216902804960306,3.0775136543129564,19.795452472984394
16.75,6.71,3.58,Acceptable,62.13945661811513,2.7238287210285024,13.28520683486298
37.06,6.65,6.58,Good,85.49334558202412,1.9913209305397095,43.92065481682343
16.25,5.6,4.574,Spoiled,0.9832535754588709,0.0,99.4962811944275
34.62,6.75,6.637,Good,84.91584098905776,2.0070038433361908,42.519782130307846
28.44,6.74,4.974,Acceptable,76.89482494204157,2.252785375757766,21.092504694170135
14.56,6.76,3.557,Acceptable,71.43182979430944,3.228990156997161,4.431037799678559
4.0,6.83,2.038,Good,91.19696103469816,4.79463219019152,0.5457937066685242
3.5,6.89,2.114,Good,91.12369849135563,4.7946533948638494,0.5438693706309772
17.44,6.71,4.199,Acceptable,62.46874089286917,2.7141435033308214,9.555578946900521
14.38,6.39,3.711,Spoiled,19.746270931883725,0.4226168467298682,92.34267953159403
24.88,6.74,4.958,Acceptable,69.39072244952327,2.2724918107660184,22.67304398811843
10.5,6.82,3.029,Good,77.13590592534857,3.7317875211220777,1.6373234811724215
9.25,6.89,3.159,Good,82.87903631079617,4.064050307484182,1.0637899428027071
20.19,6.23,4.214,Spoiled,15.499354975448528,0.0022085888215486304,98.8123640209972
15.81,6.81,3.342,Acceptable,71.55683847207179,2.8794971154927906,4.604700562222943
6.69,6.83,2.519,Good,88.09911844185649,4.666105011983225,0.5457937066685242
39.0,5.02,7.245,Spoiled,0.8436034743451727,0.0,99.4995662794001
32.81,6.56,5.827,Good,78.84795487741363,1.9509116076485375,45.01558498146815
34.75,6.51,5.399,Good,81.13627792747296,1.9407857580763646,46.466922917973775
28.75,6.63,6.457,Acceptable,72.36051437426224,1.8658780050865573,44.55421076371228
31.38,6.63,5.749,Good,77.87008678865624,2.0429594949490344,35.88507883866424
10.88,6.94,3.73,Good,79.84631917167503,3.817889405277906,1.904241997004906
36.69,6.53,5.387,Good,86.14300451295667,1.9371295585065187,47.768829873910946
13.0,6.87,3.14,Acceptable,77.75622860007795,3.4424776440376377,1.9870086665121227
29.19,4.63,5.176,Spoiled,0.8461464198460958,0.0,99.4995662794001
8.25,6.82,2.681,Good,83.7278915136252,4.250228505264586,0.6123905669447185
28.56,6.57,5.134,Poor,63.70297693439727,1.8673038026549693,50.62813719303405
15.19,6.76,4.047,Acceptable,67.91999025534177,2.938352704217278,7.972956089556169
7.44,6.93,2.901,Good,88.41120899361133,4.5590241112208245,0.56919038518439
14.0,6.44,3.456,Spoiled,22.612105822182617,0.2387603264599069,89.7633199086215
29.31,6.41,5.038,Poor,35.343512904714956,0.7547017453980893,93.71520663147993
10.88,6.85,2.895,Good,79.0389997593866,3.811048264828901,1.54822035418246
31.06,6.75,4.676,Good,83.6599216481908,2.11334613150283,29.639374282762518
8.38,6.93,2.999,Good,87.75729021983297,4.348135996444112,0.6615245592090695
36.56,6.59,5.324,Good,85.67973019762837,1.963438504577594,48.48797671688633
11.44,6.67,2.714,Poor,56.25799343503781,3.036199693818735,14.887001766177638
34.69,6.7,5.619,Good,84.40589898901258,1.9910346815015472,44.28059675370435
6.44,6.85,2.575,Good,88.56160210106688,4.732670609567714,0.5515686746602814
13.75,6.85,3.41,Acceptable,77.49835377404935,3.3496692314932996,2.1457650368226195
12.0,6.89,3.859,Good,76.32795923841967,3.458826391058629,3.785475853919766
4.5,6.87,2.214,Good,91.54116823107555,4.7946533948638494,0.5438693706309772
8.5,7.09,3.441,Good,86.62264750362814,4.28450536798737,0.6817210441596034
5.5,6.88,2.317,Good,88.10181929489262,4.759723557202751,0.5438693706309772
11.56,6.07,3.157,Spoiled,1.2684174559454022,0.0003819085009768877,99.20758753533838
14.06,6.84,3.34,Acceptable,77.09347983526318,3.338431249532458,2.1217923829934033
31.75,5.03,6.311,Spoiled,0.7345219687259289,0.0,99.4995662794001
34.0,5.98,5.633,Spoiled,2.0574014031267245,0.0,99.49230811882295
26.88,6.76,4.809,Acceptable,75.80275347260412,2.2631413559706064,24.26455304002728
10.38,6.83,3.023,Good,77.94855812307853,3.77261353454391,1.4598993474476154
17.88,6.8,3.962,Acceptable,67.83925803440096,2.5844549613141874,8.937742869923122
10.12,6.74,2.6,Poor,70.01579102287674,3.597348032500634,6.774313613286162
6.06,6.9,2.512,Good,88.68230024370884,4.747134816840337,0.5438693706309772
20.25,6.7,3.963,Acceptable,61.846221936257045,2.255823577112865,28.999429221922288
7.19,6.92,2.598,Good,88.73056439299731,4.586439779571786,0.5438693706309772
13.62,6.86,3.754,Acceptable,75.59065223474869,3.335337151028237,3.4669695536308067
35.38,5.39,5.682,Spoiled,0.808981769603741,0.0008864408992365054,99.4995662794001
10.12,6.79,3.095,Good,76.59191531049345,3.8415584975060186,2.0964785787873432
27.0,6.64,4.733,Acceptable,71.11090735685309,2.070654293863336,33.171261858238815
37.31,4.75,7.427,Spoiled,0.7555776624531393,0.0,99.4995662794001
10.62,6.8,2.973,Good,75.3988301691036,3.6573054475728775,2.465003138318226
7.88,6.95,2.966,Good,84.94666627889501,4.3178164973086774,0.5701259260543554
7.12,6.97,2.662,Good,88.25563071357074,4.613485133487909,0.5448131039953339
30.12,6.72,5.007,Good,73.57416100925579,2.08468480330921,36.18534636053316
10.75,6.89,3.252,Good,79.997927304705,3.8191164522547822,1.1512755630163074
10.5,6.88,3.705,Good,78.42021236531706,3.8111643339152095,1.6393861387025
37.12,6.44,5.622,Good,67.69242323573896,1.5651621953691854,71.46622858523511
12.75,6.84,3.389,Acceptable,78.4036776137387,3.488569604616521,2.1674650047062864
36.69,6.47,5.645,Good,67.98667032653405,1.5996088113639897,73.33905626280068
32.88,6.57,5.3,Good,79.22005059930052,1.938223314088803,49.632754477565435
33.06,6.6,5.766,Good,79.73329926532128,1.9792430323441852,44.566012619246976
29.69,6.61,5.337,Acceptable,77.65462753248521,2.016353593959642,36.30162309292098
10.44,6.85,2.882,Good,78.88284936168981,3.8364264892619224,1.4253802134857831
19.0,6.23,4.219,Spoiled,12.793843878033735,0.0009164946054070387,98.86099695551523
21.19,6.63,3.899,Poor,59.59551295769436,2.2167063273823855,28.642098999424128
29.88,6.68,5.78,Good,76.8724891248649,2.071728847255582,35.400102157702065
14.75,6.54,3.256,Poor,33.37589665491992,1.3715576594540448,67.92081973209234
6.94,6.75,2.875,Good,87.70595675668191,4.647870321804313,1.0419872471441145
30.44,6.76,5.721,Good,79.59057368839962,2.1372003084703675,28.714413299346674
6.0,6.83,2.395,Good,87.6293347036752,4.727129579807844,0.5457937066685242
29.62,6.57,5.191,Acceptable,68.10642403539501,1.8717576395077304,49.525473166157624
4.94,6.85,2.494,Good,87.80088917833454,4.722552126831499,0.5517930397360383
15.88,6.81,3.599,Acceptable,70.24778722111088,3.0109530653346654,7.226579715905451
18.0,6.71,4.209,Acceptable,62.44189685047392,2.7320235495896834,9.566335401304766
30.44,6.1,5.817,Spoiled,18.741623601872853,0.0,99.47848430894334
4.94,7.03,2.478,Good,87.49866617600702,4.697135388428017,0.550944616532752
39.75,5.17,7.345,Spoiled,1.0211994522150125,0.0,99.4995662794001
36.81,6.62,5.853,Good,86.61808103910674,1.982324347595269,45.75317050268554
9.94,6.68,3.285,Poor,52.450405517995854,2.894011748314353,23.80133049803883
25.81,4.82,5.253,Spoiled,0.49192779913876683,0.0,99.4995662794001
33.81,6.64,5.538,Good,82.5152510424519,2.0065822033317846,40.57454146910713
27.12,6.58,5.333,Poor,62.16516849882199,1.8309515888290453,54.54308252023348
27.69,6.53,5.159,Poor,54.73548696858732,1.6990880515007036,68.71400798073333
13.88,6.13,3.354,Spoiled,4.052061349311159,0.0,99.1921046709174
24.12,6.74,4.901,Acceptable,68.74592635789217,2.243252690892211,25.537504296826548
11.88,6.89,2.617,Good,75.42011574939639,3.5110912647694326,4.942167170987796
16.75,6.73,3.706,Acceptable,63.55344393648597,2.8545146071780114,9.003625051091548
13.75,6.83,3.78,Acceptable,74.66200366748458,3.285328042283548,3.8969386655496
7.62,6.99,2.248,Good,85.01176071369562,4.42455698613415,0.6633157928169442
20.38,5.81,4.431,Spoiled,0.4685156787916628,0.0,99.49938469025281
4.69,6.85,2.407,Good,90.80945810224904,4.7928399922272735,0.5515686746602814
3.75,6.98,2.591,Good,92.23472935103081,4.7691040978474675,0.5584830819930525
11.69,6.83,3.331,Good,78.69788210518513,3.688666708062251,1.9020684952919142
10.12,6.82,3.498,Good,78.8990884809592,3.8911891281368463,1.6056645366486342
26.5,6.72,5.755,Acceptable,73.76246677906514,2.273416885374848,23.51206265611061
29.69,6.7,5.209,Acceptable,77.083055222536,2.0658675591033404,35.50801920413053
5.62,7.09,2.358,Good,87.7219140182067,4.735003649542913,0.5504676198780476
11.0,6.8,3.196,Good,76.17447867879808,3.644389551590277,2.7018667672405305
6.56,6.95,2.115,Good,84.71776339461239,4.597673323502093,0.5473803119721132
6.75,7.01,2.725,Good,87.3480077959718,4.657305307153,0.5547932249472305
32.5,5.13,6.598,Spoiled,0.765925042394246,0.0,99.4995662794001
12.69,6.81,3.472,Acceptable,76.61743239477444,3.4562611332765742,2.894101440205235
7.69,7.0,2.592,Good,87.32460992790506,4.494529684463521,0.5611034322535298
34.38,6.72,5.98,Good,85.35164142609689,2.0239141991522187,40.01148851040638
7.56,6.93,2.425,Good,88.83365836301469,4.575703646836383,0.5532243810983521
17.88,6.73,3.926,Acceptable,63.34398578576272,2.5367087745873125,12.667351125072617
34.12,6.61,5.478,Good,81.42290804905713,1.9887456399381394,42.98285581514675
25.62,5.73,5.249,Spoiled,0.5305709348363833,0.0,99.4995662794001
12.44,6.88,3.553,Acceptable,76.61417220031586,3.3233090149150954,3.697123396750151
26.25,6.67,4.535,Acceptable,73.20466584176965,2.1922736209451092,29.41166154613491
18.38,5.23,4.804,Spoiled,1.3020500398510326,0.0,99.4995662794001
9.62,6.94,3.14,Good,85.8931306277096,4.166913915967025,0.9538595489163666
10.75,6.83,2.674,Good,76.61988400052013,3.7326602104456685,2.9548231985780253
8.94,6.96,2.417,Good,86.1481144153011,4.232807717133697,0.9682424933261758
4.25,7.1,3.05,Good,93.08894260704538,4.766716077067587,0.5609817483552555
25.88,6.63,5.222,Poor,68.42976526172123,2.0693320074380437,32.561318443054525
35.44,6.48,6.309,Poor,76.95786861330767,1.825731922924886,57.58217041118015
25.12,6.9,4.837,Acceptable,72.04162455705277,2.3512335021527093,18.637878701176074
7.31,6.9,2.602,Good,88.72131940911683,4.574218561069133,0.5438693706309772
22.62,6.7,4.5,Acceptable,61.58207233935788,2.19220232028166,30.506138169529763
30.0,6.71,5.14,Good,74.39633630986387,2.026927363148371,42.094520898390876
16.69,6.68,3.629,Poor,61.8712576819464,2.6842245665647577,12.909336573219216
19.12,6.63,4.002,Poor,59.686626859740066,2.3980598737911234,20.32992240003193
16.56,5.54,3.993,Spoiled,0.5771039364204948,0.0,99.49881238666559
28.31,6.6,4.83,Acceptable,68.58704710040327,2.0016884663518404,41.34180304159398
33.62,4.78,6.447,Spoiled,0.6274535880575609,0.0,99.4995662794001
19.19,6.69,3.862,Acceptable,61.6769038404012,2.3176690791863894,26.308815368104476
9.62,6.89,2.659,Good,84.40903527336033,4.107098042200104,1.315408846500245
34.5,6.71,5.304,Good,85.8922260529111,2.0195367356046696,42.03551442922193
36.0,6.39,6.381,Poor,37.62700691689631,0.8620259973897614,97.18144823332567
13.0,6.92,3.23,Acceptable,77.96122679024263,3.4568150727600764,2.0236632100604974
32.81,4.98,5.563,Spoiled,0.6282224586473323,0.0,99.4995662794001
32.94,5.12,6.102,Spoiled,0.7726177585712558,0.0,99.4995662794001
37.19,6.65,5.909,Good,87.22573714890156,1.986984562466471,44.26254991904245
32.44,6.61,5.995,Good,76.71379429963307,1.9664024028787912,50.955076508332546
22.81,6.69,4.208,Acceptable,61.77272510410001,2.212595820383334,28.06026950280687
30.31,6.76,4.43,Good,76.23512598819923,2.114242281975529,31.347877241369066
30.12,4.66,5.856,Spoiled,0.8216477389866883,0.0,99.4995662794001
19.19,6.66,3.53,Poor,59.8801514460532,2.2683900950000746,27.053835465841587
19.69,6.71,4.246,Acceptable,62.18553773582631,2.513023001527215,15.405448753631214
10.06,6.87,3.215,Good,79.8990106916364,3.914414172484725,1.1203588077220554
33.56,6.5,6.266,Poor,73.71723435407867,1.7591744060548788,51.65511763500675
19.94,6.43,4.544,Poor,27.839741206305195,0.5347521899210629,94.25655182261413
30.31,6.65,4.922,Acceptable,74.67374884822435,2.037923421040729,36.553173605358644
37.12,5.05,5.894,Spoiled,1.45207389885635,0.0008864408992365054,99.4995662794001
24.5,5.9,5.883,Spoiled,0.623261519741317,0.0,99.4978663206987
5.75,6.98,2.625,Good,86.47234957003916,4.717934294154256,0.5584830819930525
37.0,6.58,5.73,Good,86.99945243887878,1.9477013440563837,46.13337466379984
24.88,5.17,5.758,Spoiled,0.7183302576821737,0.0,99.4995662794001
35.62,6.55,5.026,Good,81.25244631525713,1.9074595793715778,53.31395366856345
15.0,6.34,3.987,Spoiled,16.47467570148634,0.12727973520163588,97.55287860658831
5.25,6.83,2.461,Good,87.43310554628721,4.769882160843783,0.5457937066685242
25.0,6.41,5.936,Poor,26.857713438588902,0.39143365074102066,96.64748730815131
35.0,5.12,6.935,Spoiled,0.8284247630360402,0.0,99.4995662794001
10.06,6.85,3.035,Good,79.16773652523499,3.8997790587089862,1.1792135926105127
12.0,6.72,2.899,Poor,60.91536461634772,2.7926447236428653,14.179210194864691
29.69,6.74,4.936,Good,75.85621383439324,2.074145456612049,38.030032371758615
6.69,6.78,2.343,Good,84.98345122381612,4.604461748426346,2.024692017034882
30.69,6.57,5.764,Good,69.74505746155597,1.8766730395049909,50.50183148310443
30.25,6.42,5.787,Poor,45.01173273505723,1.0155845091780071,82.94264924986379
24.12,4.97,4.58,Spoiled,1.1269626257117584,0.0,99.4995662794001
12.44,6.53,3.579,Poor,27.096468241575018,0.8462036845121527,72.88485242022374
34.25,5.23,6.889,Spoiled,0.7984587719087161,0.0,99.4995662794001
14.5,6.72,3.945,Poor,63.62026872477623,3.042744281980837,9.842246748464325
6.19,6.92,2.751,Good,87.68940166088143,4.730009882304996,0.5480933645293761
30.56,6.71,5.122,Good,75.54694534056846,2.048207656125449,41.535920951513525
12.75,6.77,3.578,Acceptable,71.89120833902429,3.31830057063872,4.238644165537024
6.5,6.83,2.546,Good,88.543804697888,4.717062223735982,0.5457937066685242
12.75,6.9,3.25,Acceptable,78.12903502330614,3.490014068284078,2.0009664858698324
16.5,6.83,3.951,Acceptable,68.9284974918979,2.926558987169044,5.49888625247321
19.75,6.7,4.201,Acceptable,61.804993449434754,2.4287014027696157,16.403836050144886
19.38,6.81,5.279,Acceptable,68.7668138615507,2.4506937955233536,12.331731210246208
29.88,6.58,5.471,Acceptable,63.95061689236292,1.8730098069064491,58.714286688606144
32.88,6.6,6.031,Good,76.30603865812868,1.9527261841480104,51.0492292238622
11.81,6.89,3.533,Good,79.36792834787342,3.713290836888876,1.9714682997315764
4.62,6.79,2.401,Good,89.87404468743082,4.782960193762555,0.7919375541278881
28.19,6.76,5.119,Acceptable,76.6792128876922,2.253867326982159,23.501730186018317
30.12,6.41,4.949,Poor,40.813587805646456,0.7801945088473349,90.73021881096605
8.12,5.77,2.869,Spoiled,1.2642899296964265,0.000411096567943,99.2694734160252
11.94,6.93,2.817,Good,74.48388281051685,3.408423658633032,5.424342424487735
36.25,6.51,6.329,Good,82.51226341822208,1.8911170809151705,47.11227519769309
32.0,5.37,5.888,Spoiled,0.5915361028277689,0.0,99.4995662794001
22.12,4.84,5.184,Spoiled,0.9827920109375956,0.0,99.4995662794001
11.94,6.94,4.054,Good,72.50338952144027,3.395869753543133,5.256889773109784
11.44,5.44,3.542,Spoiled,0.8928726147168801,0.0,99.36407167816343
24.62,6.11,4.763,Spoiled,13.828097978507566,0.0,99.4186160519177
9.75,6.76,2.732,Good,70.60882943362054,3.4055072858720434,10.04927240611838
30.0,6.86,6.348,Good,79.149222874684,2.1353516834782122,28.802397788640803
17.88,6.83,3.683,Acceptable,69.21816648450884,2.6344867534761054,8.256452483203113
11.69,6.88,3.153,Good,78.58060208496084,3.6646192601313623,1.6766683490334966
27.25,5.28,7.188,Spoiled,0.7063833171445496,0.0,99.4995662794001
18.94,6.59,4.306,Poor,53.600135323095834,2.1747169592709925,37.75727407225123
36.56,6.59,5.788,Good,86.62211889616606,1.9677312952231643,45.96646918779056
27.81,6.63,5.971,Acceptable,70.7204978284737,2.00958591676875,43.342543003261284
36.75,6.83,5.966,Good,88.92856229181025,2.0213482316173335,38.05891950880357
28.44,6.67,5.1,Acceptable,72.7265919777455,2.1181567092881055,36.32960168683285
7.56,6.84,2.442,Good,88.58899238633299,4.563312797151338,0.5559490159145409
5.94,6.92,2.29,Good,88.65946834537148,4.753873938066203,0.5438693706309772
35.38,6.53,5.96,Good,83.40151235789511,1.9489067314756259,45.45451718022798
11.25,6.84,3.364,Good,79.09851604806744,3.7405013585597215,1.5695557632703174
15.19,6.74,3.446,Acceptable,69.04321559962048,3.0315016823343375,4.532858632099659
23.44,6.78,3.852,Acceptable,67.13640791758823,2.233855764318384,29.5200447421664
21.81,6.59,4.347,Poor,52.02834724141216,1.9278524206273797,57.570586806592225
14.69,6.73,3.723,Acceptable,64.47827196822364,3.046268595015096,7.405631763609943
10.06,7.01,3.214,Good,81.7167769794125,3.929642722850608,1.7969817312927276
11.75,6.93,3.126,Good,79.00156457768313,3.65581953267394,1.6497234358045654
28.75,6.59,5.632,Poor,69.37405651231394,1.953292216142434,43.48649497012209
35.69,6.61,5.956,Good,83.50248549937061,1.962531970174685,49.28924883049177
4.75,6.87,2.442,Good,90.86386737805077,4.792103756350665,0.5440937357067342
7.0,6.8,3.008,Good,88.62672241495447,4.671871173771168,0.7271534963289453
16.06,6.83,4.264,Acceptable,69.92071665581847,2.9552503716672827,5.26879061911524
12.62,6.77,3.349,Acceptable,72.28319579040549,3.3927133571849395,3.3746906368717857
36.0,6.56,6.468,Good,79.93055271434933,1.8846218997799782,55.333332132890014
6.31,6.91,2.494,Good,88.47616652117905,4.744040844331477,0.5438693706309772
30.75,6.72,5.735,Good,78.52630100146467,2.098517452488292,34.23197452025507
35.62,6.5,4.846,Good,77.64945856134658,1.8433453847962182,59.74142085787168
29.88,6.69,4.865,Good,74.67439182397919,2.0811226113790484,34.17894802177273
36.62,6.66,5.177,Good,84.90156409838049,2.002264131788416,45.09742785512863
33.06,6.67,5.794,Good,82.06544854615836,1.9897787520150658,43.279381096097104
29.56,5.44,6.271,Spoiled,0.7567306843947934,0.0,99.4995662794001
7.06,6.89,2.813,Good,89.19729032802232,4.663748361838538,0.5480933645293761
13.25,6.75,3.737,Poor,69.96671127442261,2.9159742176988526,10.990963403423297
20.38,6.77,4.343,Acceptable,67.87995650590861,2.5989649468580773,10.105389111196228
10.62,6.98,3.043,Good,80.55544196474878,3.79537824424448,1.6200944762217324
5.81,6.82,2.49,Good,88.30353072579273,4.740790997185814,0.5478839127406756
34.06,6.6,5.532,Good,80.84706337621428,1.9812196260681045,43.90158751619248
35.62,6.6,5.678,Good,83.31870142519865,1.9823177013209883,44.18387213565792
11.94,6.75,3.351,Poor,71.22058671715743,3.3503110607357334,4.293742198479933
28.62,6.57,5.081,Poor,65.14670982369427,1.8829548461388717,45.53471768409413
14.38,6.63,3.351,Poor,60.25567830002941,2.7503020650122876,17.616089893911564
10.12,6.96,3.752,Good,80.12562824287265,3.9173189855166557,1.8235128858633838
18.56,6.67,4.586,Poor,61.20395267062312,2.543153376125639,14.213527185297512
33.56,6.62,5.501,Good,81.37763477718065,2.0032676384766863,41.20919804600109
7.5,6.94,3.375,Good,88.04563927509417,4.554365166182467,0.6329431103667182
29.0,6.54,4.856,Poor,61.76984875547346,1.8120176500798704,56.80238275406976
28.0,6.68,5.023,Acceptable,72.18712783889603,2.121569237671947,35.66073072190574
5.81,6.85,2.291,Good,88.4007238560337,4.748197419111982,0.5515686746602814
13.81,6.57,3.196,Poor,30.422263729981502,0.9058248436407498,67.50419454056808
34.06,6.71,5.708,Good,84.78334470479945,2.0327808859055545,39.26734617689221
14.69,6.88,3.878,Acceptable,73.97974070395769,3.2480168323841694,5.505158821390117
12.69,6.81,3.154,Acceptable,75.486392065242,3.450803543536607,2.6677623522856098
19.0,6.57,4.195,Poor,52.36572623385958,2.0630083784184134,43.929065077290346
14.5,6.79,3.674,Acceptable,72.25362868604243,3.2253760985895714,4.033870166304862
8.06,6.81,2.81,Good,83.53433429888112,4.2590027442208065,0.6447925073664218
23.75,6.77,4.465,Acceptable,68.71701175745623,2.3645325404073296,17.853266638390423
15.81,6.87,4.873,Acceptable,71.00690604297226,2.987946840112613,5.848757412214197
9.25,6.81,3.986,Poor,75.15832368718216,3.9684703328179385,3.16261751906899
13.31,6.73,3.665,Poor,63.781706766641214,3.02548330164413,7.2981428660795284
9.62,6.68,2.922,Poor,56.90672014092658,3.282658459441051,12.135571794540274
8.31,6.99,2.526,Good,86.41863782541989,4.3361627625510275,0.6423241259147314
25.06,6.61,5.073,Poor,62.65985528920288,1.9927856179179224,45.35105791110473
36.06,6.55,5.248,Good,81.54281999245838,1.9222613426345012,54.135705715975504
17.81,5.48,3.783,Spoiled,0.9106922506127041,0.0007284820912568604,99.49671079007416
8.38,6.86,2.807,Good,85.27610068533339,4.298550324908638,0.6909625543749924
5.5,6.86,2.569,Good,87.78288293985412,4.741256053086239,0.5460379228538622
20.75,6.57,4.193,Poor,50.99986331388361,1.8617923252194923,55.67790001643256
12.44,6.85,3.476,Acceptable,77.81054435174654,3.4193249460615935,3.148935680509163
22.69,5.9,4.953,Spoiled,0.7885551776202065,0.0,99.4980440984765
20.44,6.57,4.271,Poor,51.989953558783675,1.9111267544026387,50.525594532566046
30.88,5.91,7.218,Spoiled,0.7171339780463061,0.0,99.4978663206987
12.69,6.88,3.319,Acceptable,78.19123356619552,3.482039843542004,2.19486282581033
12.38,6.81,3.478,Acceptable,75.71870187467206,3.405942933658473,3.431037672845822
35.06,6.46,6.023,Poor,71.00033757099143,1.685138147671013,65.00022434726444
32.88,6.54,5.637,Good,78.70158364343557,1.9466132475907652,49.77185729201778
17.38,6.76,5.038,Acceptable,68.14388935018656,2.7571235939294563,8.65079771042889
16.31,6.79,3.873,Acceptable,69.14655223411249,2.8529142083656036,7.301243468205645
33.88,6.63,5.86,Good,80.60185119971405,1.9888536481583696,45.53150839630451
15.31,5.12,3.832,Spoiled,0.8645074211012478,0.0,99.49691017423098
5.06,6.86,2.372,Good,87.73028676280174,4.740432357496791,0.5438693706309772
22.75,6.75,4.564,Acceptable,67.47812554402394,2.2546566575065445,26.707382363641823
20.38,5.07,5.277,Spoiled,0.836959333864929,0.0,99.4995662794001
35.88,4.78,6.57,Spoiled,0.6470971072512937,0.0,99.4995662794001
16.38,6.88,4.755,Acceptable,70.65626061364361,2.9668691938911573,5.205505732733178
9.19,6.75,2.851,Good,78.35564201015879,4.015540524844922,1.882745653049859
17.38,5.3,3.868,Spoiled,1.1614127465386108,0.0,99.49871651271847
16.62,6.76,3.882,Acceptable,67.88921506530986,2.802569167062296,8.59486479657377
31.38,6.67,5.126,Good,82.83680920716617,2.0895391793300564,34.72424526108229
5.44,7.0,3.235,Good,86.64369029513142,4.736217872365319,0.5603059668393686
18.38,6.83,5.114,Acceptable,69.12037769790699,2.464048021313109,12.726049599432477
35.81,6.6,5.647,Good,83.48529961697257,1.983409228414874,44.06261939332529
32.38,6.65,6.216,Good,80.84963061605886,2.0230718598816635,40.84333362920991
15.62,6.49,3.584,Poor,28.959165531247347,0.6968991346519322,81.01468797262093
27.0,6.69,4.798,Acceptable,73.13755268992824,2.1626743444406205,30.88385810396614
20.06,6.66,4.801,Poor,59.46917661196196,2.279529603480234,26.126825304100457
33.94,6.65,5.734,Good,82.62768227577975,2.002489471185301,42.38520704753107
38.94,6.64,6.502,Good,78.39619892976837,1.9864435595388636,46.71549414480706
12.62,6.83,3.231,Acceptable,77.060281734547,3.4508070876857846,2.272105537745586
4.12,7.0,2.207,Good,91.70339435057149,4.78803255788333,0.5503918383621605
26.0,6.55,5.019,Poor,48.11494517691214,1.512320466470975,79.14830723871482
31.38,6.65,5.293,Good,81.86901703029369,2.0385785886445116,37.1820856274234
29.19,5.05,5.654,Spoiled,0.6407998716687291,0.0,99.4995662794001
20.12,6.62,3.975,Poor,58.766084507332295,2.2803170595726265,34.62116586615028
24.06,5.57,5.15,Spoiled,0.6508757009737661,0.0,99.4995662794001
27.69,6.72,4.959,Acceptable,73.55641156693561,2.2182977751730615,27.965279391432997
14.94,6.77,3.601,Acceptable,68.04707180490213,2.9136472993806297,8.018305636297928
13.31,5.83,3.961,Spoiled,0.865500104755289,0.0,99.46919114470163
7.5,6.89,2.811,Good,89.04048441272641,4.569781466071046,0.5860735837549941
37.94,6.6,5.423,Good,86.00289532059347,1.984343086571824,46.57837268739573
5.56,7.01,2.432,Good,87.64893704639853,4.737860581618582,0.5507202514569949
16.5,6.81,3.67,Acceptable,70.82687276754768,3.0271293898907325,3.8504000070569573
10.12,6.85,2.942,Good,79.04726839467229,3.885010109602354,1.3522889299778083
37.56,6.6,5.899,Good,86.76635665304023,1.97260527658649,45.29310476696484
12.19,6.78,3.15,Acceptable,72.3261005720977,3.413724649614864,3.757661776798472
36.25,6.54,5.359,Good,85.7669009486395,1.9407421136141698,48.1586243642444
13.81,6.23,3.771,Spoiled,5.554618846828264,0.00015403270679109895,99.08409613560566
4.56,6.92,2.173,Good,90.88549290086017,4.7946533948638494,0.5438693706309772
30.25,6.63,5.749,Good,77.8659713175534,2.0439228322422913,34.60870137353331
37.75,6.57,5.893,Good,86.41278443935593,1.9407541407169246,48.59270244570416
15.94,5.98,4.431,Spoiled,0.7277556055474642,0.0,99.48399752553415
7.88,6.75,3.042,Good,82.76740742043026,4.194164304308851,1.2219697013399422
17.0,6.85,4.407,Acceptable,69.49952654885054,2.9073143496270717,5.428253179318859
12.25,6.94,3.607,Good,75.97449007706864,3.411313383849025,6.603200139440575
7.31,6.75,2.801,Good,85.08481202427527,4.456219653996559,1.0418370802481725
31.06,6.41,7.314,Poor,40.7725384495332,0.6868470150089027,89.43187926561549
14.56,6.58,4.866,Poor,38.26886585701543,1.1435169902497593,67.83909738752772
14.62,6.74,4.331,Poor,67.66112253304466,2.818518629625906,10.878801597899757
27.81,6.78,5.004,Acceptable,76.38716496340628,2.2800519090170117,21.19966985426333
15.81,6.74,4.591,Acceptable,67.92422947914551,2.934841897754814,9.036321720252856
9.88,6.71,2.657,Poor,59.198760955017136,3.4659385811647945,9.01253714330271
33.88,5.1,5.857,Spoiled,0.6514252888468882,0.0,99.4995662794001
24.31,6.44,5.171,Poor,30.3793476089129,0.6824863504858799,96.60376525381217
23.75,6.66,4.427,Acceptable,61.7348688360917,2.074149072449513,37.92864024302761
31.75,6.65,4.892,Good,84.72419187018656,2.041420795897773,33.98975815399701
14.06,6.64,3.32,Poor,60.266824589508666,2.7719056770878163,17.104056257594277
13.25,6.8,3.558,Acceptable,74.68499378542148,3.3387413305438356,3.7567651653105947
3.75,6.81,1.828,Good,91.02487431349978,4.79116713483473,0.7142568862387398
34.25,6.63,5.808,Good,81.49260490755013,1.9886841100438541,45.76153797414699
22.88,6.74,4.713,Acceptable,67.59812247116317,2.286593250198017,22.124790605277244
6.19,6.75,2.293,Good,83.2832538004162,4.615808631536051,3.33464384256604
13.94,6.79,3.155,Acceptable,74.0157708673492,3.299531547133588,2.9241952115384406
6.69,6.87,2.712,Good,86.85054157722713,4.651142929757977,0.5847071023840401
15.81,6.05,4.138,Spoiled,1.0824264704207938,0.0,99.42203090912749
27.38,6.37,3.98,Poor,31.870197394270683,0.7590956696916428,98.37942550419639
17.94,6.86,4.345,Acceptable,69.16127858640353,2.69838305221589,6.389820503931332
10.38,6.94,3.083,Good,80.20794429165896,3.803437190150288,1.1428840264432516
35.12,6.61,6.059,Good,84.32941884974608,1.9731263651062008,44.31488798820239
40.12,4.88,7.225,Spoiled,0.7131174596733653,0.0,99.4995662794001
30.81,6.02,5.49,Spoiled,1.729814203877659,0.0,99.4924007014157
7.25,6.95,2.597,Good,88.25210683797577,4.571355871791475,0.5445887389195768
12.62,6.89,3.377,Acceptable,78.84346161623925,3.4916222056339086,2.142130481082916
4.12,6.79,1.956,Good,89.39750975349351,4.793352943258515,0.9788699656657164
36.44,6.61,5.89,Good,86.75438496544231,1.9751491407712962,45.239278959142126
13.12,6.01,4.464,Spoiled,0.8264119754628556,0.0,99.45661698855184
8.75,6.82,2.838,Good,84.33386105056243,4.259214288209789,0.6856476655897352
5.88,6.75,2.864,Good,87.44968897677514,4.670060982802516,1.0627080954495696
35.44,6.71,6.174,Good,87.07240322949266,2.0235185428926132,38.69547223567864
12.06,6.84,3.24,Good,77.5299508486559,3.572591060120851,2.2979755743565873
16.19,6.79,3.703,Acceptable,69.96009660554361,2.995212018702576,4.388455129948173
11.56,6.56,3.571,Poor,28.176567086350776,0.9654376636998384,67.48021490989458
12.69,6.58,3.47,Poor,30.983373722898193,1.1308102191365157,67.8452269027563
34.62,6.57,5.886,Good,80.57710059694571,1.9417732729931627,49.22922677098709
10.44,6.81,3.681,Good,75.83479934031617,3.699985376249437,2.59908902926089
28.5,6.7,5.62,Acceptable,72.36274837497623,2.0821659609649865,35.77425086832847
18.19,6.69,4.209,Poor,62.037569704697766,2.7164608175899287,9.964314733018782
21.44,5.17,5.512,Spoiled,0.6496044911303718,0.0,99.4995662794001
30.56,6.58,5.483,Acceptable,68.43255367000744,1.8728253640443024,57.355023882747986
10.25,6.84,2.91,Good,78.52768826358306,3.804853951124307,1.4392835156009418
4.38,6.98,2.094,Good,88.98911322640305,4.784648840091529,0.556903564857887
30.56,6.57,5.063,Acceptable,66.18888988980311,1.8503207834282227,57.75367393648458
31.44,6.59,5.429,Good,77.16283673820021,1.9525022947742567,48.22854985125656
17.38,6.68,4.443,Poor,61.5173870425209,2.5686358174595467,16.027708304295352
14.19,6.61,3.573,Poor,56.55224258780002,2.2867891218499126,32.07097392752297
15.44,6.79,3.491,Acceptable,71.96434678083133,3.0738795742494704,3.807436886186607
27.81,4.9,5.872,Spoiled,0.7153341615671902,0.0,99.4995662794001
18.06,6.61,4.152,Poor,57.440542499956756,2.3259229336501326,30.529040512784672
37.19,6.61,6.062,Good,87.20839734362292,1.97296474080373,45.23506467376346
16.5,5.84,4.144,Spoiled,0.46545694883807226,0.0,99.49261225768507
15.5,6.17,3.799,Spoiled,6.234836442318433,0.0,99.32114090326101
33.94,6.65,5.905,Good,82.96576626262335,1.9986750685705412,40.710350910061784
24.38,6.73,4.291,Acceptable,65.4737070768841,2.233486873761494,23.62081735904093
16.19,5.49,3.848,Spoiled,0.8792336740115503,0.0,99.49601396178952
33.5,6.71,7.253,Good,83.30108588909954,2.052663926479758,40.83476158634622
32.25,6.26,5.885,Poor,22.854928874116066,0.09086827137166231,99.48602872764991
13.88,6.67,3.392,Poor,62.473753895858565,3.040167689112896,11.727325746614428
33.44,6.57,6.18,Good,77.28552832289839,1.927662484337951,50.34414155982637
19.25,6.57,4.131,Poor,52.32111182075571,2.0566651629771,44.993925351452944
38.62,6.51,5.985,Good,75.2441418895689,1.6949084677920812,68.37278277994373
8.62,6.85,2.613,Good,88.36262665969022,4.3291070938592675,0.6584915528565932
18.62,6.79,4.203,Acceptable,68.52034773451004,2.717177397044164,7.023558782773889
34.5,6.48,5.652,Poor,62.95933293585931,1.610966381764457,72.1377327929996
29.81,6.69,5.416,Acceptable,77.47626429180524,2.074564817821213,36.2316682490012
12.75,6.79,3.341,Acceptable,74.90659361569365,3.4392806489875443,3.147809436973517
6.31,6.84,2.596,Good,88.30435316392756,4.733478081195068,0.544990477624237
35.81,5.09,5.952,Spoiled,0.9188632008474669,0.0,99.4995662794001
35.5,6.58,5.404,Good,82.8567212742582,1.9472547639724023,47.52060475919257
6.19,6.74,2.387,Good,76.426116490527,4.2866540337856245,3.3634393319120077
34.31,6.57,5.159,Good,80.89763337245346,1.932686068342219,47.9087554077701
8.94,6.84,2.694,Good,85.01901861667542,4.140359211974065,0.9455244816982098
36.5,6.56,5.728,Good,86.5933713652728,1.94590869572618,46.72340322637562
28.06,6.64,5.366,Acceptable,71.31367388109219,2.0602080102071736,35.61864813026678
21.0,6.59,4.554,Poor,52.26821130525818,2.0165906504604765,47.270194617918015
9.19,6.77,3.057,Good,80.71590503315547,4.085942801566958,1.234307078994988
36.06,6.67,5.686,Good,85.63237795617236,1.9807964128242028,45.97135589299044
27.25,6.64,6.066,Acceptable,71.31828956045646,1.9593333122662187,36.74863939924282
14.88,6.83,3.8,Acceptable,71.59042020475025,3.0659947971696786,4.388430113946177
13.38,6.81,3.297,Acceptable,74.65183900975772,3.2834248433079622,2.7911334084550545
9.81,6.74,3.12,Poor,70.46943521156389,3.525402135451569,4.304200695164561
29.0,6.73,4.592,Acceptable,73.92961504459065,2.027372373833536,41.799427914535244
4.0,6.83,2.305,Good,92.2603788213717,4.794472250879017,0.5457937066685242
13.25,6.86,3.693,Acceptable,75.3488793273199,3.331667066615945,4.366039310765807
14.62,6.62,3.809,Poor,58.67739053239287,2.6346203981039604,17.018230590794392
30.25,6.61,5.457,Acceptable,76.61608828437522,1.999290886968555,40.57546101379787
31.06,6.51,5.061,Acceptable,72.73568130471037,1.8952489445963288,49.565247894121335
28.06,6.64,5.461,Acceptable,71.48622993575127,2.064513252510487,34.61833989867672
21.38,6.74,4.302,Acceptable,67.40199604637,2.3378650410163093,23.016737614584425
4.19,7.01,2.249,Good,92.49428499616124,4.782670329230216,0.5504676198780476
12.06,6.82,2.905,Good,76.28921414749708,3.486234354907732,3.5054704676193356
17.0,6.71,4.161,Poor,62.56039422028661,2.83846983297192,8.65816364553354
6.31,6.83,2.649,Good,88.19490246966183,4.727889946120152,0.5479622588914091
23.56,6.53,4.358,Poor,43.78411419012111,1.629064171989586,71.05696346488075
28.12,6.72,5.295,Acceptable,74.55475553120984,2.2486301322540574,23.464292446713987
34.0,6.6,5.339,Good,80.85731729037231,1.9863959602321104,45.01665161549413
15.12,6.75,3.764,Acceptable,67.55316040177367,2.9099210599799816,7.893962789431777
11.25,6.79,3.511,Good,75.86483691439135,3.6270466248507107,4.431415027354825
14.0,6.45,3.565,Spoiled,23.036834557576107,0.43366891399198604,85.71134216778387
13.88,6.9,4.186,Acceptable,73.32556570117644,3.290487028952011,4.325078968329127
20.06,6.73,4.899,Acceptable,62.59485047846183,2.3691377655302874,17.06774821371738
28.56,5.25,5.884,Spoiled,0.9030257599339752,0.0,99.4995662794001
13.5,6.71,3.419,Poor,61.36081284709689,3.0249415853459305,11.358007724235147
17.56,6.09,4.239,Spoiled,4.524854006498829,0.0,99.43526471905236
18.0,6.58,4.022,Poor,49.0927481963616,2.013947339783999,51.38114013880448
4.62,6.93,2.442,Good,90.94268223294728,4.789731222571356,0.5440937357067342
13.12,6.86,2.873,Acceptable,74.36376661565195,3.3836354992405164,4.711311894572973
10.81,6.78,2.94,Good,72.49790885551165,3.521067656559996,4.071443673050211
5.62,7.0,2.606,Good,86.51387026020905,4.71805630298609,0.5519713554973261
9.44,6.54,3.022,Poor,28.744099698469398,1.2783373255712962,63.47726924709517
40.12,4.78,7.421,Spoiled,0.7478222423461119,0.0,99.4995662794001
27.38,4.78,5.381,Spoiled,0.7291342529611221,0.0,99.4995662794001
35.38,6.46,5.896,Poor,63.5110093009252,1.5416381035963298,72.03413058502336
10.88,6.76,3.456,Poor,73.02958570697209,3.5608174777038704,5.016485168899562
32.94,6.66,5.865,Good,80.12243140662285,1.9871805262927396,46.55755402828641
27.44,6.71,5.17,Acceptable,74.90478647625021,2.250178639068159,25.988657075769385
7.81,6.9,2.437,Good,87.25927117556988,4.408222247268443,0.5594864756101172
5.31,6.69,2.292,Good,80.1641402642607,4.490677249314434,4.369925180047257
15.88,5.7,3.747,Spoiled,1.5675828232633726,0.0,99.4932618543228
25.81,6.45,4.894,Poor,37.62305780754663,1.0984253938224833,89.846870552599
15.19,6.7,3.839,Poor,62.368587930324665,2.8102283298550006,12.789049086654764
11.62,6.87,3.073,Good,78.76358528105945,3.6791201350265474,1.6048123434126529
13.38,6.71,3.001,Poor,60.683683673735516,2.7267657960133618,17.282847826119266
21.12,6.72,4.867,Acceptable,61.392899244081576,2.1843516702787165,34.88263327820842
13.81,6.49,3.84,Poor,22.90190034478369,0.49426329987506235,86.21825744893162
6.69,6.98,2.685,Good,86.56909001688827,4.6466384384685275,0.5596082581734615
29.75,5.92,5.395,Spoiled,0.5835818085345756,0.0,99.4980440984765
16.19,6.74,3.821,Acceptable,67.79154710005822,2.8651831391973657,8.516259055559432
8.0,6.81,3.104,Good,84.50715655787117,4.266558340068651,0.6411778093765461
13.31,6.81,3.622,Acceptable,72.36984626390702,3.21254281946057,4.038680621669854
31.31,6.71,6.185,Good,85.08376031244241,2.1371231234542853,27.733785633275843
31.25,6.67,7.12,Good,82.96957580238109,2.079782802847097,37.03527177264798
23.62,6.65,4.808,Poor,60.594290128316764,2.0338837828677394,40.89857616480573
5.75,6.86,2.5,Good,87.9707008326479,4.732731652009175,0.5438693706309772
22.69,4.94,5.537,Spoiled,0.9983037302955171,0.0,99.4995662794001
32.69,6.68,5.606,Good,83.82385562451888,2.066755665632943,39.476711349677224
14.94,6.42,3.791,Spoiled,21.090007109408056,0.4031923565393348,91.4020625109206
14.31,6.78,3.808,Acceptable,70.51866855873233,3.2134972401963617,8.037876763724194
27.31,5.05,5.405,Spoiled,0.6362445153667021,0.0,99.4995662794001
31.94,6.57,5.66,Good,79.71208083342664,1.9677217279439267,39.668565539669956
32.62,6.53,5.509,Good,79.48461509563728,1.9601463268698827,39.92618407860708
11.31,6.88,2.716,Good,75.13114978903329,3.5477895496147744,5.235431270281973
19.94,6.72,4.114,Acceptable,62.237712806901655,2.346089283900254,17.47749295366044
9.0,6.82,2.908,Good,83.07480652627582,4.11877377489247,1.0160552477667744
29.44,6.7,5.658,Acceptable,75.74907050274615,2.0464959758931665,35.389942880044195
11.5,6.67,3.132,Poor,53.15159177019901,2.871272099741507,17.428029932558427
26.25,6.54,5.019,Poor,44.77823550907448,1.4480089448589044,81.88390811734972
29.69,5.08,6.28,Spoiled,0.8569675352029708,0.0,99.4995662794001
11.25,6.82,3.012,Good,77.21852255974332,3.6738949080812837,2.0475763213005718
17.5,6.86,3.771,Acceptable,69.88781762548888,2.7558759138723827,6.608504947367916
17.81,6.67,4.336,Poor,61.439707333983854,2.4833928412302626,26.050166056358375
30.62,6.0,6.244,Spoiled,1.8222687673258575,0.0,99.49450174075658
36.06,6.49,5.544,Good,78.84143084028729,1.845946382067686,57.823945667068884
14.06,6.68,3.486,Poor,62.74719858971104,3.102477152951087,8.246799778141385
28.12,5.15,6.126,Spoiled,1.2189416111808957,0.0,99.4995662794001
21.25,6.75,4.359,Acceptable,67.48977116279082,2.3534893382287847,23.815827929980486
36.06,6.66,5.446,Good,85.08684469786253,1.9922329507400964,45.40450764773104
17.12,6.67,3.781,Poor,61.68361092279013,2.545693599922791,19.287150648812105
8.56,6.88,2.605,Good,88.00910549687089,4.343755979505688,0.6304183409708691
7.69,6.99,2.838,Good,87.36488350781556,4.500868863983236,0.5662671186266292
36.12,6.62,5.847,Good,85.56347935823729,1.9802868948707502,45.87169749004474
29.12,6.56,5.082,Poor,62.80985569876431,1.8612538321865812,56.6315698617276
8.0,6.9,3.238,Good,86.70082571842275,4.33715028146646,0.5707770173770863
23.81,6.76,5.522,Acceptable,69.96892787666657,2.412289989651172,13.631957917598758
10.5,6.61,3.313,Poor,41.80761206920278,1.9714438423411211,38.5303164957508
26.12,6.82,5.398,Acceptable,75.34151819275588,2.3795242846415596,13.298513566657606
7.81,6.84,2.963,Good,84.23567589231843,4.342596536460502,0.571577694516419
37.31,6.45,6.334,Poor,83.48253760130741,1.806240650423883,52.68721480087304
26.62,6.68,5.418,Acceptable,72.19658193973262,2.1135490370901016,33.09302355329392
35.5,6.7,5.592,Good,85.22582267381728,1.9705793275962802,47.50716679709928
34.56,6.54,5.382,Good,80.63747871246785,1.9419405972517114,48.46808211331726
9.94,6.78,2.647,Good,71.4577803012943,3.6315879422973323,5.6454867600194305
33.19,6.5,4.863,Good,78.87454311366366,1.8892860740700783,52.62700973028604
13.44,6.73,3.711,Poor,63.71345039854187,3.0139800787068314,8.087775882590435
30.31,6.78,6.599,Good,81.19485872524115,2.1689788014317837,26.40477023782815
7.62,7.01,2.952,Good,86.37468875635336,4.488923059754787,0.5732181054229406
13.62,5.85,3.632,Spoiled,0.8749651283401162,0.0,99.47857943119746
27.56,6.62,4.903,Acceptable,70.48906881434866,2.0417006530042476,37.584150126525124
17.0,6.91,3.775,Acceptable,69.33818951906422,2.792332479529971,5.388255017117448
6.56,6.85,2.66,Good,88.1646678868112,4.619142709449432,0.5517930397360383
35.19,6.51,5.772,Good,81.9302126134064,1.927047208557481,45.25596726220536
13.94,6.91,3.58,Acceptable,76.78709403451676,3.3552425342016488,2.6368213686800077
29.25,5.11,7.612,Spoiled,0.9383233787133504,0.0,99.4995662794001
29.81,5.56,6.348,Spoiled,0.7905554713799245,0.0,99.4995662794001
5.81,6.84,2.354,Good,87.96032597355203,4.731214397329188,0.5447661125484801
8.81,6.83,3.044,Good,85.5636729894117,4.2751304314325616,0.6863951584254879
32.62,6.57,5.596,Good,79.7558854387742,1.9606270475837326,41.984901876057016
33.12,4.8,5.758,Spoiled,0.5480011233335943,0.0,99.4995662794001
9.62,6.81,2.812,Good,79.58301846120608,3.9753957203987,1.6336755488965868
35.12,6.73,5.391,Good,86.33215722391802,2.010727734771564,40.47898244848023
20.0,6.78,3.996,Acceptable,67.03436641816417,2.414524028133116,18.91594278648782
35.38,6.54,5.295,Good,82.41915410343337,1.9308289346751204,49.152372271359255
5.94,6.9,2.299,Good,88.45067221182885,4.748954168783132,0.5438693706309772
35.12,4.9,6.343,Spoiled,0.6298307612791805,0.0,99.4995662794001
28.12,5.88,5.205,Spoiled,0.5031100180872956,0.0,99.4980440984765
6.25,6.97,2.321,Good,87.37660479083905,4.74742970432428,0.5443361073406295
17.81,6.73,3.573,Acceptable,63.21927072383123,2.5267628604258325,15.027597271356504
8.75,7.01,3.115,Good,84.88620271899673,4.241210465992355,0.6548878366138725
12.44,6.76,2.762,Acceptable,68.91194562183598,3.1651261438918668,11.951190610324339
12.06,6.88,2.774,Good,74.54707572590114,3.4764904135068195,5.781821145639068
30.25,6.07,4.814,Spoiled,10.697756277732545,0.0004158883083359671,99.44658008740488
17.12,6.88,5.176,Acceptable,70.68940948868686,2.915135779813316,7.61076651080494
26.31,6.49,4.446,Poor,38.138150095722274,1.2595040131136805,84.8813941734503
7.56,6.95,2.454,Good,88.29649525028512,4.568376845429033,0.5536911178080046
18.31,6.74,4.195,Acceptable,67.67332566877086,2.787967764550154,8.49569347485268
13.31,6.78,3.279,Acceptable,71.87517926899966,3.2585516983122855,3.3536859456878836
13.44,6.87,4.256,Acceptable,73.51266720390092,3.3168661855499937,4.184964806182081
16.69,6.79,3.877,Acceptable,69.2057536138057,2.87381714729184,6.650276902858297
29.62,6.64,5.438,Acceptable,77.91532616855967,2.0515884334321073,34.42852392571867
23.38,6.44,4.606,Poor,37.274065558201606,1.2619180971977004,84.81780567241394
17.62,6.67,3.673,Poor,61.61418179832498,2.55904576886575,18.32154808713209
13.94,6.08,3.492,Spoiled,1.578743485522333,0.0,99.27790803245657
7.81,7.01,2.697,Good,86.156319547519,4.397330834694136,0.5708510399429032
14.88,6.71,3.598,Poor,62.70116851592499,2.8897500330429606,8.13613787801663
18.25,6.63,4.34,Poor,59.50592060794617,2.4180993891433986,18.182883997379484
8.12,6.29,2.709,Spoiled,6.2804860009383425,0.01422414072748465,97.17095402528692
6.62,6.7,2.569,Poor,78.86643275915726,4.417104316516066,3.64877558933792
5.81,6.85,2.235,Good,88.55608543900969,4.754030889857379,0.5515686746602814
11.88,6.73,3.449,Poor,62.7554457513826,3.168659142850125,10.480204257870096
30.88,6.63,4.761,Good,77.13653170699635,2.042592044980324,36.72489223413281
37.0,6.5,5.16,Good,80.95695715164595,1.8644375125347226,53.48830001922434
7.44,6.8,2.604,Good,85.89719109453728,4.441331300173332,0.8305597495512561
28.12,4.9,5.473,Spoiled,0.6939284225207065,0.0,99.4995662794001
35.38,6.65,6.124,Good,85.29388408449655,1.9954484086757531,40.5547892128194
34.69,6.61,5.698,Good,81.90681307764929,1.9842418833047828,45.084673513510666
15.12,6.57,3.875,Poor,40.54593260921875,1.6325653064514658,50.37353162704743
14.56,6.07,3.922,Spoiled,1.8331377208769604,0.0,99.43076781124655
14.94,6.8,3.732,Acceptable,70.28121178354573,3.014023273915575,4.444622452652707
16.25,6.73,4.029,Acceptable,63.921828505981445,2.880093330228056,9.226362448075518
10.69,6.88,3.701,Good,78.75440564708065,3.8278169120174415,1.683655784646248
14.75,6.77,3.588,Acceptable,70.65274847511454,3.1565757983848393,4.70849348690431
13.94,6.05,3.607,Spoiled,1.3696263111053006,0.0,99.29263373026018
32.56,6.4,5.019,Poor,37.10735863719958,0.8862041825336734,94.18610044191531
8.81,6.9,3.029,Good,86.16455323852121,4.280136972506528,0.64760517715985
9.12,6.84,2.785,Good,83.67467519214742,4.144556027383398,0.9505487373873887
16.94,6.01,4.142,Spoiled,0.5931319848541079,0.0,99.44407713678078
20.38,6.76,4.608,Acceptable,67.91463724932194,2.5500993155787595,12.263240145692127
35.88,6.5,5.729,Good,79.33189002960522,1.8236345931199365,55.899376734459295
5.19,6.9,2.405,Good,88.76806015397334,4.771398464908962,0.5438693706309772
25.69,6.5,4.802,Poor,38.339553166922116,1.1999065045038648,86.83125421036321
8.25,6.96,2.696,Good,85.43838820540996,4.300046803809411,0.5998104845023646
9.94,6.75,2.953,Poor,71.05299021949376,3.3310113969619133,6.728368768266182
36.31,6.66,5.426,Good,86.2601114927113,1.9942341268688648,45.52417247287601
9.38,6.86,2.997,Good,81.07935269915689,3.985893618985932,1.1219277103806897
10.12,6.87,4.0,Poor,75.64503887401672,3.7966434551501695,3.279754504945383
7.12,6.93,2.623,Good,89.11781311161391,4.618198058299168,0.5438693706309772
34.31,6.66,4.828,Good,86.19261135013153,2.0287659353613035,35.44884933839883
5.62,6.92,2.569,Good,87.70726574611568,4.7199664023122185,0.5440937357067342
21.06,4.98,5.233,Spoiled,0.7840709330316066,0.0,99.4995662794001
7.0,6.87,2.328,Good,89.09609404202092,4.676549540815448,0.5438693706309772
24.25,5.5,5.377,Spoiled,0.5484391492373767,0.0,99.4995662794001
15.56,6.82,3.926,Acceptable,69.07647112868062,2.9196665848128522,6.9367786548225405
18.25,6.82,4.237,Acceptable,68.75320182714282,2.6731923096537837,8.06658518743547
3.38,6.82,1.928,Good,92.49188947299558,4.794586755222827,0.5478839127406756
33.19,6.76,4.776,Good,88.22801253440832,2.079032271898199,28.057138988138696
7.25,6.69,2.797,Poor,76.70042147717062,4.208329147528841,6.37193025780246
35.88,6.55,5.241,Good,81.25311187236045,1.9212931347736295,53.9955674345976
5.38,6.92,2.095,Good,87.36059960861017,4.775374064629931,0.5438693706309772
5.69,6.81,2.654,Good,87.52785587105508,4.720638271097922,0.5933553825196655
18.31,6.77,3.98,Acceptable,67.27538833325774,2.620036691793107,9.538435785188396
24.81,6.71,4.177,Acceptable,65.56622278932389,2.282300873350243,20.78841830188
16.06,6.66,3.814,Poor,60.59161421255416,2.5976457980779317,19.624184905503917
6.56,6.88,2.712,Good,86.32051659223963,4.602152092139648,0.5847071023840401
10.31,6.85,2.769,Good,78.83274970240302,3.817462379332312,1.744644000463905
27.38,6.63,5.522,Acceptable,70.8730801865899,2.055927336465514,35.80698615483321
26.12,6.7,4.909,Acceptable,68.78672569764689,2.0899261346161673,36.394621623913636
17.38,6.66,4.112,Poor,60.17678025835397,2.448075325513399,22.530970780478842
5.69,6.93,2.049,Good,86.02376734080526,4.758891637844045,0.5469135752624609
27.88,5.76,5.489,Spoiled,0.7664306341364903,0.0,99.4995662794001
35.25,6.45,6.001,Poor,73.06009730147647,1.6684346572284956,59.32473923824125
9.62,6.92,3.66,Good,83.21557713048827,4.0859078536691955,1.2802642553487817
36.69,6.54,6.228,Good,87.31244390359291,1.947826740278608,41.620931437593065
19.31,6.73,4.472,Acceptable,63.28220897035388,2.5177590995518138,12.272047139074797
15.94,5.8,4.077,Spoiled,0.45859402906455005,0.0,99.49661967700648
19.0,6.69,4.486,Poor,61.43531380416733,2.460955201072762,16.294566079822793
15.62,6.47,3.435,Poor,26.777664335085113,0.45897750402426074,86.91902881149832
33.12,6.6,5.376,Good,79.6323644709552,1.984493586260487,45.45486224544061
9.62,7.02,3.039,Good,85.9745814673486,4.16973045550822,1.0948735566347776
16.25,6.48,4.155,Poor,24.748197850013646,0.5777368277003226,90.97497962668595
7.81,6.88,2.604,Good,85.55680154609838,4.381377045478512,0.5604185351754698
17.31,6.25,3.829,Spoiled,7.872230186986214,0.008834227098565229,99.13154293925751
30.44,6.67,5.452,Good,78.97326356609996,2.09094750374033,34.996915748747064
18.75,6.73,4.122,Acceptable,63.38745633670003,2.637832928329146,10.880628808434595
11.38,6.78,3.033,Good,73.00071233620889,3.546323522161387,3.289879857580001
27.69,4.84,4.895,Spoiled,0.9154235067626699,0.00014744185749387796,99.4995662794001
25.62,6.45,4.899,Poor,38.03327785438994,1.157326098840519,89.16325832770357
16.25,6.83,3.627,Acceptable,70.87538019885885,3.0450300793397087,3.6739524651896653
16.38,6.64,4.226,Poor,59.38010307872692,2.2165917256775445,38.360555847005166
25.5,6.18,4.607,Spoiled,12.527084313956609,0.004540481152630266,99.2827522540727
22.44,6.67,5.973,Poor,60.018478731515756,1.8942945137411487,54.66850778598705
17.94,6.73,4.094,Acceptable,63.55258326883708,2.7403982454203906,9.405858676241701
13.75,6.88,3.273,Acceptable,77.13778250058984,3.337702533737379,2.167083592009643
8.62,6.88,2.644,Good,87.03318069023946,4.311484386198054,0.6304183409708691
18.38,6.66,4.343,Poor,60.29685151110332,2.481100935452827,13.827561230004004
23.5,6.68,4.76,Acceptable,63.23620018700228,2.086585427856876,38.813204748030884
15.19,6.4,3.991,Spoiled,21.699385658239258,0.2844965862581975,93.80461485217049
11.06,6.73,2.931,Poor,59.26826632626699,3.119144894182064,13.728634731623083
27.44,6.6,4.615,Acceptable,69.01125131243283,2.03168063468323,33.816425358747146
27.38,6.72,5.26,Acceptable,74.72416014471177,2.266810873968443,22.864497142072015
35.75,6.55,5.577,Good,82.26004662412502,1.9400261248561863,51.63735096257791
36.25,6.63,6.403,Good,85.00428594144037,1.98819998296436,45.04060456551134
32.94,6.54,5.338,Good,78.55180805383502,1.9281911127563225,50.69672706404818
10.62,6.86,3.138,Good,79.601916004038,3.809637185366564,1.20873478547061
34.44,6.57,6.355,Good,78.4048795526731,1.9068581789019259,51.34499554663031
14.88,6.69,3.172,Poor,61.52003505071526,2.774943425711306,14.908366050199133
13.81,6.69,3.727,Poor,62.25573350623855,2.9790804811879483,9.009216715279155
20.62,6.67,4.214,Acceptable,61.61496248446209,2.401304002210205,18.4908967621703
28.19,6.42,5.565,Poor,32.1374529630178,0.6300467234109469,95.74696664356084
35.75,6.47,6.253,Poor,80.59205223586365,1.8413592524314817,50.217328148547814
24.56,6.75,4.992,Acceptable,68.92001252767034,2.2420282787700527,26.848021820503245
15.81,6.76,3.599,Acceptable,68.02560874749518,2.9396824785427387,7.747404403632546
14.06,6.08,4.078,Spoiled,1.8374010847506574,0.0,99.42650213949238
37.56,5.73,6.069,Spoiled,0.9224692269196776,0.0,99.4995662794001
34.25,6.59,6.245,Good,78.65112149313234,1.9441784070985917,48.39763492239737
37.44,6.52,5.749,Good,86.26422103735388,1.93736030836079,48.558613992701616
30.94,5.22,6.714,Spoiled,0.6572407651250897,0.0,99.4995662794001
10.0,6.76,2.96,Good,73.17565679836889,3.6779250396977514,4.084944759710095
29.5,4.67,5.854,Spoiled,0.7013751946609619,0.0,99.4995662794001
19.62,5.82,4.625,Spoiled,0.655719647109885,0.0,99.494737100109
16.88,6.79,3.446,Acceptable,71.55095338409217,2.971260468979152,4.039133410583853
13.69,6.68,3.804,Poor,61.36705778495241,2.9512953121926997,13.657965634215696
31.31,6.37,5.603,Poor,33.81719015528161,0.8484113269003334,99.32417079210452
7.5,6.78,2.712,Good,77.45067642039913,4.170995322635237,1.8190320906193616
35.88,6.62,7.617,Good,78.14903824454808,1.7743423677678845,60.35260381854032
6.75,6.92,2.296,Good,88.92576880910742,4.663200197940656,0.5438693706309772
17.81,6.52,3.957,Poor,38.728255300440765,1.6237749652466853,75.3666395044354
17.81,6.75,4.181,Acceptable,67.35560016574763,2.6478457456299522,13.640211359561162
5.12,6.92,2.347,Good,88.15782746520601,4.76638383592658,0.5438693706309772
9.81,6.76,2.782,Good,71.83789271978144,3.492313655628144,6.719881423001547
12.25,6.84,3.284,Acceptable,77.50407282819612,3.523358345970976,2.6267520578335644
8.75,6.75,2.4,Good,83.4944193490623,4.241276051968832,1.8094195813879137
17.19,6.71,3.782,Acceptable,62.301083958241826,2.622758121693871,16.438209845556255
13.0,6.73,2.948,Poor,62.752529641763466,2.8909876487460613,11.722462597646345
24.25,4.82,4.983,Spoiled,0.6053833282671548,0.0,99.4995662794001
35.0,6.53,5.706,Good,83.11964848163353,1.9426341489571486,46.64497639128882
15.12,6.66,3.833,Poor,60.19812443707316,2.6055439212382745,22.471309900936518
8.81,6.72,2.784,Poor,70.14943707891898,3.664910709078407,9.626042052662948
36.25,6.57,6.113,Good,86.86553446695534,1.9421323204576368,47.81204685985743
16.0,6.82,4.147,Acceptable,68.8521681326188,2.930586034367081,5.253202528574875
12.44,6.86,4.155,Acceptable,72.29688259421657,3.3172904237711918,4.658695055741771
11.56,6.81,3.232,Good,76.25108067200162,3.5337554711509727,2.8031471262248364
6.0,6.81,2.192,Good,88.03590100718182,4.749610406585857,0.6462837463222064
7.19,6.83,2.495,Good,87.99987354700681,4.552873066561424,0.5457937066685242
16.19,6.8,4.007,Acceptable,68.72865671977851,2.9147386793768706,7.727129802250567
10.75,6.93,2.911,Good,80.10186962163692,3.870388213109793,1.4176606272406937
9.19,6.74,2.98,Poor,75.92601606808563,3.9756603240067667,1.7797725247904381
29.94,6.64,4.847,Acceptable,72.22835553607477,2.0113173383892424,41.108154391925694
10.62,6.84,2.883,Good,78.82018040287997,3.8019035835056285,1.5467984879534282
29.38,6.6,5.319,Acceptable,68.3198583467058,1.9829700281004958,46.56413082759046
35.12,6.53,5.974,Good,83.4885966063181,1.9530217146034572,44.377081760537415
29.75,6.85,5.154,Good,76.10485697359252,2.075924800617581,36.24199720419559
17.88,6.87,3.893,Acceptable,68.19090318633647,2.57791015082864,8.682365395301323
32.81,6.04,5.528,Spoiled,6.335990355988247,0.0,99.46630661757754
6.75,6.76,2.595,Good,85.94338949242147,4.6419597561133665,1.1183345521316435
8.69,6.87,3.017,Good,86.21771720071925,4.313363003543015,0.6389206443080202
34.81,6.15,7.879,Spoiled,21.077939938851998,0.0,99.48445773760294
30.12,6.63,5.344,Acceptable,75.8566857220365,2.0313723021544363,37.67152629652199
12.19,6.76,3.137,Acceptable,72.07083529201869,3.3738534986839808,4.112978153832323
33.5,6.56,4.758,Good,80.91162891830518,1.9158411113882325,47.5203052147867
35.62,6.56,5.969,Good,82.8748864781743,1.9406471957518836,49.02118273641708
10.31,6.87,3.405,Good,79.50619252501147,3.833082165875173,1.2015770237770673
14.44,6.85,4.34,Acceptable,71.60147673026526,3.1108759919549165,5.081398192763209
4.94,6.87,2.355,Good,88.77253240560228,4.745436493561948,0.5438693706309772
10.5,6.67,3.263,Poor,50.81326045363428,2.695181829545971,27.38529948808041
11.31,6.83,3.352,Good,78.52812687641439,3.7098860010167787,1.8291644299968732
6.75,6.89,2.936,Good,88.82437525343028,4.677942991622216,0.552271413354736
14.75,5.76,3.832,Spoiled,0.7125857487500127,0.0,99.49691017423098
18.44,6.69,3.846,Acceptable,61.867863633482614,2.4452425336366006,20.890750690206925
5.75,6.9,2.281,Good,88.37426768237478,4.74503944784404,0.5438693706309772
13.06,6.79,3.189,Acceptable,74.55473691670026,3.3815050898783676,3.007580758980062
6.19,6.99,2.478,Good,87.59794826942662,4.740495585261331,0.5503918383621605
6.44,6.93,2.29,Good,88.86254814667033,4.741230016402954,0.5438693706309772
6.31,6.86,2.692,Good,87.04978638459541,4.719687933948519,0.5457678195167577
28.94,6.69,4.095,Acceptable,72.97694788445361,2.1253849473115642,29.77191971274211
9.31,6.94,3.351,Good,85.6398740757872,4.1669561331731915,1.7882378758220043
34.75,6.64,6.864,Good,80.13003510134195,1.9482190886536237,47.732717394227386
35.75,6.7,5.247,Good,85.1312244145751,1.9723185703720454,48.285297566881894
9.62,6.77,2.761,Good,73.9107661577446,3.7602578574018937,2.6409840876113897
39.56,6.52,6.404,Good,68.22491877928415,1.6600267135005993,72.93022973377339
27.56,4.95,5.961,Spoiled,0.7397574966385638,0.0,99.4995662794001
15.38,6.77,4.154,Acceptable,68.05536052711435,2.9046202512346704,8.496516948593342
9.44,6.76,2.495,Good,75.57844805967744,3.8508288767147802,3.0924145218192094
10.88,6.73,3.098,Poor,58.60906066116675,3.0911596054060397,12.827933655555555
10.19,6.72,2.92,Poor,57.363166676271646,3.258637288432538,11.704692978315354
12.62,6.87,3.494,Acceptable,77.94475919296238,3.4354893758535168,2.5015688300592607
19.62,6.72,3.582,Acceptable,61.822280036980914,2.2173343276223285,24.65997592574499
20.44,6.59,4.027,Poor,56.389354055297844,2.209849887690488,31.59390655850741
16.12,6.73,3.278,Acceptable,62.82065272653869,2.728276311500426,12.520604586005652
14.69,6.25,3.952,Spoiled,5.933454857767788,0.004620765780601559,99.13434221154884
8.69,6.87,2.532,Good,85.58072040308431,4.293734182841878,0.6360413191726021
7.25,6.76,2.38,Good,85.69272974631035,4.432016358928549,1.2307047678877985
10.94,6.89,3.223,Good,79.76175141933585,3.7559278927722297,1.6771877121438072
4.5,6.81,1.992,Good,90.58754829816057,4.794392359674212,0.7142568862387398
18.31,6.79,4.64,Acceptable,68.43443679925082,2.698873428161449,7.061240827970255
32.75,5.24,6.377,Spoiled,0.7558167349193825,0.0,99.4995662794001
9.19,6.92,2.555,Good,85.74377144662093,4.2083023903938575,0.9936482988787557
8.5,6.89,2.701,Good,86.46822145775948,4.312272610015787,0.6309899043004312
30.81,5.73,5.73,Spoiled,0.49436976719614706,0.0,99.4995662794001
15.75,6.62,3.48,Poor,58.37374143058892,2.4606145175511567,24.874150078308958
12.31,6.66,2.842,Poor,58.32486475290221,3.056914564546219,19.687261124817358
33.31,4.78,6.175,Spoiled,0.6497736366021901,0.0,99.4995662794001
24.56,5.12,5.326,Spoiled,0.6104552955357966,0.0,99.4995662794001
28.44,6.77,5.038,Acceptable,77.20304099187393,2.2707800968817238,19.677615122578636
38.12,6.6,5.646,Good,86.4796500718434,1.9819554910515815,44.44909718061459
8.69,6.69,2.6,Poor,67.74689751680572,3.5112699281266484,8.21409622685152
6.62,6.9,2.228,Good,88.37410895009037,4.617398739352454,0.5438693706309772
27.69,6.69,5.967,Acceptable,72.28464815975477,2.1318725814594286,35.68275321371608
12.0,5.78,3.682,Spoiled,0.6103328921731678,0.0,99.46464271866836
21.5,6.63,4.2,Poor,59.627416435208026,2.2448291081427167,25.71574311929288
8.62,6.77,2.579,Good,82.82136501789034,4.259777659239824,1.4346210983487442
7.94,6.8,2.585,Good,85.48178602623999,4.306277914355361,0.8182818009496491
26.5,6.67,4.665,Acceptable,72.28073522408636,2.1306115283325546,32.71594201037344
16.56,6.71,3.863,Acceptable,62.24202144117332,2.6559355911306004,13.936729650474975
5.69,7.01,2.531,Good,87.01539067771196,4.732956814512204,0.550944616532752
17.25,6.96,4.116,Acceptable,68.22608252264777,2.7208720477752175,8.756712212712245
19.25,6.71,4.402,Acceptable,62.26580703262785,2.5257343131256933,13.724599365673145
31.75,6.54,5.554,Good,78.89597305301133,1.9616141274338847,40.31572737863467
5.06,6.93,2.273,Good,88.60093777665818,4.762940701596863,0.5438693706309772
35.31,6.59,5.737,Good,83.42704790093158,1.9661402154560306,45.195858362588886
21.12,6.68,4.381,Acceptable,61.686987467871724,2.369825257422301,21.719860926138427
32.88,6.63,5.981,Good,77.09642020015112,1.9816524249877199,50.1549155159207
29.81,5.2,6.148,Spoiled,0.8888108180294744,0.0,99.4995662794001
5.25,6.88,2.233,Good,88.43847535867498,4.778539904428896,0.5438693706309772
9.19,6.94,2.73,Good,87.07978990700076,4.254618801104683,0.9086170624924043
38.94,6.6,5.731,Good,78.1916860314555,1.9542519475076519,46.41849828543302
30.5,6.32,5.411,Poor,32.72632599095176,0.6583658421471611,99.30224046567182
33.5,6.54,6.261,Good,77.85748651531514,1.9372055162380537,42.910940592231285
36.25,6.64,5.095,Good,84.58907381779618,2.003561620834283,44.47924295023171
12.5,6.94,3.594,Acceptable,77.02316506020061,3.312563439521573,4.474483188232197
7.25,6.98,3.48,Good,86.69247948473524,4.536724774643339,0.6253179722165283
23.5,6.49,4.648,Poor,38.05286338137457,1.274602276941459,85.08078794856517
12.38,6.58,3.401,Poor,30.923998241104254,1.1327559623934538,67.46664143270635
11.69,6.97,3.039,Good,80.14176484269544,3.705924913190663,2.265279041730844
5.19,6.82,2.162,Good,88.77928870638176,4.7789661389510805,0.5478839127406756
38.75,5.35,7.089,Spoiled,0.6783038974332217,0.0,99.4995662794001
27.5,6.73,4.985,Acceptable,74.89189718014032,2.2637108216860207,20.451981631299688
4.94,6.81,2.657,Good,87.92700838313067,4.737760917140856,0.6022551053596683
29.5,6.83,4.975,Good,76.24911399709532,2.072619522579377,35.95007919513327
25.88,5.01,5.799,Spoiled,0.5501810404385851,0.0,99.4995662794001
16.62,6.78,3.864,Acceptable,67.73954208272576,2.756919566072557,8.17053401581677
8.88,6.89,3.3,Good,82.52936834842214,4.049146951537526,0.8838179860655277
6.56,6.8,2.486,Good,86.60930919170049,4.594347183525672,0.7372986262287281
31.31,6.55,5.776,Poor,69.83046359137981,1.8570845177753545,52.970239514779465
34.25,6.59,5.419,Good,81.0459536097533,1.9706346731019695,46.687489896897745
16.81,6.49,4.182,Poor,29.70766961153055,0.8675226989070158,87.66555068367518
36.06,6.73,7.53,Good,86.34347379443041,2.0343122171404735,39.541313775810664
10.44,6.87,3.562,Good,78.84824897471937,3.8295911554122646,1.5067186793164093
36.06,6.53,5.882,Good,84.25934787747222,1.9413484216475934,47.92091237866976
16.44,6.82,3.828,Acceptable,70.03553940493205,2.963144766662753,4.272317184060722
22.56,6.86,4.34,Acceptable,70.67112871207789,2.4101398831741263,15.46573210527873
34.31,6.67,5.613,Good,83.55613715069204,1.9885490919221014,42.67382183624406
9.81,6.94,3.144,Good,82.53445194911706,3.9956350672963867,1.0359899294557906
5.81,6.81,2.556,Good,87.98324493602713,4.734250412762531,0.622852767830929
23.56,5.12,4.96,Spoiled,0.750972795448418,0.0,99.4995662794001
32.06,6.75,6.582,Good,85.44947185039389,2.1631715564909073,26.125863675531477
25.88,5.45,5.959,Spoiled,0.6163335113613478,0.0,99.4995662794001
15.31,6.69,3.172,Poor,61.52003505071526,2.772575133747377,14.602514672847855
14.25,6.86,3.848,Acceptable,74.98904908554793,3.289169467551076,4.704233443347632
15.06,6.91,3.622,Acceptable,68.00091533695559,2.7899623401118565,5.77381479398962
6.25,6.86,2.323,Good,88.16395475034251,4.739427805430764,0.5438693706309772
23.31,6.68,4.668,Acceptable,62.38991352732604,2.092301151501443,39.33630469865073
14.06,6.74,3.116,Acceptable,70.78939246163824,3.2576003571790033,5.107422123248223
34.56,6.72,5.752,Good,84.62912690352306,2.014919563776614,42.02662165474363
10.12,7.0,2.901,Good,81.403773500433,3.910348555971706,1.827555460254792
14.69,6.55,4.5,Poor,32.81558176821379,1.0363604915042632,76.6720938384501
29.94,6.65,4.342,Acceptable,72.83785284150548,2.0249043345420077,40.64859987014599
23.69,6.7,4.622,Acceptable,63.55878962863305,2.1531934070216106,36.024224554246615
31.0,6.61,5.489,Good,79.33890768724608,2.006153676598041,38.31087242297016
30.88,6.58,5.259,Acceptable,72.58525804431832,1.8869710823389183,47.43667488545107
13.06,6.77,3.637,Acceptable,71.23407729397083,3.1921638115827027,5.547630719472196
29.12,6.62,5.776,Acceptable,71.20727420673708,2.0401251511250758,40.61508546829454
18.25,6.72,4.055,Acceptable,62.41063149494314,2.546277996846694,12.269820419639448
13.62,6.79,3.707,Acceptable,72.80852036114305,3.191803093625542,5.131866419345687
7.31,6.8,2.983,Good,87.46080635113535,4.558483813271037,0.6912416230232737
12.25,6.73,2.99,Poor,60.85026096908893,2.843902796511689,16.57366551521922
22.56,4.75,4.856,Spoiled,1.070596757152368,0.0,99.4995662794001
5.12,6.89,1.909,Good,87.05339931009547,4.774214609991606,0.5469135752624609
27.44,6.51,6.504,Poor,49.49438278310262,1.378861029547591,70.34092394354342
16.56,6.75,3.661,Acceptable,68.48070530040725,2.9899349209096333,4.764585515168779
18.44,6.61,3.903,Poor,58.44672435790899,2.4202950982289817,21.108182915140784
25.31,6.71,4.412,Acceptable,68.92404767173913,2.276332047756044,22.349713843928374
8.94,6.8,2.942,Good,79.50241817973493,4.006122460155827,1.1181092852397347
9.06,6.92,2.785,Good,85.03707383648494,4.185356777583987,0.8858760159028439
9.94,6.74,2.784,Poor,70.4077530855988,3.406464574074629,7.943684752416696
35.62,6.6,5.586,Good,83.06334631397888,1.9838157935399363,45.35862231693164
34.88,6.66,6.551,Good,84.55344766686919,1.9963151602005527,43.06514388134079
18.56,6.65,4.204,Poor,60.08322228615811,2.4974860899202627,13.720125196816403
10.75,6.85,2.788,Good,79.33180543643654,3.8281328186197823,1.9135175905837096
36.19,6.61,5.439,Good,86.12957936028678,1.9881915810450854,45.968456600624805
28.88,6.68,5.16,Acceptable,72.49875197138238,2.058359246860038,38.45460495792865
35.19,6.64,7.805,Good,80.25772641565862,1.776952711551699,56.856525814403554
25.56,6.64,5.428,Acceptable,68.90442640393438,2.0730265925966176,32.86603104143863
11.25,6.27,3.344,Spoiled,5.765806199613081,0.0003629086715740927,97.97078378064944
23.06,6.63,4.12,Acceptable,59.50371919427771,2.0667235755914146,39.97913047804127
12.88,6.91,2.991,Good,77.43678063326705,3.451960365880406,2.01761077966916
29.25,5.01,5.668,Spoiled,0.6144132752305472,0.0,99.4995662794001
34.69,6.66,5.73,Good,83.2112066350253,1.998388830575192,43.54459377362598
33.0,6.6,5.887,Good,77.22904398710138,1.9627619077822394,46.03442109766737
7.69,6.74,2.549,Good,80.00391127400772,4.238182271501257,2.4244904421878632
28.31,6.7,4.668,Acceptable,73.44896640193802,2.144315274029366,30.922555699384016
4.5,6.97,2.308,Good,90.42403266637632,4.79444968171044,0.5443361073406295
10.62,6.82,3.292,Good,77.55823557210225,3.702757722811615,1.6005860388540603
9.56,6.89,2.943,Good,83.11202669758924,4.07250388996066,1.1719971069692678
20.19,6.68,4.474,Poor,61.63058160011999,2.3573612834090243,23.172561594934173
8.19,6.88,2.3,Good,85.55222371641966,4.333495993800793,0.6615418105752634
36.12,6.57,5.791,Good,85.13304967417717,1.9433760627367178,48.426265259686794
19.5,6.89,3.596,Acceptable,71.9472311950343,2.6314681035861267,9.884722016589183
17.5,6.75,4.02,Acceptable,67.77093884083422,2.804416821077711,8.278252688048239
36.5,6.49,6.086,Good,82.28539026025571,1.8867410756364096,53.73204033017356
32.5,6.69,5.166,Good,85.17668664146419,2.079557612265965,35.244472735217094
12.44,6.75,3.098,Acceptable,71.15018914129733,3.3436161508961546,4.191769168910248
36.69,6.69,5.571,Good,86.88235325394412,1.9754381968374617,46.888783345519734
8.75,6.81,2.259,Good,83.5991126795746,4.244695232509333,1.0078706927245966
15.69,6.79,3.561,Acceptable,71.68361253362676,3.059929225272881,4.225236809178795
6.25,6.86,2.331,Good,88.18328729177536,4.73861811269546,0.5438693706309772
30.94,4.79,5.782,Spoiled,0.6752210982830238,0.0,99.4995662794001
9.5,6.84,3.692,Good,79.64575060887304,3.97681852856548,1.5125889908303973
29.5,6.6,7.0,Poor,78.06930132027395,1.7767566626018396,50.2955257407022
8.0,6.86,2.609,Good,87.51858099487418,4.376373056486699,0.5628765480611078
34.81,6.43,5.064,Good,74.92005766803034,1.733699811163716,56.563091564021335
32.94,5.64,6.684,Spoiled,0.7374327028659735,0.0,99.4995662794001
11.19,6.81,3.551,Good,76.5268038762863,3.6344425106145573,3.8471226281242377
26.31,6.53,5.144,Poor,43.22730933591264,1.361646676183198,85.38937439973886
23.25,5.33,5.243,Spoiled,0.7040497629865138,0.0,99.4995662794001
27.5,6.48,4.409,Poor,39.53147024511057,1.237986465388012,83.82437559126438
25.38,6.49,5.142,Poor,33.02489489173975,0.8850170125754705,93.12312020233394
13.19,6.67,3.438,Poor,60.138796767215986,2.979469982512458,14.489262020967743
14.38,6.5,3.446,Poor,26.084448500428664,0.4762457978237237,79.02800317819832
14.5,6.85,4.033,Acceptable,70.59223572134572,3.1046951334255515,6.237469952178433
37.44,6.49,7.989,Good,80.95090814354394,1.7350307060602677,54.22141336030209
15.5,5.81,3.817,Spoiled,0.9836569890866284,0.0,99.49639129081555
21.06,6.71,4.41,Acceptable,62.20455240605453,2.456950007183478,20.527131335804235
19.75,6.86,4.347,Acceptable,70.18084530768611,2.679794314868702,6.7434406866470376
12.56,6.74,3.369,Poor,71.14722655714067,3.3248195587800997,3.8771302033487007
27.06,6.23,5.105,Poor,25.775582408257357,0.05691039013313066,99.44542535739554
13.69,6.11,3.549,Spoiled,4.288954789277626,0.0,99.21881279685158
11.88,6.82,3.342,Acceptable,77.82173660805553,3.5855582433405235,2.2658489202998924
14.0,6.45,3.627,Poor,23.204132939486904,0.6083711348959598,81.46086507553453
30.81,6.51,5.927,Poor,58.53160728153846,1.6007025278152207,61.94398219184612
23.75,4.98,4.605,Spoiled,0.785201477068193,0.0,99.4995662794001
6.5,6.95,2.726,Good,87.33833766588494,4.706453337001673,0.5488127328179758
11.94,6.81,3.094,Good,75.18952187341172,3.4565664708991615,3.5316422211845757
16.25,6.75,3.708,Acceptable,68.18367381724639,2.9438803702154797,5.169667019825466
35.25,6.66,5.549,Good,84.42431236351456,1.9974341310953985,44.42510987956248
12.56,6.74,3.227,Acceptable,71.3152267051597,3.3274830068661023,3.804452414251274
4.75,6.76,2.213,Good,87.95140933714423,4.759593172019376,2.8876991066314415
15.62,6.66,3.91,Poor,60.669891410063755,2.5975766426573106,21.55096523258684
36.19,6.6,5.543,Good,86.08562832601181,1.984553538113641,45.475711939161606
23.44,6.49,4.602,Poor,37.90372933015725,1.2878726901158888,84.59996254595578
9.0,6.86,2.76,Good,82.68428045084701,4.039759462554565,1.048650285595104
13.12,6.79,3.642,Acceptable,73.42958817522195,3.263134833474454,4.961138531064395
6.62,6.96,2.547,Good,88.38120245881206,4.654658817083428,0.5445887389195768
25.44,5.1,5.713,Spoiled,0.6173583083608838,0.0,99.4995662794001
12.06,6.85,4.289,Poor,73.19495141849896,3.396577661256783,4.539331645813299
32.0,6.58,6.302,Good,77.15248378112202,1.9381551962066779,45.20396095801036
21.62,6.73,4.494,Acceptable,63.289960234577826,2.264811513727598,25.973406334573507
13.81,6.29,3.678,Spoiled,7.162800443701465,0.007339079848944246,98.30310246547756
23.69,6.65,4.332,Acceptable,61.23206165745499,2.0497667484494024,41.01157199499231
10.12,6.83,3.236,Good,79.2882803477003,3.9042552059859688,1.3654347642365043
37.06,5.38,6.682,Spoiled,0.6494676910211467,0.0,99.4995662794001
10.75,6.88,3.139,Good,79.47580383380266,3.8139251866681425,1.2018905873560126
4.25,6.92,2.451,Good,92.56734083190713,4.785914841917682,0.5451962561871956
19.12,6.45,4.392,Poor,28.68605950600594,0.6902939987068316,92.94235652785251
19.38,6.62,4.486,Poor,58.28918796185011,2.3223956253214144,21.44721060501701
31.19,6.58,5.723,Good,72.29480428118478,1.8988183801691672,50.817121840934796
9.0,6.89,2.701,Good,85.83547419867888,4.1885351433679014,0.9668042090540893
10.88,6.78,3.183,Good,73.39522770158068,3.6410210163356025,2.940260614832957
18.25,6.49,3.758,Poor,34.51639382699553,1.336160789547974,78.27628802229539
15.94,6.85,3.903,Acceptable,69.14126467402474,2.888770619878855,5.73194044713952
14.75,6.85,4.007,Acceptable,70.22551091450286,3.071426833852743,6.310719847286671
16.44,5.7,3.89,Spoiled,0.8264326510230294,0.0,99.4955786327148
37.31,6.59,6.233,Good,87.23269129824207,1.9572189698469613,45.570917631498084
35.69,4.92,6.816,Spoiled,0.7098423251970133,0.0,99.4995662794001
30.06,6.58,5.301,Acceptable,64.58862101317146,1.8548081648139774,56.81099452792825
30.31,6.56,4.847,Acceptable,62.18409716113397,1.8277534930392423,61.155120335278994
13.69,6.85,3.997,Acceptable,72.16055279161793,3.2475978308169346,4.196939861806791
13.88,6.75,3.508,Acceptable,71.43007653207577,3.284616395278089,3.696584451934725
24.88,5.09,5.18,Spoiled,0.6267809751361832,0.0,99.4995662794001
17.12,6.82,4.127,Acceptable,68.73131991334489,2.901195710650248,5.405839789662839
11.0,6.81,2.945,Good,76.00649589922537,3.6137133890427697,3.3370779448997534
9.88,7.0,2.966,Good,82.24051846085614,3.982073756018494,1.4309014805623719
14.0,6.89,3.577,Acceptable,76.81984057092437,3.3542779629849067,2.6643122776342394
37.31,6.68,5.517,Good,86.61312297386479,1.9792610773575274,46.29665132360481
36.5,6.57,5.719,Good,86.47989228567407,1.944783292692797,47.70611572202959
5.19,6.86,2.652,Good,88.02767773035767,4.760732419094859,0.5451962561871956
14.88,6.69,3.706,Poor,62.38127770040206,2.8181047202663474,10.683529527448744
17.56,6.69,4.192,Poor,62.050846175286004,2.620225800782391,10.501551936510081
25.19,6.5,4.992,Poor,37.938998395527136,1.1615609872286636,86.81852494852055
28.56,6.54,5.037,Poor,63.54641304236233,1.8177062956754697,46.6147075267136
13.12,6.93,3.297,Acceptable,78.03769481248615,3.4013589678637604,2.2460272087955593
10.62,6.76,2.937,Acceptable,72.09639574689109,3.458463822813389,5.082926650470322
32.62,6.74,5.534,Good,85.91504344483677,2.124026999773089,28.18064404652965
5.12,6.76,2.148,Good,86.13148972846999,4.7392994607133465,2.758719792400459
29.0,6.52,3.965,Poor,60.37757541733117,1.7880447465401208,61.0201563823266
34.38,6.37,6.681,Poor,32.47974829917758,0.5479917813781047,99.34092196949305
7.88,6.75,2.29,Good,80.69737537176799,4.214068843628568,3.939229769103719
8.12,6.84,2.794,Good,84.94154519500772,4.299878944182766,0.5698723481330781
11.0,6.86,3.917,Good,77.08469821518598,3.664094745149852,2.7779014293685065
36.69,6.65,5.803,Good,86.59299614870567,1.9894839876742447,46.24368318115852
24.75,6.76,4.858,Acceptable,69.77855410702506,2.2951272551130644,23.776638071779246
36.25,5.03,6.781,Spoiled,0.7901255405460612,0.0,99.4995662794001
25.44,6.62,5.09,Poor,67.05508178634008,2.057149405063835,36.93099740041007
27.81,6.72,5.606,Acceptable,74.58926430982065,2.2611735894718836,24.211200114012133
10.0,6.71,2.687,Poor,59.36573185350725,3.531037117542466,8.141365568344796
29.62,5.04,5.879,Spoiled,0.6917959309521096,0.0,99.4995662794001
22.19,6.78,4.907,Acceptable,67.78172214483027,2.322843224602459,25.08370787722827
8.19,6.94,3.075,Good,86.93856452553221,4.330906656924669,0.5740785538521094
18.25,6.91,4.734,Acceptable,69.28869994643219,2.672923631489594,7.374675057175085
9.56,6.74,2.989,Poor,72.64205926854204,3.7998109511117533,2.202271943193487
15.25,6.16,3.88,Spoiled,5.783222747500175,0.0,99.36897079395466
6.06,6.89,2.295,Good,88.69516135393903,4.751858912900856,0.5438693706309772
38.56,6.59,6.096,Good,80.96042407105418,1.8989500571997988,53.77649373748404
21.19,6.7,4.349,Acceptable,61.78812164002379,2.3520008148519853,22.164685123622018
32.0,6.7,6.028,Good,84.66416627566103,2.112951249747294,29.91002636017009
29.44,6.63,5.695,Acceptable,75.07440304657518,2.0574872749017104,35.82194485727232
14.25,6.68,3.143,Poor,61.92546143938056,2.9832793166376868,13.701705954887823
12.75,6.69,3.892,Poor,59.30310353424444,2.711173522426201,24.20965485239914
13.62,6.88,3.831,Acceptable,75.1302162057963,3.3186683185174406,3.478784827072438
36.12,6.56,6.038,Good,85.7064624332918,1.942304812165455,47.381840588520305
31.62,6.64,5.462,Good,81.57691516234755,2.0362103527273723,35.93873608802662
30.75,5.92,5.527,Spoiled,0.6593416883739549,0.0,99.4980440984765
26.69,4.93,5.829,Spoiled,0.5149534874153352,0.0,99.4995662794001
15.62,6.73,4.149,Acceptable,63.59836782202902,2.792331548291315,12.076469346799861
6.56,6.76,2.738,Good,84.64223714572707,4.602108449930978,1.017726922799156
24.25,6.32,5.012,Poor,26.515237598969648,0.425332853706118,98.02772029492283
7.62,6.87,2.758,Good,87.08001394558184,4.533255846074597,0.5591619328988466
11.38,6.66,3.077,Poor,46.62827520690836,2.5571066219372094,25.730196875827847
31.0,6.55,5.096,Acceptable,69.70484948772413,1.8471433637172356,53.73176496115297
12.31,6.63,3.59,Poor,52.224570731857064,1.6586857814391314,47.62702575412602
9.94,6.8,3.001,Good,76.15307487699513,3.856098360990257,2.5577290746631824
20.38,6.74,4.704,Acceptable,67.6239139773326,2.4550983273768656,13.729992044679598
12.19,6.68,3.477,Poor,57.33891341117763,2.581187089194276,26.993856931818815
9.69,6.66,3.01,Poor,45.48043330893549,2.2420803758373364,30.28894116973999
6.25,6.71,2.428,Good,76.30473748181633,4.3838182824818706,3.5194101162807185
8.44,6.79,2.574,Good,85.1219037257712,4.2875458277516465,0.9490476256175472
15.31,6.81,3.841,Acceptable,68.56152152258038,2.837549419897111,8.564861808082197
18.88,6.8,4.267,Acceptable,69.00287607520393,2.725262264721405,6.29421642468714
12.31,6.46,3.779,Poor,20.751260032238758,0.39714305159783836,92.76035928749522
10.81,6.72,2.872,Poor,57.85765992199226,3.3623040896176093,11.325330171788309
22.25,6.71,4.568,Acceptable,62.00909162285742,2.2217149835144645,30.686108841305582
10.81,6.85,3.504,Good,79.48998057867891,3.8280580708178618,1.3681863453496272
34.25,6.56,5.624,Good,80.61311939489535,1.9442997848449415,47.48577815074252
35.44,6.74,5.992,Good,87.19816591277285,2.0300667580289073,37.475815742050564
16.31,6.77,3.845,Acceptable,67.85979212457711,2.727953703804598,11.60401962390214
14.06,6.85,3.77,Acceptable,75.04707495762196,3.3309760265634774,4.085907209866792
25.88,6.5,6.156,Poor,33.74969812346079,0.8832832694580728,93.69075463944233
25.44,6.72,6.427,Acceptable,70.91301234362331,2.266358327323181,24.603569647462145
33.75,5.03,7.609,Spoiled,0.6299967458844985,0.0,99.4995662794001
17.75,6.76,4.069,Acceptable,67.63077140900782,2.702294369143663,10.157612759346582
11.94,6.7,3.469,Poor,58.430682895996284,2.6913731588864533,23.596308528385887
38.0,5.01,7.049,Spoiled,0.800966169901691,0.0,99.4995662794001
13.81,6.57,4.245,Poor,29.11405234246335,0.7398968181735848,72.67159355067454
29.44,5.21,7.552,Spoiled,0.9044005922291312,0.0,99.4995662794001
23.94,6.73,5.3,Acceptable,67.49071881402689,2.3950529666803972,12.7200216484822
16.19,5.87,4.181,Spoiled,0.5446382730903089,0.0,99.49274166343378
18.94,6.59,4.016,Poor,54.53311975373903,2.2013188381741684,38.18101757016003
17.06,6.84,3.734,Acceptable,70.09701067400259,2.9442935359464473,3.850798212273377
18.06,6.83,4.172,Acceptable,68.13302197834257,2.6749462483884097,7.0796088077566
17.5,5.64,4.74,Spoiled,1.421860028461762,0.0,99.4995662794001
35.56,6.49,5.757,Good,74.9781791414594,1.761270176974155,63.316425590087064
12.81,6.78,3.558,Acceptable,72.25117630174708,3.3865025731790426,3.7482350688287536
10.38,6.82,2.696,Good,77.34844275560627,3.69208922759128,2.2284214937404605
8.56,6.68,2.441,Poor,66.81701126508061,3.405540008391938,9.893729059221824
19.94,6.74,4.778,Acceptable,67.66391416940002,2.4153026450146804,11.095556980491358
5.0,7.06,2.663,Good,87.28352280413209,4.691791058959868,0.5520471370132132
11.06,6.71,3.245,Poor,55.89581975113494,2.901955669740336,19.238045888704946
7.25,6.89,2.906,Good,87.67631274664703,4.541853227156028,0.55757890836756
26.75,6.55,4.519,Poor,57.250805006301185,1.7659025135787942,62.0381430440491
13.81,6.84,3.622,Acceptable,73.91993130212398,3.2985247984417434,3.175416698031077
34.88,5.86,6.598,Spoiled,0.6939986806624301,0.0,99.49756632069871
18.88,6.87,4.175,Acceptable,68.50169497675532,2.6628279623604554,7.226283431242262
32.5,6.69,4.832,Good,88.09819904172919,2.110792685535059,28.11356021693089
29.56,6.66,4.69,Acceptable,74.83341941143257,2.0623472232651134,35.00747970950949
28.75,6.76,6.531,Acceptable,77.23740509998083,2.165853573870974,30.493390342697843
9.19,6.75,2.726,Good,78.2293977045921,4.003560245112814,2.4378273092729787
27.19,6.44,4.83,Poor,38.83293890856804,1.1660525387036087,94.4907232126226
19.62,6.86,4.28,Acceptable,69.84165845689053,2.6630290850737453,7.11999679672803
16.81,5.44,4.129,Spoiled,0.7059377406367817,0.0,99.4989611190399
23.31,6.53,4.49,Poor,43.06130261657634,1.5855586272844202,76.95921778729539
8.69,6.8,2.33,Good,82.01694188909566,4.220836168283921,1.2905203216637988
7.06,6.75,2.592,Good,85.08604012209453,4.591773597555642,1.166662173327475
32.25,6.66,5.558,Good,82.19645416484421,2.0239077980414963,41.42968989696635
20.06,6.87,4.408,Acceptable,70.38302423927544,2.660588553848776,8.581320319780714
10.06,6.9,2.667,Good,79.9918264966542,3.8932673001569404,1.6782523994835714
6.81,6.77,2.984,Good,87.05464189492983,4.639370185432626,1.0578401729554971
38.81,6.53,5.877,Good,76.71630075046725,1.736183662263048,67.76955057229165
32.94,6.67,6.367,Good,80.67443462661852,1.9901375850477456,49.36654892999792
8.5,7.02,2.764,Good,87.92294706318988,4.3327463470722565,0.6412707538893835
9.81,6.84,2.789,Good,80.33034420334741,3.9778727739388686,1.4389724925482998
30.12,6.55,4.879,Acceptable,60.67155881850027,1.7936357228156918,61.1183492443548
36.81,6.57,6.263,Good,86.98393899172687,1.9415824693804937,47.046484345372065
27.5,6.63,5.143,Acceptable,70.99913223308292,2.0551601224930818,37.113856206480364
13.44,6.9,2.942,Acceptable,73.47632073977692,3.3041940833276366,3.1790669882333713
9.31,6.9,2.875,Good,82.8287170191405,4.069412294839709,2.0777785950863557
10.44,6.83,2.766,Good,78.21534371193324,3.763189649077177,2.0457198080240246
29.5,6.69,5.431,Acceptable,77.5436830518129,2.0618507816415064,35.08161758500677
34.12,6.55,5.518,Good,80.0620927994446,1.9387996031922208,51.33964967241225
39.25,6.47,5.669,Good,53.14012985326524,1.2085269421676548,88.58099804768221
11.0,6.64,3.394,Poor,44.27365261034026,2.1726129175656617,32.896229828957274
11.31,6.79,3.536,Good,75.02384688532288,3.5205826883528806,4.761352602181937
32.44,6.63,5.58,Good,80.72544331346806,2.0046204499310574,43.68304382062744
6.38,6.94,2.552,Good,88.61501322346892,4.745910846567532,0.5445887389195768
29.75,6.65,5.168,Acceptable,74.96716833380479,2.0511622461993118,37.05735266942443
6.25,6.75,2.313,Good,83.7953441104025,4.618054141766427,3.409813282051729
12.38,6.8,3.311,Acceptable,74.64916619238903,3.414612467515705,3.381677191492592
10.5,6.98,4.135,Poor,74.30265629073017,3.5972715772271684,4.41226874219009
13.31,6.75,3.19,Acceptable,71.20382522594667,3.2494586804873045,3.5453362868786824
34.75,6.66,5.859,Good,82.86656973610701,1.9893373393574636,44.91969196476392
4.31,6.75,1.918,Good,86.51117418453843,4.712312555547872,4.122994782382099
34.69,6.59,5.369,Good,81.54708486377025,1.9695743526747607,46.80324250535919
12.25,6.73,3.205,Poor,61.09323307357577,3.0990175435080505,11.059963387101481
7.06,6.84,2.369,Good,89.17945633918012,4.66396171835662,0.5447661125484801
19.88,5.11,4.1,Spoiled,1.1210193514810525,0.0,99.49603316239319
34.5,6.59,5.534,Good,80.8150942048056,1.9643591579903927,48.03393721201419
18.0,6.87,4.419,Acceptable,69.00023800117513,2.713020993682392,7.017184943828528
21.75,4.79,5.434,Spoiled,0.6305067353901056,0.0,99.4995662794001
37.5,6.56,5.391,Good,85.62135016142054,1.938065417939115,48.53055249945616
6.25,6.92,2.53,Good,88.72755842502546,4.7453282242869514,0.5438693706309772
23.81,4.82,5.566,Spoiled,0.5156223556581796,0.0,99.4995662794001
5.62,6.8,2.59,Good,85.90965165329158,4.714819476290992,0.6891890983600569
29.12,6.71,5.435,Acceptable,73.3983933231877,2.038988730787893,37.657980868650704
27.81,6.57,4.799,Acceptable,62.94001640838149,1.8556245805539202,49.78594603015768
7.0,6.88,2.414,Good,88.77790068143567,4.665826199505289,0.5438693706309772
36.25,6.59,5.609,Good,86.12756098443543,1.969976755546942,47.52793648958139
5.88,6.86,2.743,Good,87.32377748171655,4.725707300068996,0.5480933645293761
18.19,6.27,4.425,Spoiled,14.557368739515564,0.006800184782234214,98.89835880734687
15.0,6.8,3.425,Acceptable,71.51222046736764,3.0879618381614313,3.8703541990185375
30.69,6.73,5.525,Good,78.97872826953187,2.1216523427208296,29.865469900450393
9.88,6.73,2.905,Poor,58.664469519721386,2.933552649946637,16.360442349270734
32.25,6.24,5.195,Poor,27.859093427030466,0.18220756328870735,99.46874998609663
13.31,6.37,3.428,Spoiled,12.973169805787606,0.09776906066395713,97.69661500619874
13.88,6.7,3.816,Poor,62.995150807923494,3.016870265641628,10.855297753084708
15.56,6.84,3.414,Acceptable,73.9508272676997,3.0843475057753675,3.1653546651445943
13.44,6.78,3.658,Acceptable,70.98170849015952,3.2077910032471633,4.623559484235069
36.38,6.7,7.334,Good,87.39034021329117,2.014637007802124,42.432458489900384
10.19,6.86,3.288,Good,79.10062799513804,3.8499274669805756,1.1331787225477221
22.19,4.95,5.058,Spoiled,1.045929300206162,0.0,99.4995662794001
16.88,6.96,4.314,Acceptable,69.18986565033752,2.7512879511810877,8.41970201998024
37.12,6.56,7.229,Good,81.50386363938199,1.7735891332920297,61.279546552196095
8.81,6.85,2.769,Good,84.63290129455076,4.23544126481845,0.6859427384453818
8.88,6.87,2.816,Good,84.21073303188,4.129203852358963,0.8893294996263472
9.0,6.98,3.002,Good,85.98088235237054,4.239830673645381,0.8540170811064087
33.38,5.08,6.618,Spoiled,0.7652183250375434,0.0,99.4995662794001
25.69,6.54,4.714,Poor,43.8078670149624,1.5472829650204085,79.9245075227031
9.69,6.75,3.485,Good,72.87023669372749,3.8216916379943218,2.1364383966761413
12.94,6.07,3.83,Spoiled,1.2103201879804069,0.0,99.42022099109957
21.88,6.76,4.344,Acceptable,67.76004329740918,2.3703579624929296,19.55815774069888
35.31,6.65,5.509,Good,84.40122509708162,1.99956734864191,43.499715225811116
9.94,6.49,3.063,Poor,24.296141110974954,0.6618588351212842,73.80097552774707
23.81,6.79,4.621,Acceptable,69.68916492521623,2.337921074490665,19.968774867381384
12.19,6.72,2.97,Poor,58.92994663653355,2.6991024081532973,19.112116229423506
8.31,6.85,3.249,Good,84.14216062107202,4.267742317537027,0.6680578523394023
3.81,6.91,2.043,Good,90.48653289456504,4.794637361977797,0.5438693706309772
27.56,4.97,5.825,Spoiled,0.6894314621885193,0.0,99.4995662794001
27.94,6.67,5.35,Acceptable,72.80059374795992,2.1301013512582267,32.97311190073294
7.69,6.83,2.689,Good,85.19578370146321,4.43542227508904,0.5670063702572328
16.56,6.8,3.834,Acceptable,69.54631481130879,2.94728317061673,6.162805569298601
35.56,6.65,5.524,Good,84.09404346998679,1.99149711464571,45.54649228249787
16.44,6.73,3.636,Acceptable,63.586809317077936,2.8926656622028846,8.929708903254845
4.5,6.8,2.199,Good,91.2595519737781,4.794511215844777,0.8827868995610486
12.94,6.85,3.304,Acceptable,77.75024082862484,3.464902685858726,2.4099435844349095
9.38,5.66,3.1,Spoiled,1.0104329772084557,0.0,99.26974082199567
15.06,6.87,4.084,Acceptable,67.89485219416619,2.8611647289118456,9.864747848790046
18.31,6.8,4.61,Acceptable,68.60544713565243,2.7075270328365004,6.985290213220196
21.25,6.79,4.534,Acceptable,69.09149013621186,2.456670244290184,18.735029091447334
24.5,6.28,4.921,Poor,20.02358708490855,0.1336300157295324,98.74343242954444
18.69,6.82,4.267,Acceptable,69.39014917028251,2.721795006554513,6.6259913895174956
32.94,6.56,6.13,Good,76.64480178067468,1.929895026282252,50.69424103223023
12.25,6.8,3.327,Acceptable,75.06738014073116,3.47872802809769,3.405645808823793
4.88,6.98,2.161,Good,88.16708867474988,4.781329646781723,0.556903564857887
24.06,6.49,4.255,Poor,37.780248132372066,1.3387136810615086,82.69958701778036
8.06,6.85,2.59,Good,87.3716441305611,4.3543872460859125,0.5705758520904116
18.94,6.69,4.121,Acceptable,61.831882993655356,2.4543582382175964,15.268069332764044
29.94,6.58,5.719,Acceptable,69.016409758071,1.885091182417788,51.08092049313293
12.69,6.81,3.352,Acceptable,76.02961080982642,3.45880532583261,2.911580382257626
6.94,6.86,2.716,Good,88.47681281539512,4.672068520343772,0.5783818985671048
33.25,5.29,6.653,Spoiled,0.6327060873855112,0.0,99.4995662794001
27.81,6.39,5.146,Poor,32.195349435683006,0.7979859766238776,97.34138569739382
37.69,6.63,6.308,Good,86.57422076126508,1.9880008363631425,46.669992477442456
15.12,6.82,3.724,Acceptable,68.89685974183433,2.959274235158864,4.750612070520457
24.38,6.61,4.402,Acceptable,59.74325982454553,2.0066657828134904,47.05219572098808
23.81,6.26,5.411,Spoiled,20.288101159967482,0.08355026874885156,99.40245107351481
34.19,6.75,6.417,Good,84.16476193258195,2.0046476903251746,44.25436698370244
16.06,6.59,4.263,Poor,46.60270303254375,2.0320325745561063,50.93353698201972
24.06,5.11,4.632,Spoiled,0.7907889234552806,0.0,99.4995662794001
30.69,5.95,6.023,Spoiled,1.1220686962018365,0.0,99.4968325014047
32.06,5.24,5.561,Spoiled,0.772764359238332,0.0,99.4995662794001
11.5,6.19,3.273,Spoiled,4.100166011091585,0.012485145455089162,97.95506349751851
32.12,6.71,6.109,Good,85.17688298170327,2.136510346079254,27.855781328116908
25.12,4.88,7.096,Spoiled,0.7075224330721022,0.0,99.4995662794001
33.94,6.71,5.292,Good,86.16485369439526,2.0532920011587064,37.244646127658974
12.06,6.14,4.436,Spoiled,1.9538235832794644,0.0,99.38443674166123
15.75,6.04,4.437,Spoiled,1.3817220688143894,0.0,99.4501239166325
33.62,6.23,5.441,Poor,26.869737048441742,0.16337114968865538,99.47320818246227
34.31,6.57,4.858,Good,81.04368339199561,1.9138706610595864,49.58522855134465
35.06,4.75,6.967,Spoiled,0.6967012158566629,0.0,99.4995662794001
27.38,5.17,5.515,Spoiled,0.87428885527615,0.0,99.4995662794001
15.88,6.68,4.284,Poor,61.87517756943624,2.707143550117008,18.897821855914852
34.25,6.51,5.237,Good,80.15999699803075,1.9324335312171452,47.754088350718874
5.69,6.94,2.762,Good,87.26937942984559,4.730171367249301,0.5488127328179758
39.56,5.55,7.459,Spoiled,0.7363111982239776,0.0,99.4995662794001
31.75,6.22,6.152,Poor,21.955114503421388,0.10162750070388368,99.48835483532898
22.56,5.02,5.15,Spoiled,1.144752531538102,0.0,99.4995662794001
12.31,6.76,3.013,Acceptable,71.53929327996019,3.305750240418745,4.002309186054153
32.0,6.79,5.624,Good,86.19585957378192,2.166636906509513,22.9909506186527
19.75,6.77,4.082,Acceptable,67.33143176474128,2.5330793755566168,9.212918868205339
10.62,6.81,3.105,Good,76.34438860947454,3.6735459617743076,2.2798637592094306
35.0,6.6,6.206,Good,81.56248838292869,1.9497451945564017,49.97091763035211
20.19,6.53,4.058,Poor,43.116991184764046,1.6734001693367906,72.19604548382604
5.38,7.07,2.979,Good,87.60732603280219,4.730061710045708,0.5589465686881183
6.44,6.84,2.6,Good,88.27149776950945,4.725177617454769,0.544990477624237
22.94,5.31,5.053,Spoiled,0.8326260407900463,0.0,99.4995662794001
8.38,6.83,2.873,Good,84.56892000614248,4.275194536023525,0.712175004991383
34.62,6.65,5.601,Good,83.03738033610921,1.9983726445878331,44.509611986679374
6.5,6.95,2.855,Good,87.60710701267571,4.715251793699758,0.549446222516683
8.0,6.84,2.972,Good,84.9688885183426,4.305633302243606,0.5731398740687234
11.06,7.04,3.701,Good,79.14126920948038,3.7253090237299573,3.1257440241554266
8.06,6.82,2.452,Good,86.27468008428767,4.320807170872124,0.5711630521123435
13.12,6.55,3.793,Poor,27.58295745306328,0.8823161272709715,67.71787103976884
28.69,6.56,5.525,Poor,67.22497222460603,1.899598899738999,42.043394532372886
33.5,6.51,5.232,Good,80.23674285027728,1.9411742110797097,45.04401672675287
12.38,6.82,3.173,Acceptable,76.07057298700978,3.4404482096259117,2.7158942718053787
4.69,6.9,2.12,Good,89.01003705783097,4.794574137668295,0.5438693706309772
35.75,4.93,6.02,Spoiled,0.8091961186669913,0.0,99.4995662794001
17.75,6.64,4.136,Poor,59.68647693361515,2.432086570859217,23.663909995682122
37.94,6.63,5.359,Good,85.13351934171361,1.9939202709254424,48.664802515393426
20.06,5.88,4.689,Spoiled,0.7496995837109354,0.0,99.4978663206987
11.0,6.66,3.56,Poor,44.683475524360446,1.6458145505090456,53.62762225817069
24.56,6.63,5.285,Poor,61.32562002335364,2.0106230308074338,44.5955718889954
15.25,6.61,3.605,Poor,56.694912518672105,2.1710458883951063,36.03801004121449
29.62,6.66,4.835,Acceptable,74.64450790714756,2.0467846240581316,36.02951987155849
7.06,6.8,2.334,Good,88.52245776831039,4.631805899699073,0.831918647330217
3.25,6.84,1.703,Good,90.8182386543533,4.790967071086019,0.5478103171799635
7.06,6.77,2.846,Good,87.13982182194826,4.625088192228873,1.02241598150882
39.06,5.04,8.351,Spoiled,0.7094874755372182,0.0,99.4995662794001
9.81,6.97,2.747,Good,82.65647355833309,4.008552964806088,1.750031456515645
30.38,6.47,6.153,Poor,46.41238187480226,0.9861751052540783,87.23570116522158
33.69,6.47,5.847,Poor,49.79218361960236,1.309110128020385,84.32280721537593
11.31,6.8,3.401,Good,75.912252227358,3.5823310357375098,2.652434673718839
33.75,6.59,5.878,Good,79.87783343660399,1.9575816454442518,47.50767332785529
18.06,6.78,3.655,Acceptable,67.75074798246214,2.6178290009319793,9.160523764221576
8.62,6.76,3.06,Good,86.80625552840945,4.272748498818399,1.1295609087385305
21.44,5.47,4.834,Spoiled,0.9084439291331182,0.0,99.4995662794001
7.19,6.8,3.182,Good,87.01074313055969,4.569191836783849,0.7065790395036079
36.94,6.76,5.684,Good,89.2506599553026,2.0276487395262874,36.26349081153372
4.38,6.77,2.041,Good,87.41446459032558,4.736784624302355,2.4880925580330904
11.56,6.73,3.27,Poor,60.877202505295124,3.182724044965554,10.052744873629557
37.88,5.22,6.779,Spoiled,0.9153273546699336,0.0,99.4995662794001
11.56,6.68,3.114,Poor,56.42835266564864,2.909200965150295,14.707451981513735
25.56,6.62,4.842,Poor,65.93235449513242,2.030100381466907,44.085404196137176
12.31,6.75,3.022,Acceptable,71.07636651024632,3.3130937939541614,3.968365120942651
36.69,6.25,8.097,Spoiled,26.683025672170942,0.09865334495007702,99.477916199759
34.44,6.56,5.854,Good,80.4060092886084,1.9435289792753723,47.69856321199707
18.56,6.66,3.885,Poor,60.521941550896614,2.4608835877930963,16.872026792431964
32.12,6.79,5.711,Good,86.16799146749987,2.171880087974527,22.67115915067915
4.25,6.98,2.292,Good,92.47341143768892,4.785128599678487,0.556903564857887
18.75,6.74,3.967,Acceptable,67.07283906196434,2.596277219220126,12.200128488847069
25.88,6.71,4.824,Acceptable,70.19905862505067,2.2248126068876934,29.471812465318507
13.12,6.38,3.285,Spoiled,15.004312328760848,0.14004006341629016,94.67619083555404
29.69,6.57,4.555,Acceptable,66.59449707694736,1.8573185279681361,52.34108557955518
16.81,6.52,3.457,Poor,37.823128713695894,1.4868099700254733,72.30328711899458
14.81,6.97,3.754,Acceptable,72.0746035023162,3.042019641502216,6.388596730668069
32.06,6.76,5.606,Good,86.18135007568138,2.147913640205104,24.610248377695104
25.19,6.62,4.437,Acceptable,64.24708209945615,2.045404178075765,43.717262817295534
6.75,6.88,2.811,Good,88.1064290677154,4.67531739057727,0.5480933645293761
13.81,6.68,3.47,Poor,61.920491718512984,3.0785530005185056,9.146632311501854
28.0,6.67,4.71,Acceptable,73.09880807262333,2.1384289581520513,34.69058017432108
36.69,6.64,5.986,Good,86.97028624103255,1.979191098838353,46.18501110620667
30.19,6.61,5.031,Acceptable,71.8391858360628,1.9985444837778408,42.59704227640829
11.12,6.64,3.816,Poor,45.279293685174125,1.9622509710746,42.49864301817875
7.31,6.8,2.67,Good,85.07038791347078,4.551361075906243,0.7327321096570388
7.25,6.91,2.47,Good,87.85419380178557,4.519763431512322,0.5438693706309772
5.12,6.82,2.104,Good,87.81881138654897,4.778268974379457,0.5478839127406756
33.75,6.59,4.788,Good,81.57881206039089,1.9850614652591032,42.44629698769393
24.94,6.67,4.561,Acceptable,64.16240588396293,2.0809757357457777,40.351609392316234
9.38,6.81,2.962,Good,79.1670980632788,4.011349230946125,1.3231313277558567
23.19,6.65,4.644,Acceptable,59.741546112154126,2.030670123946195,40.7230942487936
7.88,6.88,2.514,Good,86.33625049672152,4.3703935541137025,0.561123198387905
37.81,6.72,6.108,Good,88.55666526700107,2.0086621008662675,40.66800233511857
9.88,6.9,2.892,Good,80.51959373888688,3.9531321901431906,1.35980503214186
35.25,6.47,5.255,Good,74.15676366907942,1.7605480621148792,58.90906205483509
31.19,6.66,5.025,Good,81.69691361020212,2.037983143901639,36.44907748480601
34.75,6.61,5.518,Good,81.93592624266465,1.9835286129823828,45.90265589639854
6.31,6.71,2.594,Good,81.07387532825594,4.564405714629302,3.327925941520602
5.31,6.92,1.987,Good,85.61436850271025,4.769564844106114,0.5469135752624609
34.62,6.67,5.252,Good,84.45356743542582,1.9872718651276426,43.12975722330583
12.62,6.61,3.411,Poor,49.47082388901679,1.8766182225908827,44.747357023667874
26.0,5.21,4.534,Spoiled,0.9493508820656815,0.0004158883083359671,99.49839498713553
40.06,4.76,6.602,Spoiled,0.8118358181834915,0.0,99.4995662794001
5.81,6.97,2.572,Good,87.47398966041861,4.737400460860388,0.5448131039953339
14.56,6.82,3.648,Acceptable,73.42657048384278,3.264277524256059,2.874478797636691
16.38,5.56,4.366,Spoiled,0.767254493303411,0.0,99.49587080436223
12.44,6.75,3.344,Acceptable,71.26380073471421,3.3383684519137664,4.111737435104556
18.19,6.75,3.857,Acceptable,67.12331033860102,2.626786433322582,12.518259235248106
14.62,6.69,3.818,Poor,62.669849366135246,2.958167629790087,10.919721254976869
11.0,6.88,4.136,Poor,74.32246692646012,3.6250493703112636,3.564748935014004
11.06,6.84,2.989,Good,78.32878367261196,3.703405449158113,1.6070097495769349
11.31,6.71,3.349,Poor,56.19176274958937,2.9203882952946443,19.389134468061858
37.38,5.08,7.507,Spoiled,1.162009919629325,0.0,99.4995662794001
14.56,6.88,2.913,Acceptable,73.56880446243223,3.3169932781510925,4.522115464776338
30.44,6.62,4.859,Acceptable,75.08810972222679,2.025654066303706,38.364852773841264
22.56,5.15,5.739,Spoiled,0.7978867177347689,0.0,99.4995662794001
23.06,4.95,5.071,Spoiled,1.0622782038773264,0.0,99.4995662794001
8.75,6.82,3.132,Good,83.64073527339505,4.234276308099243,0.6885716034943186
17.12,5.31,4.598,Spoiled,0.8736223222367707,0.0,99.4995662794001
11.75,6.73,3.069,Poor,60.8601399182344,3.0341944741889058,14.728147543265651
16.31,6.75,3.422,Acceptable,69.27152504269276,2.945103338450139,4.4932471309977275
12.69,6.8,2.897,Acceptable,73.97326140063161,3.338901957455549,4.511152630559053
22.31,4.87,4.935,Spoiled,1.074042811963295,0.0,99.4995662794001
27.06,6.57,4.823,Poor,57.9095292588335,1.7992879645454378,64.17559833267475
37.38,6.59,5.809,Good,86.80740506544267,1.964911225297003,45.93786297163685
35.38,6.48,5.061,Good,74.71445231935576,1.811525981470538,57.98395534239365
27.0,5.04,5.324,Spoiled,0.6690363594162994,0.0,99.4995662794001
33.44,4.94,6.376,Spoiled,0.6398444267453592,0.0,99.4995662794001
13.06,6.82,3.735,Acceptable,73.95177384335706,3.0909771800427173,5.620825168440195
14.12,6.69,3.185,Poor,62.049698658419565,2.9903612914332593,12.657955745505976
33.75,6.6,5.258,Good,81.06834501776999,1.9873496334147007,44.03416344121243
33.12,6.63,5.646,Good,80.10589713442708,1.9964363356619637,45.56917063139498
10.56,6.75,3.175,Poor,72.48617377747475,3.6783981987009966,3.141180829041415
23.25,6.59,4.469,Poor,52.205379551823285,1.903138418645938,59.169002321018894
18.44,6.68,3.701,Acceptable,61.730381112616264,2.551717456522371,15.300563570318593
10.0,6.94,3.004,Good,80.99506118013358,3.9069407619306133,1.2125353885560033
17.19,6.6,3.894,Poor,56.674565247146504,2.3876999925866094,22.463087462492823
