sample_id,collection_timestamp,temperature_c,ph,ec_ms_cm,freshness_score,quality,remaining_shelf_life_hours,spoilage_risk_percent
AD-000001,2026-01-01 05:36:11,12.06,6.49,4.286,34.7,Poor,6.5,50.0
AD-000002,2026-01-01 05:38:39,5.5,6.92,2.624,96.4,Good,120.0,0.5
AD-000003,2026-01-01 06:38:22,18.75,5.48,3.706,0.0,Spoiled,0.0,99.5
AD-000004,2026-01-01 07:18:01,31.38,6.51,5.162,82.1,Good,7.5,20.3
AD-000005,2026-01-01 07:41:36,14.38,6.83,4.575,82.4,Good,28.5,0.5
AD-000006,2026-01-01 08:12:48,19.0,6.71,4.085,62.6,Acceptable,13.5,1.7
AD-000007,2026-01-01 08:29:18,6.81,6.87,2.471,88.5,Good,106.5,0.5
AD-000008,2026-01-01 09:00:25,13.62,6.02,3.526,0.5,Spoiled,0.0,99.5
AD-000009,2026-01-01 09:01:24,31.56,5.28,6.106,1.7,Spoiled,0.0,99.5
AD-000010,2026-01-01 16:09:14,27.81,6.19,4.893,29.5,Poor,0.5,99.0
AD-000011,2026-01-01 17:14:00,12.0,6.83,2.948,82.7,Good,40.0,0.5
AD-000012,2026-01-01 17:21:28,31.31,6.59,5.152,50.0,Poor,3.5,92.7
AD-000013,2026-01-01 18:01:03,14.94,6.81,3.067,69.4,Acceptable,21.5,0.5
AD-000014,2026-01-01 18:38:25,19.69,5.06,4.623,0.0,Spoiled,0.0,99.5
AD-000015,2026-01-01 18:45:53,8.62,6.81,2.519,65.0,Acceptable,43.0,0.5
AD-000016,2026-01-01 18:49:46,27.31,6.61,5.057,79.9,Good,9.0,13.7
AD-000017,2026-01-01 19:07:22,15.25,6.93,4.028,90.5,Good,29.0,0.5
AD-000018,2026-01-01 19:23:57,9.62,6.73,3.335,65.1,Acceptable,38.5,0.5
AD-000019,2026-01-02 03:52:24,22.75,6.76,4.51,61.4,Acceptable,8.5,19.0
AD-000020,2026-01-02 05:53:14,7.31,6.91,2.47,69.0,Acceptable,72.5,0.5
AD-000021,2026-01-02 06:02:04,9.0,6.64,2.658,29.9,Poor,6.0,50.7
AD-000022,2026-01-02 06:32:56,24.88,6.56,4.404,46.3,Poor,4.5,71.7
AD-000023,2026-01-02 06:55:02,9.62,6.78,2.622,44.0,Poor,19.0,4.3
AD-000024,2026-01-02 07:13:15,31.12,6.6,5.818,42.3,Poor,2.0,99.0
AD-000025,2026-01-02 07:45:40,16.81,6.81,3.853,64.2,Acceptable,16.5,1.3
AD-000026,2026-01-02 08:06:09,36.75,6.46,4.765,98.9,Good,7.0,30.3
AD-000027,2026-01-02 08:29:44,24.25,6.63,5.304,41.8,Poor,2.5,94.0
AD-000028,2026-01-02 08:38:52,35.38,6.4,6.268,33.5,Poor,0.5,99.5
AD-000029,2026-01-02 09:11:37,32.94,5.76,5.551,1.8,Spoiled,0.0,99.5
AD-000030,2026-01-02 12:34:04,9.38,6.91,3.025,92.6,Good,75.0,0.5
AD-000031,2026-01-02 16:52:06,28.75,6.7,5.012,77.3,Good,8.0,23.3
AD-000032,2026-01-02 17:17:26,26.0,6.66,4.847,56.2,Acceptable,5.0,65.0
AD-000033,2026-01-02 17:28:22,15.19,6.0,5.393,0.4,Spoiled,0.0,99.5
AD-000034,2026-01-02 17:48:13,21.81,6.75,3.681,51.8,Acceptable,7.5,35.7
AD-000035,2026-01-02 18:21:02,35.31,5.06,6.677,2.5,Spoiled,0.0,99.5
AD-000036,2026-01-02 18:45:51,29.62,5.01,6.711,0.0,Spoiled,0.0,99.5
AD-000037,2026-01-02 18:49:58,15.88,6.76,3.387,65.5,Acceptable,16.0,1.3
AD-000038,2026-01-03 03:57:42,17.06,6.71,3.985,55.2,Acceptable,10.5,16.3
AD-000039,2026-01-03 05:32:10,8.38,6.95,2.861,82.0,Good,68.0,0.5
AD-000040,2026-01-03 05:40:27,6.25,6.94,2.485,85.4,Good,120.0,0.5
AD-000041,2026-01-03 06:03:59,7.25,6.65,2.577,26.5,Poor,3.5,55.3
AD-000042,2026-01-03 06:06:13,16.44,6.99,4.084,77.7,Good,22.0,0.5
AD-000043,2026-01-03 06:08:03,5.69,6.86,2.38,65.6,Acceptable,76.5,0.5
AD-000044,2026-01-03 06:30:49,8.56,6.82,2.633,100.0,Good,88.5,0.5
AD-000045,2026-01-03 07:37:00,15.81,6.63,3.771,85.0,Good,25.5,0.5
AD-000046,2026-01-03 07:41:13,14.0,6.8,3.847,79.2,Good,29.0,0.5
AD-000047,2026-01-03 07:59:44,31.06,4.99,4.772,0.0,Spoiled,0.0,99.5
AD-000048,2026-01-03 08:44:36,16.94,6.67,3.775,63.1,Acceptable,15.5,1.3
AD-000049,2026-01-03 08:54:36,12.62,6.7,3.111,42.0,Poor,13.0,12.0
AD-000050,2026-01-03 09:18:11,5.94,7.0,2.219,92.5,Good,120.0,0.5
AD-000051,2026-01-03 16:58:43,19.38,6.78,4.183,59.7,Acceptable,9.5,16.0
AD-000052,2026-01-03 17:07:40,11.75,6.88,3.283,92.4,Good,45.0,0.5
AD-000053,2026-01-03 17:41:12,35.44,6.49,5.685,81.4,Good,6.0,50.0
AD-000054,2026-01-03 17:57:25,33.69,6.62,5.479,83.3,Good,6.5,41.0
AD-000055,2026-01-03 19:00:51,35.0,6.42,6.229,98.0,Good,7.0,27.7
AD-000056,2026-01-03 19:20:55,37.31,6.63,5.289,86.4,Good,5.5,58.3
AD-000057,2026-01-04 05:35:00,36.12,6.64,4.871,84.3,Good,6.0,50.3
AD-000058,2026-01-04 06:02:30,7.69,6.88,2.353,89.8,Good,98.0,0.5
AD-000059,2026-01-04 06:13:27,16.75,6.84,4.042,67.7,Acceptable,16.5,0.7
AD-000060,2026-01-04 06:26:41,22.88,6.62,4.614,47.5,Poor,6.0,55.0
AD-000061,2026-01-04 06:40:39,31.81,6.6,5.536,69.8,Acceptable,5.5,59.7
AD-000062,2026-01-04 07:16:34,19.0,5.14,4.41,0.0,Spoiled,0.0,99.5
AD-000063,2026-01-04 07:24:55,6.94,6.81,2.482,83.9,Good,93.0,0.5
AD-000064,2026-01-04 07:33:00,33.81,5.7,6.142,1.0,Spoiled,0.0,99.5
AD-000065,2026-01-04 07:42:50,23.25,6.88,6.029,84.6,Good,13.0,2.7
AD-000066,2026-01-04 07:51:48,27.69,5.27,5.802,1.2,Spoiled,0.0,99.5
AD-000067,2026-01-04 07:59:58,15.0,6.85,3.464,47.4,Poor,11.0,16.3
AD-000068,2026-01-04 08:24:41,13.5,6.88,3.761,75.1,Good,28.0,0.5
AD-000069,2026-01-04 08:39:09,14.75,6.07,3.569,0.0,Spoiled,0.0,99.3
AD-000070,2026-01-04 09:12:05,16.62,6.64,3.779,48.4,Poor,8.5,29.0
AD-000071,2026-01-04 16:04:31,26.38,5.23,6.219,0.0,Spoiled,0.0,99.5
AD-000072,2026-01-04 16:09:52,26.88,6.59,5.102,45.3,Poor,4.0,83.3
AD-000073,2026-01-04 16:29:19,9.12,6.81,3.017,93.2,Good,76.5,0.5
AD-000074,2026-01-04 17:47:46,3.5,6.99,2.305,82.7,Good,120.0,0.5
AD-000075,2026-01-04 18:05:36,8.94,6.75,3.008,52.3,Acceptable,28.5,0.5
AD-000076,2026-01-04 18:36:28,4.19,6.84,2.148,98.7,Good,120.0,0.5
AD-000077,2026-01-04 18:57:02,22.75,6.78,4.422,57.0,Acceptable,7.0,39.0
AD-000078,2026-01-04 19:26:33,26.31,6.23,4.733,18.2,Spoiled,0.0,99.5
AD-000079,2026-01-04 20:24:02,9.56,6.18,3.323,0.0,Spoiled,0.0,97.7
AD-000080,2026-01-05 05:32:25,30.69,6.52,6.243,43.7,Poor,2.5,95.0
AD-000081,2026-01-05 06:02:54,30.38,6.69,6.636,95.0,Good,9.5,6.7
AD-000082,2026-01-05 06:24:23,9.88,6.86,2.837,89.2,Good,65.5,0.5
AD-000083,2026-01-05 07:04:58,31.0,6.52,4.993,41.7,Poor,2.0,99.3
AD-000084,2026-01-05 07:25:18,5.19,6.85,3.033,81.6,Good,120.0,0.5
AD-000085,2026-01-05 08:03:45,14.5,6.84,3.739,79.8,Good,28.5,0.5
AD-000086,2026-01-05 08:17:33,26.62,4.76,5.758,0.0,Spoiled,0.0,99.5
AD-000087,2026-01-05 08:35:15,25.06,6.71,4.467,77.7,Good,10.0,7.0
AD-000088,2026-01-05 08:44:32,14.38,6.83,3.245,61.4,Acceptable,17.0,0.7
AD-000089,2026-01-05 08:47:50,36.88,6.6,5.928,88.0,Good,5.5,55.0
AD-000090,2026-01-05 08:48:13,6.19,6.87,2.563,93.9,Good,120.0,0.5
AD-000091,2026-01-05 08:53:37,34.56,6.46,5.544,65.8,Acceptable,4.5,78.7
AD-000092,2026-01-05 08:57:19,28.62,4.78,5.894,0.0,Spoiled,0.0,99.5
AD-000093,2026-01-05 09:11:10,11.44,6.78,3.118,42.7,Poor,12.5,18.7
AD-000094,2026-01-05 16:10:55,24.06,5.28,4.737,0.1,Spoiled,0.0,99.5
AD-000095,2026-01-05 17:10:13,35.25,6.57,6.226,82.0,Good,6.0,49.3
AD-000096,2026-01-05 17:13:45,16.25,6.76,3.605,95.2,Good,30.0,0.5
AD-000097,2026-01-05 17:35:28,22.69,6.61,4.515,44.2,Poor,4.0,76.7
AD-000098,2026-01-05 17:50:37,34.62,6.76,5.636,99.1,Good,7.5,21.0
AD-000099,2026-01-05 18:50:31,19.0,4.98,5.501,0.0,Spoiled,0.0,99.5
AD-000100,2026-01-05 19:04:42,11.88,6.77,3.487,88.9,Good,44.5,0.5
AD-000101,2026-01-06 00:17:12,16.94,6.91,5.032,68.5,Acceptable,17.0,0.5
AD-000102,2026-01-06 05:39:09,36.31,6.54,6.149,98.7,Good,10.0,6.3
AD-000103,2026-01-06 05:52:10,18.06,6.79,4.313,53.5,Acceptable,10.0,17.0
AD-000104,2026-01-06 05:59:44,5.31,6.76,2.406,96.7,Good,120.0,0.5
AD-000105,2026-01-06 06:40:13,12.19,6.79,3.313,77.9,Good,42.0,0.5
AD-000106,2026-01-06 07:04:12,15.69,6.78,5.026,48.5,Poor,9.5,22.7
AD-000107,2026-01-06 07:35:48,17.31,6.67,4.012,86.2,Good,21.5,0.5
AD-000108,2026-01-06 07:39:27,11.38,6.77,3.301,47.7,Poor,16.5,10.7
AD-000109,2026-01-06 07:48:25,31.44,5.0,6.279,3.1,Spoiled,0.0,99.5
AD-000110,2026-01-06 08:36:59,16.56,6.86,3.962,85.5,Good,22.5,0.5
AD-000111,2026-01-06 09:00:14,27.44,5.57,5.061,0.0,Spoiled,0.0,99.5
AD-000112,2026-01-06 09:09:58,7.75,6.87,2.342,89.7,Good,93.5,0.5
AD-000113,2026-01-06 09:32:01,26.5,5.77,5.777,0.2,Spoiled,0.0,99.5
AD-000114,2026-01-06 12:47:30,37.5,6.53,6.461,60.7,Acceptable,3.0,93.3
AD-000115,2026-01-06 16:12:09,12.5,6.74,3.153,40.4,Poor,9.5,26.7
AD-000116,2026-01-06 16:15:19,33.75,6.7,6.756,85.4,Good,6.5,40.7
AD-000117,2026-01-06 17:01:59,19.38,6.69,4.17,64.9,Acceptable,12.5,5.3
AD-000118,2026-01-06 17:03:13,15.94,6.92,3.502,60.1,Acceptable,15.5,2.0
AD-000119,2026-01-06 17:41:22,32.5,6.55,5.794,100.0,Good,10.5,3.7
AD-000120,2026-01-06 18:28:00,34.81,6.61,6.129,98.4,Good,7.5,23.3
AD-000121,2026-01-06 18:54:20,36.06,4.81,8.506,0.0,Spoiled,0.0,99.5
AD-000122,2026-01-07 05:41:55,10.88,6.76,3.058,97.9,Good,63.5,0.5
AD-000123,2026-01-07 05:44:43,15.19,6.67,4.29,74.7,Acceptable,22.5,0.5
AD-000124,2026-01-07 07:14:37,29.94,6.62,4.801,87.1,Good,8.5,15.3
AD-000125,2026-01-07 07:22:12,22.5,5.01,4.951,0.0,Spoiled,0.0,99.5
AD-000126,2026-01-07 07:40:00,11.06,6.77,2.965,94.0,Good,51.0,0.5
AD-000127,2026-01-07 07:57:20,32.56,6.64,5.044,97.1,Good,9.5,10.0
AD-000128,2026-01-07 07:58:30,34.44,6.63,5.474,90.8,Good,7.0,35.3
AD-000129,2026-01-07 08:02:05,17.75,6.8,3.333,91.8,Good,24.0,0.5
AD-000130,2026-01-07 08:28:12,23.69,5.27,5.206,1.0,Spoiled,0.0,99.5
AD-000131,2026-01-07 08:42:32,17.94,6.68,3.183,44.9,Poor,6.5,49.3
AD-000132,2026-01-07 09:01:15,37.19,6.59,5.617,83.5,Good,5.5,61.0
AD-000133,2026-01-07 09:01:47,38.44,6.61,6.104,97.6,Good,7.0,32.3
AD-000134,2026-01-07 09:15:00,7.88,6.85,2.739,98.5,Good,107.0,0.5
AD-000135,2026-01-07 16:42:49,9.81,6.78,3.329,73.6,Acceptable,45.0,0.5
AD-000136,2026-01-07 16:44:03,33.56,6.48,5.138,82.3,Good,6.5,43.3
AD-000137,2026-01-07 17:08:17,33.94,6.54,5.335,57.4,Acceptable,3.5,93.7
AD-000138,2026-01-07 17:18:29,26.0,6.52,5.097,45.6,Poor,3.0,92.0
AD-000139,2026-01-07 17:27:41,31.25,6.62,6.27,78.2,Good,7.0,35.7
AD-000140,2026-01-07 17:46:29,34.06,6.62,5.842,66.4,Acceptable,5.0,74.7
AD-000141,2026-01-08 05:30:00,18.88,6.65,3.836,63.0,Acceptable,12.0,3.7
AD-000142,2026-01-08 05:49:59,13.12,6.49,3.401,24.1,Spoiled,0.0,87.7
AD-000143,2026-01-08 06:03:00,15.62,6.64,3.909,95.6,Good,32.0,0.5
AD-000144,2026-01-08 07:02:59,8.06,6.92,2.82,83.8,Good,76.0,0.5
AD-000145,2026-01-08 07:59:28,14.69,6.74,4.564,41.9,Poor,9.0,23.3
AD-000146,2026-01-08 08:08:30,11.19,6.78,3.911,95.7,Good,52.5,0.5
AD-000147,2026-01-08 08:28:39,33.94,6.88,7.555,100.0,Good,8.5,14.7
AD-000148,2026-01-08 08:34:53,23.06,6.61,4.773,39.7,Poor,3.5,89.7
AD-000149,2026-01-08 08:39:46,14.69,6.76,3.302,75.7,Good,30.5,0.5
AD-000150,2026-01-08 08:47:26,28.62,6.52,6.181,75.8,Good,8.0,22.7
AD-000151,2026-01-08 09:08:42,35.94,6.58,7.014,80.9,Good,5.5,64.3
AD-000152,2026-01-08 11:48:15,9.0,6.81,2.572,78.4,Good,60.0,0.5
AD-000153,2026-01-08 16:18:43,34.31,6.48,4.954,97.9,Good,8.5,15.3
AD-000154,2026-01-08 16:51:45,9.06,6.85,3.601,86.1,Good,63.5,0.5
AD-000155,2026-01-08 17:04:24,6.5,6.83,2.816,78.5,Good,108.0,0.5
AD-000156,2026-01-08 17:10:16,7.38,6.88,2.257,83.2,Good,93.0,0.5
AD-000157,2026-01-09 05:44:53,14.25,6.8,4.099,48.3,Poor,10.5,18.0
AD-000158,2026-01-09 05:45:13,26.88,6.57,4.948,88.9,Good,11.0,5.3
AD-000159,2026-01-09 07:03:39,13.69,6.73,3.172,70.5,Acceptable,24.5,0.5
AD-000160,2026-01-09 07:25:59,24.0,5.98,6.203,0.2,Spoiled,0.0,99.5
AD-000161,2026-01-09 07:41:52,29.19,6.71,5.105,96.0,Good,10.5,3.7
AD-000162,2026-01-09 07:56:01,16.88,5.84,3.982,0.0,Spoiled,0.0,99.5
AD-000163,2026-01-09 08:11:25,8.25,6.94,2.672,49.9,Poor,31.0,1.7
AD-000164,2026-01-09 08:37:13,10.25,6.75,3.292,79.0,Good,42.5,0.5
AD-000165,2026-01-09 08:52:52,8.5,6.95,2.808,67.8,Acceptable,53.5,0.5
AD-000166,2026-01-09 09:22:17,9.38,6.82,2.895,65.4,Acceptable,40.0,0.5
AD-000167,2026-01-09 13:07:20,37.25,5.75,6.628,0.1,Spoiled,0.0,99.5
AD-000168,2026-01-09 16:12:16,19.69,6.77,3.932,73.5,Acceptable,14.5,0.7
AD-000169,2026-01-09 16:21:54,31.81,6.6,5.248,60.4,Acceptable,4.5,76.3
AD-000170,2026-01-09 16:36:14,17.56,6.78,4.495,63.7,Acceptable,14.5,1.3
AD-000171,2026-01-09 16:52:41,22.75,6.58,4.414,48.8,Poor,5.0,63.7
AD-000172,2026-01-09 17:35:24,11.31,6.88,3.319,77.0,Good,41.5,0.5
AD-000173,2026-01-09 18:56:21,35.31,6.71,4.948,97.4,Good,8.0,19.7
AD-000174,2026-01-10 05:47:43,12.19,6.72,3.542,52.6,Acceptable,17.0,4.7
AD-000175,2026-01-10 06:23:10,23.31,5.06,4.934,1.8,Spoiled,0.0,99.5
AD-000176,2026-01-10 07:03:26,13.69,6.81,3.534,100.0,Good,46.0,0.5
AD-000177,2026-01-10 07:07:23,27.5,6.74,4.881,78.3,Good,8.5,15.7
AD-000178,2026-01-10 07:43:14,9.38,7.01,3.244,94.1,Good,80.0,0.5
AD-000179,2026-01-10 08:00:01,12.06,6.84,2.82,94.5,Good,47.0,0.5
AD-000180,2026-01-10 16:42:36,18.62,6.55,3.781,84.6,Good,18.0,0.5
AD-000181,2026-01-10 17:54:11,8.0,6.92,2.509,91.8,Good,80.0,0.5
AD-000182,2026-01-10 17:54:30,28.5,6.63,5.367,57.3,Acceptable,5.5,64.3
AD-000183,2026-01-10 19:27:18,5.56,6.76,2.322,44.3,Poor,37.5,8.0
AD-000184,2026-01-11 02:03:55,16.62,5.72,4.162,0.0,Spoiled,0.0,99.5
AD-000185,2026-01-11 05:50:57,18.0,6.74,3.99,67.2,Acceptable,15.5,0.5
AD-000186,2026-01-11 06:55:44,36.31,6.66,5.47,83.4,Good,6.5,42.0
AD-000187,2026-01-11 07:03:29,32.62,5.63,5.493,0.0,Spoiled,0.0,99.5
AD-000188,2026-01-11 07:53:10,16.44,6.63,3.752,51.0,Acceptable,11.0,12.3
AD-000189,2026-01-11 08:30:06,25.0,6.68,5.002,69.1,Acceptable,8.5,18.0
AD-000190,2026-01-11 08:34:19,37.81,6.71,5.113,70.4,Acceptable,4.5,81.0
AD-000191,2026-01-11 08:52:10,24.5,6.42,5.512,30.8,Poor,1.5,94.3
AD-000192,2026-01-11 17:33:27,31.69,5.14,7.098,0.0,Spoiled,0.0,99.5
AD-000193,2026-01-11 18:28:25,4.5,7.16,2.358,99.7,Good,120.0,0.5
AD-000194,2026-01-11 18:44:44,15.06,6.77,3.981,83.0,Good,26.5,0.5
AD-000195,2026-01-11 19:17:29,31.94,6.6,6.309,65.0,Acceptable,5.0,74.0
AD-000196,2026-01-12 05:51:25,11.19,7.01,3.369,93.9,Good,54.5,0.5
AD-000197,2026-01-12 06:06:31,38.56,6.07,7.087,26.0,Poor,0.0,99.5
AD-000198,2026-01-12 06:38:39,27.44,5.07,5.517,0.0,Spoiled,0.0,99.5
AD-000199,2026-01-12 06:41:30,32.06,4.98,6.704,1.3,Spoiled,0.0,99.5
AD-000200,2026-01-12 07:39:49,26.12,6.56,4.937,70.2,Acceptable,8.5,15.3
AD-000201,2026-01-12 07:51:31,4.75,7.01,2.144,98.9,Good,120.0,0.5
AD-000202,2026-01-12 08:02:41,15.69,6.72,3.538,55.3,Acceptable,11.5,11.7
AD-000203,2026-01-12 08:29:26,15.25,6.82,3.108,58.4,Acceptable,16.0,2.0
AD-000204,2026-01-12 08:30:17,11.75,6.63,2.849,85.1,Good,45.5,0.5
AD-000205,2026-01-12 08:43:52,7.38,6.99,2.427,89.6,Good,96.0,0.5
AD-000206,2026-01-12 08:57:22,10.44,6.78,3.886,70.0,Acceptable,40.0,0.5
AD-000207,2026-01-12 16:10:10,32.62,6.55,5.964,84.0,Good,7.0,35.0
AD-000208,2026-01-12 16:20:59,9.38,6.89,2.938,98.1,Good,81.0,0.5
AD-000209,2026-01-12 17:52:22,10.88,6.77,3.007,94.0,Good,62.0,0.5
AD-000210,2026-01-12 17:54:19,17.0,6.64,3.272,60.8,Acceptable,14.5,3.0
AD-000211,2026-01-13 05:33:13,38.31,6.73,5.844,96.1,Good,7.5,25.7
AD-000212,2026-01-13 05:46:53,11.56,6.81,3.376,41.6,Poor,12.0,22.0
AD-000213,2026-01-13 06:07:36,23.94,6.83,4.671,96.1,Good,15.0,0.5
AD-000214,2026-01-13 06:25:47,18.88,6.87,4.086,77.8,Good,17.0,0.5
AD-000215,2026-01-13 06:43:24,17.31,6.95,4.354,80.0,Good,20.0,0.5
AD-000216,2026-01-13 07:09:18,9.62,6.84,2.741,100.0,Good,76.0,0.5
AD-000217,2026-01-13 07:23:41,20.94,6.84,4.232,71.8,Acceptable,12.0,4.7
AD-000218,2026-01-13 07:29:24,27.06,6.36,5.149,37.3,Poor,2.0,95.0
AD-000219,2026-01-13 07:48:00,35.44,6.6,5.879,97.9,Good,7.5,25.7
AD-000220,2026-01-13 07:49:49,15.31,6.96,3.606,37.4,Poor,6.5,50.7
AD-000221,2026-01-13 08:22:30,23.88,5.07,5.364,0.0,Spoiled,0.0,99.5
AD-000222,2026-01-13 09:40:57,13.62,6.71,3.114,82.4,Good,31.0,0.5
AD-000223,2026-01-13 16:03:14,12.62,6.77,3.185,79.1,Good,31.5,0.5
AD-000224,2026-01-13 16:26:19,5.62,6.91,2.19,85.9,Good,120.0,0.5
AD-000225,2026-01-13 17:29:37,7.62,6.5,2.82,31.7,Poor,7.5,43.3
AD-000226,2026-01-13 18:53:27,15.88,6.87,4.134,75.6,Good,20.5,0.5
AD-000227,2026-01-14 04:27:12,35.5,6.55,5.344,79.6,Good,6.0,50.3
AD-000228,2026-01-14 05:53:06,9.5,6.78,3.712,93.1,Good,64.5,0.5
AD-000229,2026-01-14 07:12:39,7.25,6.82,2.439,88.8,Good,87.0,0.5
AD-000230,2026-01-14 07:56:51,28.31,5.77,5.836,0.0,Spoiled,0.0,99.5
AD-000231,2026-01-14 07:57:33,17.56,5.54,3.917,2.2,Spoiled,0.0,99.5
AD-000232,2026-01-14 08:12:22,31.38,6.67,6.405,70.0,Acceptable,5.5,59.0
AD-000233,2026-01-14 09:03:47,9.25,6.75,2.755,96.6,Good,80.0,0.5
AD-000234,2026-01-14 16:46:32,37.38,6.3,6.042,24.0,Spoiled,0.0,99.5
AD-000235,2026-01-14 19:13:17,20.19,6.65,4.335,74.4,Acceptable,15.0,0.5
AD-000236,2026-01-14 21:54:41,36.31,6.68,5.997,96.5,Good,7.0,36.0
AD-000237,2026-01-14 22:58:07,15.31,6.83,3.55,55.1,Acceptable,15.0,2.7
AD-000238,2026-01-15 05:33:57,20.38,6.71,4.122,48.4,Poor,5.5,56.3
AD-000239,2026-01-15 05:43:11,32.38,5.03,6.381,0.7,Spoiled,0.0,99.5
AD-000240,2026-01-15 06:07:26,6.0,6.88,2.123,73.6,Acceptable,91.5,0.5
AD-000241,2026-01-15 06:09:33,25.31,5.3,5.173,0.0,Spoiled,0.0,99.5
AD-000242,2026-01-15 06:09:37,11.81,6.79,3.34,89.5,Good,44.5,0.5
AD-000243,2026-01-15 06:44:07,3.69,6.96,2.283,97.0,Good,120.0,0.5
AD-000244,2026-01-15 07:49:47,36.62,6.68,5.722,95.6,Good,7.0,35.3
AD-000245,2026-01-15 08:26:37,7.44,6.84,2.732,85.4,Good,93.0,0.5
AD-000246,2026-01-15 08:34:35,31.88,6.56,5.892,89.8,Good,8.0,18.7
AD-000247,2026-01-15 17:21:12,29.19,6.72,5.153,61.8,Acceptable,5.0,67.7
AD-000248,2026-01-15 18:21:25,13.62,6.84,3.342,59.1,Acceptable,18.5,0.5
AD-000249,2026-01-15 18:49:20,4.31,6.83,2.22,83.7,Good,120.0,0.5
AD-000250,2026-01-15 20:47:58,31.69,6.61,5.021,88.8,Good,8.5,15.0
AD-000251,2026-01-16 05:51:14,36.25,6.62,6.193,89.5,Good,7.0,36.3
AD-000252,2026-01-16 05:51:45,7.69,6.79,2.717,97.7,Good,96.0,0.5
AD-000253,2026-01-16 06:03:18,16.75,6.78,4.042,67.8,Acceptable,17.0,0.7
AD-000254,2026-01-16 06:48:55,14.12,6.78,3.565,70.7,Acceptable,24.5,0.5
AD-000255,2026-01-16 07:20:19,5.12,6.9,2.302,85.1,Good,120.0,0.5
AD-000256,2026-01-16 07:27:21,7.81,6.96,2.655,94.5,Good,90.0,0.5
AD-000257,2026-01-16 07:32:16,22.12,6.72,4.754,77.4,Good,12.5,3.3
AD-000258,2026-01-16 08:03:55,3.81,6.92,2.063,82.0,Good,120.0,0.5
AD-000259,2026-01-16 08:28:48,5.62,7.01,2.253,82.2,Good,120.0,0.5
AD-000260,2026-01-16 09:03:38,15.94,6.84,3.898,68.6,Acceptable,19.0,0.5
AD-000261,2026-01-16 09:18:20,14.25,6.81,4.2,71.0,Acceptable,23.5,0.5
AD-000262,2026-01-16 16:37:52,12.31,6.85,3.34,92.7,Good,47.0,0.5
AD-000263,2026-01-16 17:10:42,24.88,6.77,4.734,70.5,Acceptable,8.5,19.7
AD-000264,2026-01-16 17:18:55,14.69,6.38,3.788,20.9,Spoiled,0.0,97.0
AD-000265,2026-01-16 17:55:51,5.06,6.9,1.913,82.9,Good,120.0,0.5
AD-000266,2026-01-16 18:03:11,34.31,6.59,4.884,88.4,Good,6.5,34.3
AD-000267,2026-01-16 18:42:06,26.5,6.15,4.832,15.8,Spoiled,0.0,99.5
AD-000268,2026-01-16 18:55:07,9.31,6.85,2.921,31.1,Poor,8.5,36.0
AD-000269,2026-01-16 19:06:54,8.44,6.9,2.931,98.7,Good,84.0,0.5
AD-000270,2026-01-16 19:13:10,25.0,6.73,4.875,60.4,Acceptable,7.0,34.3
AD-000271,2026-01-17 05:57:08,32.06,6.57,5.378,78.8,Good,7.0,29.3
AD-000272,2026-01-17 06:07:12,14.38,6.78,3.273,53.6,Acceptable,15.0,3.0
AD-000273,2026-01-17 06:09:37,7.0,6.91,3.075,98.6,Good,116.5,0.5
AD-000274,2026-01-17 06:09:48,13.56,6.74,3.194,80.4,Good,34.0,0.5
AD-000275,2026-01-17 06:29:07,8.44,6.87,3.086,100.0,Good,93.0,0.5
AD-000276,2026-01-17 06:30:08,15.69,6.77,4.01,52.6,Acceptable,12.0,11.3
AD-000277,2026-01-17 06:41:43,25.75,5.05,4.98,0.0,Spoiled,0.0,99.5
AD-000278,2026-01-17 06:58:34,7.69,6.93,2.578,89.3,Good,85.5,0.5
AD-000279,2026-01-17 07:02:09,34.12,6.67,6.293,77.9,Good,5.5,54.7
AD-000280,2026-01-17 07:02:44,28.06,6.67,4.695,98.8,Good,11.5,2.3
AD-000281,2026-01-17 07:06:30,13.88,6.35,3.756,11.5,Spoiled,0.0,99.5
AD-000282,2026-01-17 07:07:26,15.75,6.92,4.378,33.4,Poor,4.0,67.7
AD-000283,2026-01-17 07:20:54,5.56,6.96,2.551,99.8,Good,120.0,0.5
AD-000284,2026-01-17 07:40:05,19.81,6.63,4.161,48.2,Poor,7.5,35.0
AD-000285,2026-01-17 08:04:50,5.75,6.88,3.283,82.4,Good,116.0,0.5
AD-000286,2026-01-17 08:14:19,4.94,6.86,2.345,98.8,Good,120.0,0.5
AD-000287,2026-01-17 08:22:42,25.62,5.12,5.616,0.0,Spoiled,0.0,99.5
AD-000288,2026-01-17 08:30:00,16.62,6.14,4.241,0.0,Spoiled,0.0,99.5
AD-000289,2026-01-17 08:36:54,7.25,6.88,2.341,85.7,Good,92.0,0.5
AD-000290,2026-01-17 08:59:14,14.0,6.9,4.826,86.0,Good,30.5,0.5
AD-000291,2026-01-17 09:15:44,13.62,6.85,3.198,59.6,Acceptable,18.5,3.3
AD-000292,2026-01-17 09:25:06,18.0,6.63,3.872,46.7,Poor,8.5,29.7
AD-000293,2026-01-17 16:03:33,16.88,6.04,3.744,0.3,Spoiled,0.0,98.7
AD-000294,2026-01-17 16:05:05,9.12,6.96,3.884,60.7,Acceptable,39.5,0.5
AD-000295,2026-01-17 16:56:24,11.5,6.81,2.852,75.7,Good,41.5,0.5
AD-000296,2026-01-17 16:56:50,16.81,6.68,3.598,56.6,Acceptable,13.0,7.0
AD-000297,2026-01-17 17:48:41,31.06,6.44,5.688,51.0,Acceptable,3.0,92.3
AD-000298,2026-01-17 17:57:04,15.75,5.7,3.728,0.0,Spoiled,0.0,99.5
AD-000299,2026-01-17 18:02:30,31.31,6.64,5.473,86.7,Good,7.5,24.7
AD-000300,2026-01-18 05:55:27,26.19,6.67,4.852,73.0,Acceptable,8.0,24.3
AD-000301,2026-01-18 06:55:20,28.69,6.61,4.87,58.9,Acceptable,5.5,57.7
AD-000302,2026-01-18 07:04:19,12.81,6.7,3.518,92.4,Good,41.0,0.5
AD-000303,2026-01-18 07:37:37,8.44,6.88,3.397,96.4,Good,77.0,0.5
AD-000304,2026-01-18 07:52:24,29.88,6.6,5.539,84.6,Good,8.5,17.0
AD-000305,2026-01-18 08:03:26,29.38,6.6,5.792,48.6,Poor,3.0,95.0
AD-000306,2026-01-18 09:03:54,29.5,6.56,4.982,50.7,Acceptable,3.5,89.3
AD-000307,2026-01-18 09:15:09,27.75,5.19,5.395,2.9,Spoiled,0.0,99.5
AD-000308,2026-01-18 09:24:40,6.12,6.88,2.543,81.3,Good,116.5,0.5
AD-000309,2026-01-18 09:24:52,5.31,6.86,2.138,99.3,Good,120.0,0.5
AD-000310,2026-01-18 10:33:15,4.56,7.22,2.148,73.3,Acceptable,120.0,0.5
AD-000311,2026-01-18 16:23:50,4.06,6.94,2.158,83.3,Good,120.0,0.5
AD-000312,2026-01-18 17:58:52,34.06,6.7,5.147,83.2,Good,6.0,49.0
AD-000313,2026-01-18 18:37:00,34.94,6.68,5.492,89.9,Good,6.5,45.7
AD-000314,2026-01-18 19:14:25,10.69,6.78,2.81,39.0,Poor,10.0,26.3
AD-000315,2026-01-19 06:57:58,30.38,5.06,5.558,0.0,Spoiled,0.0,99.5
AD-000316,2026-01-19 07:01:17,35.94,6.5,6.024,85.5,Good,6.0,53.0
AD-000317,2026-01-19 07:36:22,11.94,6.76,2.928,35.6,Poor,6.5,48.3
AD-000318,2026-01-19 07:37:44,9.81,6.86,2.651,73.0,Acceptable,50.5,0.5
AD-000319,2026-01-19 07:46:42,12.56,6.76,3.834,58.7,Acceptable,24.0,0.5
AD-000320,2026-01-19 07:57:08,36.12,6.63,5.474,61.6,Acceptable,3.5,92.0
AD-000321,2026-01-19 08:01:08,19.25,6.77,3.46,57.8,Acceptable,11.0,10.0
AD-000322,2026-01-19 08:09:01,5.12,6.9,2.329,88.7,Good,120.0,0.5
AD-000323,2026-01-19 08:29:04,25.25,6.8,4.864,78.4,Good,11.0,5.3
AD-000324,2026-01-19 09:06:36,33.44,6.63,5.801,79.3,Good,6.5,41.7
AD-000325,2026-01-19 09:09:12,12.25,6.8,3.208,66.5,Acceptable,31.0,0.5
AD-000326,2026-01-19 16:22:02,11.75,6.31,3.037,18.4,Spoiled,0.0,95.7
AD-000327,2026-01-19 17:52:44,13.31,6.89,3.641,85.9,Good,33.5,0.5
AD-000328,2026-01-19 18:07:09,35.75,6.62,6.12,81.4,Good,6.5,43.3
AD-000329,2026-01-19 18:17:31,6.81,6.83,2.632,100.0,Good,120.0,0.5
AD-000330,2026-01-19 19:18:19,20.88,6.35,4.22,25.8,Poor,0.0,98.7
AD-000331,2026-01-19 19:26:08,16.06,6.61,3.643,83.1,Good,26.0,0.5
AD-000332,2026-01-20 05:38:10,16.38,6.82,3.864,86.0,Good,25.0,0.5
AD-000333,2026-01-20 05:58:42,14.06,6.63,3.632,43.9,Poor,9.5,26.7
AD-000334,2026-01-20 06:24:10,12.31,6.75,3.253,77.2,Good,33.5,0.5
AD-000335,2026-01-20 07:15:21,9.0,6.8,2.708,91.4,Good,76.0,0.5
AD-000336,2026-01-20 07:29:09,24.62,6.65,4.813,60.8,Acceptable,7.5,31.3
AD-000337,2026-01-20 07:50:57,21.94,4.99,4.466,0.0,Spoiled,0.0,99.5
AD-000338,2026-01-20 08:57:38,9.0,6.92,3.056,79.1,Good,57.5,0.5
AD-000339,2026-01-20 09:19:30,9.38,6.89,2.382,88.9,Good,65.0,0.5
AD-000340,2026-01-20 09:23:09,24.31,5.37,5.388,0.0,Spoiled,0.0,99.5
AD-000341,2026-01-20 16:08:15,18.88,6.69,3.855,59.8,Acceptable,11.5,5.3
AD-000342,2026-01-20 16:26:50,17.44,6.77,3.702,61.7,Acceptable,14.0,1.7
AD-000343,2026-01-20 16:45:45,16.69,5.64,4.302,0.5,Spoiled,0.0,99.5
AD-000344,2026-01-20 18:26:10,35.81,6.71,6.992,90.2,Good,7.0,39.0
AD-000345,2026-01-20 19:12:20,21.5,4.88,4.953,0.0,Spoiled,0.0,99.5
AD-000346,2026-01-20 19:17:25,34.44,6.54,6.257,96.0,Good,8.5,16.3
AD-000347,2026-01-21 05:36:57,11.12,6.98,3.023,100.0,Good,61.0,0.5
AD-000348,2026-01-21 06:11:19,15.19,6.76,4.059,77.0,Good,23.5,0.5
AD-000349,2026-01-21 06:26:41,37.88,6.64,5.107,79.5,Good,5.0,68.7
AD-000350,2026-01-21 07:14:02,7.12,6.81,2.578,97.6,Good,120.0,0.5
AD-000351,2026-01-21 07:36:41,9.5,6.97,2.698,100.0,Good,78.0,0.5
AD-000352,2026-01-21 07:44:17,7.06,6.65,2.57,28.7,Poor,7.0,44.3
AD-000353,2026-01-21 07:53:44,10.06,6.8,3.377,75.9,Good,45.0,0.5
AD-000354,2026-01-21 08:16:28,23.0,6.71,5.196,43.8,Poor,4.0,83.3
AD-000355,2026-01-21 08:19:06,14.94,5.5,4.143,1.4,Spoiled,0.0,99.5
AD-000356,2026-01-21 08:20:09,35.5,6.62,5.715,100.0,Good,8.0,22.0
AD-000357,2026-01-21 16:32:34,9.12,6.74,2.618,65.6,Acceptable,41.0,0.5
AD-000358,2026-01-21 16:52:27,12.38,6.79,3.528,61.6,Acceptable,25.0,0.5
AD-000359,2026-01-21 17:13:08,6.81,6.82,2.632,73.1,Acceptable,72.0,0.5
AD-000360,2026-01-21 17:26:44,10.31,6.66,3.011,35.8,Poor,12.0,26.7
AD-000361,2026-01-21 17:38:23,6.44,6.79,2.601,74.8,Acceptable,86.5,0.5
AD-000362,2026-01-21 18:54:03,25.12,6.65,4.092,52.2,Acceptable,6.5,51.3
AD-000363,2026-01-21 19:00:06,7.94,6.86,2.623,96.4,Good,93.5,0.5
AD-000364,2026-01-21 19:27:44,13.69,6.58,3.721,25.0,Poor,1.5,82.0
AD-000365,2026-01-22 00:04:44,23.0,4.92,5.057,0.7,Spoiled,0.0,99.5
AD-000366,2026-01-22 05:31:19,31.81,6.52,5.701,100.0,Good,9.5,6.3
AD-000367,2026-01-22 06:14:20,13.62,6.89,3.397,66.4,Acceptable,24.0,0.5
AD-000368,2026-01-22 07:14:49,18.69,6.63,4.228,64.3,Acceptable,12.0,6.7
AD-000369,2026-01-22 07:15:38,6.19,6.75,2.151,90.3,Good,120.0,0.5
AD-000370,2026-01-22 07:18:24,22.81,6.64,4.163,41.9,Poor,4.0,83.3
AD-000371,2026-01-22 07:22:49,6.12,6.8,2.028,95.7,Good,120.0,0.5
AD-000372,2026-01-22 07:45:28,37.38,6.49,5.866,85.0,Good,6.0,51.3
AD-000373,2026-01-22 07:58:40,5.62,6.75,2.697,88.9,Good,120.0,0.5
AD-000374,2026-01-22 08:00:39,8.38,6.69,2.659,61.1,Acceptable,43.5,0.5
AD-000375,2026-01-22 08:11:52,7.38,6.75,2.629,86.5,Good,94.0,0.5
AD-000376,2026-01-22 08:19:52,4.94,6.94,2.248,92.2,Good,120.0,0.5
AD-000377,2026-01-22 08:20:35,12.38,6.77,3.132,52.6,Acceptable,18.0,4.3
AD-000378,2026-01-22 08:37:56,33.56,6.42,5.698,41.0,Poor,2.0,98.7
AD-000379,2026-01-22 08:49:40,22.62,6.74,4.784,74.3,Acceptable,10.5,6.0
AD-000380,2026-01-22 08:57:03,32.19,5.01,6.823,1.0,Spoiled,0.0,99.5
AD-000381,2026-01-22 09:11:56,21.75,6.66,4.602,78.7,Good,14.0,1.0
AD-000382,2026-01-22 09:22:30,26.06,6.27,5.058,27.0,Poor,0.0,99.5
AD-000383,2026-01-22 16:19:48,34.38,6.73,5.174,99.5,Good,8.0,23.3
AD-000384,2026-01-22 16:19:53,35.88,6.54,6.546,78.5,Good,5.5,62.0
AD-000385,2026-01-22 16:57:24,18.12,6.68,4.133,62.1,Acceptable,12.5,6.0
AD-000386,2026-01-22 17:07:41,10.06,6.75,2.899,41.2,Poor,14.0,18.0
AD-000387,2026-01-22 17:09:16,13.75,6.77,3.466,95.7,Good,38.0,0.5
AD-000388,2026-01-22 17:22:32,32.25,6.8,5.807,69.4,Acceptable,5.0,69.3
AD-000389,2026-01-22 17:38:47,19.88,6.44,4.772,27.7,Poor,2.0,90.0
AD-000390,2026-01-22 18:18:46,10.06,6.85,3.452,60.6,Acceptable,29.5,1.0
AD-000391,2026-01-22 18:19:49,9.0,6.96,2.613,100.0,Good,92.5,0.5
AD-000392,2026-01-22 18:27:38,25.06,5.08,7.198,0.0,Spoiled,0.0,99.5
AD-000393,2026-01-22 18:39:39,27.81,5.04,7.461,0.0,Spoiled,0.0,99.5
AD-000394,2026-01-22 19:06:31,15.31,5.52,4.132,3.1,Spoiled,0.0,99.5
AD-000395,2026-01-23 04:58:01,7.69,7.0,2.73,75.1,Good,73.5,0.5
AD-000396,2026-01-23 05:42:53,6.88,6.73,2.871,96.0,Good,116.0,0.5
AD-000397,2026-01-23 06:00:57,13.88,6.81,3.127,70.6,Acceptable,24.5,0.5
AD-000398,2026-01-23 06:01:18,9.44,6.47,2.597,14.7,Spoiled,0.0,96.7
AD-000399,2026-01-23 06:36:49,17.81,6.79,3.967,59.5,Acceptable,12.5,5.3
AD-000400,2026-01-23 06:45:08,8.56,7.01,2.59,74.5,Acceptable,64.5,0.5
AD-000401,2026-01-23 07:03:54,30.06,6.63,5.25,59.2,Acceptable,5.0,73.7
AD-000402,2026-01-23 07:21:48,17.0,6.62,4.099,70.1,Acceptable,18.5,0.5
AD-000403,2026-01-23 07:31:58,6.38,6.84,1.847,100.0,Good,120.0,0.5
AD-000404,2026-01-23 07:32:48,30.56,6.7,5.299,84.3,Good,8.0,21.3
AD-000405,2026-01-23 07:54:02,9.06,6.8,2.575,100.0,Good,81.5,0.5
AD-000406,2026-01-23 08:11:22,13.5,6.73,3.474,50.2,Acceptable,14.5,8.3
AD-000407,2026-01-23 08:19:53,37.31,6.69,5.677,82.8,Good,5.5,64.3
AD-000408,2026-01-23 09:04:59,11.62,6.69,3.219,77.2,Good,42.5,0.5
AD-000409,2026-01-23 17:44:34,12.5,6.48,3.543,22.7,Spoiled,0.0,87.0
AD-000410,2026-01-23 18:15:58,22.5,6.77,4.746,79.7,Good,13.0,1.7
AD-000411,2026-01-23 18:31:07,25.94,6.21,4.596,29.5,Poor,1.0,98.7
AD-000412,2026-01-24 06:10:51,31.81,6.57,5.468,86.9,Good,8.0,21.7
AD-000413,2026-01-24 07:23:40,6.38,6.85,2.688,92.3,Good,120.0,0.5
AD-000414,2026-01-24 07:26:30,18.06,6.7,3.772,87.3,Good,23.0,0.5
AD-000415,2026-01-24 07:28:45,7.31,6.82,2.943,100.0,Good,120.0,0.5
AD-000416,2026-01-24 07:53:35,19.81,5.25,4.465,0.0,Spoiled,0.0,99.5
AD-000417,2026-01-24 08:04:27,6.12,6.76,2.367,93.2,Good,120.0,0.5
AD-000418,2026-01-24 08:34:06,31.38,4.8,6.758,0.0,Spoiled,0.0,99.5
AD-000419,2026-01-24 08:51:23,20.69,6.28,4.588,30.0,Poor,1.0,95.0
AD-000420,2026-01-24 09:15:40,6.69,6.87,3.238,82.4,Good,100.5,0.5
AD-000421,2026-01-24 16:24:54,14.94,6.81,3.828,98.9,Good,34.0,0.5
AD-000422,2026-01-24 16:58:58,25.69,6.54,5.809,29.6,Poor,1.0,99.0
AD-000423,2026-01-24 17:46:52,32.5,6.55,5.745,93.3,Good,8.0,25.0
AD-000424,2026-01-24 18:19:01,34.06,6.77,4.559,88.4,Good,7.0,27.0
AD-000425,2026-01-24 18:23:43,28.94,6.66,5.713,80.0,Good,8.5,16.0
AD-000426,2026-01-24 21:21:02,18.12,6.61,4.226,75.4,Good,17.0,0.5
AD-000427,2026-01-25 06:05:36,34.25,6.55,5.395,85.0,Good,6.5,37.7
AD-000428,2026-01-25 06:14:12,27.81,6.71,4.698,84.9,Good,9.5,10.7
AD-000429,2026-01-25 06:44:35,4.38,6.94,1.9,98.7,Good,120.0,0.5
AD-000430,2026-01-25 06:45:45,36.88,6.57,6.489,97.0,Good,7.5,23.0
AD-000431,2026-01-25 06:59:25,24.12,6.64,5.058,70.8,Acceptable,9.0,18.3
AD-000432,2026-01-25 08:37:46,36.88,6.61,6.426,90.7,Good,7.0,34.7
AD-000433,2026-01-25 08:44:30,34.75,6.62,7.238,55.7,Acceptable,3.0,95.7
AD-000434,2026-01-25 09:02:35,17.44,6.74,3.538,58.8,Acceptable,11.0,9.7
AD-000435,2026-01-25 09:17:01,11.56,6.95,3.308,96.6,Good,56.5,0.5
AD-000436,2026-01-25 09:17:36,4.94,6.91,2.107,80.4,Good,120.0,0.5
AD-000437,2026-01-25 16:52:39,30.81,5.07,6.077,0.0,Spoiled,0.0,99.5
AD-000438,2026-01-25 16:55:00,3.56,6.89,2.208,89.3,Good,120.0,0.5
AD-000439,2026-01-25 17:48:06,16.31,5.79,4.236,0.9,Spoiled,0.0,99.5
AD-000440,2026-01-25 17:59:54,15.81,6.77,3.592,69.2,Acceptable,20.0,0.5
AD-000441,2026-01-25 18:13:08,3.81,6.87,2.215,92.0,Good,120.0,0.5
AD-000442,2026-01-25 18:48:15,38.44,5.23,8.592,0.0,Spoiled,0.0,99.5
AD-000443,2026-01-26 01:35:27,24.62,6.57,4.875,72.4,Acceptable,10.5,7.0
AD-000444,2026-01-26 05:32:43,36.06,6.58,5.943,85.4,Good,7.0,31.7
AD-000445,2026-01-26 06:15:00,34.81,6.66,4.877,67.1,Acceptable,4.5,77.3
AD-000446,2026-01-26 06:49:45,9.31,7.04,3.771,99.6,Good,83.5,0.5
AD-000447,2026-01-26 07:02:07,11.31,6.72,3.011,74.4,Acceptable,36.5,0.5
AD-000448,2026-01-26 08:05:00,16.56,6.75,3.925,76.1,Good,21.5,0.5
AD-000449,2026-01-26 08:18:27,18.62,5.63,4.214,0.3,Spoiled,0.0,99.5
AD-000450,2026-01-26 08:25:08,15.56,5.4,3.879,0.7,Spoiled,0.0,99.5
AD-000451,2026-01-26 09:05:16,8.19,6.87,2.448,92.3,Good,90.0,0.5
AD-000452,2026-01-26 09:06:48,33.88,6.69,5.306,75.4,Good,6.0,53.3
AD-000453,2026-01-26 09:08:19,5.75,6.51,2.404,24.2,Spoiled,0.0,65.7
AD-000454,2026-01-26 09:09:01,36.31,6.7,6.817,87.8,Good,6.0,52.3
AD-000455,2026-01-26 09:09:49,36.94,6.61,5.727,96.7,Good,7.0,36.0
AD-000456,2026-01-26 09:22:14,22.25,4.93,5.094,2.1,Spoiled,0.0,99.5
AD-000457,2026-01-26 16:04:58,9.56,6.8,3.148,81.9,Good,60.0,0.5
AD-000458,2026-01-26 16:09:47,8.44,6.88,2.715,93.2,Good,84.0,0.5
AD-000459,2026-01-26 16:36:35,17.69,6.81,3.826,59.8,Acceptable,11.5,10.0
AD-000460,2026-01-26 17:55:18,39.69,5.81,6.177,0.0,Spoiled,0.0,99.5
AD-000461,2026-01-26 18:44:21,8.94,6.67,2.683,57.2,Acceptable,35.0,0.5
AD-000462,2026-01-27 05:57:51,17.38,6.91,4.419,73.6,Acceptable,18.5,0.5
AD-000463,2026-01-27 06:31:06,13.5,6.83,3.506,82.6,Good,34.0,0.5
AD-000464,2026-01-27 06:34:04,18.88,6.82,3.924,72.0,Acceptable,14.5,1.0
AD-000465,2026-01-27 06:43:32,15.94,6.85,3.784,53.0,Acceptable,11.5,13.3
AD-000466,2026-01-27 07:09:01,12.56,6.8,3.214,46.8,Poor,12.0,20.3
AD-000467,2026-01-27 07:27:21,36.25,6.73,5.5,98.0,Good,9.0,8.7
AD-000468,2026-01-27 07:39:19,27.94,6.63,4.692,87.8,Good,10.0,5.7
AD-000469,2026-01-27 08:12:03,32.0,6.76,5.328,97.6,Good,8.5,14.0
AD-000470,2026-01-27 08:43:43,6.75,6.84,2.347,95.8,Good,120.0,0.5
AD-000471,2026-01-27 08:54:20,32.06,6.67,5.79,81.9,Good,8.0,20.7
AD-000472,2026-01-27 09:14:05,33.94,6.62,6.069,72.0,Acceptable,5.0,73.7
AD-000473,2026-01-27 16:15:52,18.94,6.84,4.318,72.9,Acceptable,14.5,1.3
AD-000474,2026-01-27 16:16:34,11.62,6.45,4.188,20.5,Spoiled,0.0,97.3
AD-000475,2026-01-27 17:40:11,20.69,4.92,4.862,0.0,Spoiled,0.0,99.5
AD-000476,2026-01-27 18:16:42,4.81,6.91,2.605,81.5,Good,120.0,0.5
AD-000477,2026-01-27 18:55:41,9.38,6.73,3.03,37.3,Poor,14.0,22.3
AD-000478,2026-01-27 23:36:56,33.38,6.75,5.288,99.9,Good,8.5,18.7
AD-000479,2026-01-28 05:44:35,5.81,7.02,3.242,74.7,Acceptable,99.5,0.5
AD-000480,2026-01-28 05:58:00,13.38,6.29,3.342,2.7,Spoiled,0.0,98.3
AD-000481,2026-01-28 06:14:46,9.5,6.76,2.763,80.6,Good,59.0,0.5
AD-000482,2026-01-28 07:10:18,24.81,5.41,5.43,0.0,Spoiled,0.0,99.5
AD-000483,2026-01-28 08:08:30,10.0,6.57,2.617,39.9,Poor,15.0,13.7
AD-000484,2026-01-28 08:27:27,17.0,6.68,4.015,71.6,Acceptable,19.0,0.5
AD-000485,2026-01-28 08:40:45,11.12,6.77,2.912,100.0,Good,69.5,0.5
AD-000486,2026-01-28 08:50:06,14.56,6.56,3.522,27.4,Poor,3.0,81.0
AD-000487,2026-01-28 09:24:19,22.94,6.56,4.222,52.7,Acceptable,7.0,44.0
AD-000488,2026-01-28 09:27:00,30.75,6.66,4.665,77.6,Good,7.0,36.7
AD-000489,2026-01-28 17:08:20,32.38,6.74,5.412,100.0,Good,9.0,11.3
AD-000490,2026-01-28 17:47:41,29.5,6.76,5.631,52.4,Acceptable,4.5,77.3
AD-000491,2026-01-28 22:51:51,9.69,6.93,2.811,97.0,Good,74.0,0.5
AD-000492,2026-01-29 05:44:05,28.44,6.66,5.64,53.2,Acceptable,4.0,82.3
AD-000493,2026-01-29 05:46:59,22.81,6.25,4.54,26.6,Poor,0.0,98.3
AD-000494,2026-01-29 06:11:47,32.81,6.5,5.348,80.0,Good,6.5,35.7
AD-000495,2026-01-29 06:18:58,13.81,6.65,3.223,40.6,Poor,9.5,30.3
AD-000496,2026-01-29 06:33:08,19.31,6.99,4.276,83.0,Good,18.0,0.5
AD-000497,2026-01-29 06:54:39,32.12,6.66,5.849,80.8,Good,7.0,36.3
AD-000498,2026-01-29 07:21:22,13.0,6.68,3.528,48.2,Poor,13.5,10.3
AD-000499,2026-01-29 07:24:49,39.25,6.35,6.576,35.0,Poor,1.0,99.5
AD-000500,2026-01-29 07:32:25,24.38,6.52,3.955,43.3,Poor,4.0,75.0
AD-000501,2026-01-29 07:35:45,6.94,7.01,2.463,100.0,Good,120.0,0.5
AD-000502,2026-01-29 08:04:59,8.25,6.93,2.58,93.9,Good,86.0,0.5
AD-000503,2026-01-29 08:22:23,9.81,6.92,3.009,63.5,Acceptable,36.5,0.5
AD-000504,2026-01-29 08:38:50,7.94,6.78,2.738,65.5,Acceptable,54.5,0.5
AD-000505,2026-01-29 09:07:32,14.06,6.59,3.452,34.0,Poor,6.0,49.7
AD-000506,2026-01-29 09:11:28,12.25,6.7,3.541,36.1,Poor,5.0,64.0
AD-000507,2026-01-29 09:26:56,34.06,6.52,6.451,80.0,Good,6.0,43.3
AD-000508,2026-01-29 11:08:59,34.12,6.53,5.388,80.0,Good,6.0,52.7
AD-000509,2026-01-29 16:12:36,25.81,6.61,4.749,97.7,Good,13.5,0.7
AD-000510,2026-01-29 16:29:01,8.12,6.89,2.518,95.1,Good,85.5,0.5
AD-000511,2026-01-29 17:04:12,7.44,6.84,2.785,78.3,Good,81.0,0.5
AD-000512,2026-01-29 17:09:43,6.12,6.83,2.473,82.3,Good,106.5,0.5
AD-000513,2026-01-29 17:34:56,30.62,6.63,5.287,57.7,Acceptable,4.5,82.7
AD-000514,2026-01-29 17:35:55,20.19,6.63,4.444,48.1,Poor,6.5,49.3
AD-000515,2026-01-29 18:55:03,32.94,6.52,5.777,92.7,Good,8.0,22.0
AD-000516,2026-01-29 19:09:31,23.88,6.51,4.792,42.3,Poor,3.5,87.0
AD-000517,2026-01-30 05:46:25,35.38,6.54,5.701,80.4,Good,6.0,48.3
AD-000518,2026-01-30 06:04:04,12.88,6.76,3.787,97.0,Good,49.5,0.5
AD-000519,2026-01-30 06:24:13,37.31,6.5,6.651,91.3,Good,6.5,39.3
AD-000520,2026-01-30 06:37:35,35.0,6.71,7.789,84.1,Good,6.0,42.7
AD-000521,2026-01-30 07:53:01,37.38,6.64,5.93,91.5,Good,6.0,49.3
AD-000522,2026-01-30 08:07:45,27.38,6.19,4.91,21.8,Spoiled,0.0,99.5
AD-000523,2026-01-30 08:22:02,34.06,6.59,4.833,93.6,Good,7.5,24.0
AD-000524,2026-01-30 08:34:43,15.31,6.75,3.666,50.6,Acceptable,10.5,19.3
AD-000525,2026-01-30 08:48:23,13.5,6.82,2.652,64.6,Acceptable,22.0,1.0
AD-000526,2026-01-30 08:56:56,20.81,6.76,4.747,87.3,Good,16.5,0.5
AD-000527,2026-01-30 09:02:50,16.12,6.8,3.775,75.5,Good,21.0,0.5
AD-000528,2026-01-30 18:19:34,24.44,6.62,5.151,47.7,Poor,5.5,61.3
AD-000529,2026-01-30 18:30:23,18.62,6.4,4.356,23.9,Spoiled,0.5,97.7
AD-000530,2026-01-30 19:02:34,28.38,6.55,4.47,43.2,Poor,3.0,96.0
AD-000531,2026-01-31 05:49:22,9.0,6.82,3.012,82.5,Good,77.5,0.5
AD-000532,2026-01-31 06:17:55,21.06,4.89,5.523,0.0,Spoiled,0.0,99.5
AD-000533,2026-01-31 06:52:10,15.31,6.84,3.98,80.9,Good,26.0,0.5
AD-000534,2026-01-31 07:05:23,11.5,6.72,3.275,37.5,Poor,9.0,29.0
AD-000535,2026-01-31 08:24:28,26.75,5.05,5.047,0.0,Spoiled,0.0,99.5
AD-000536,2026-01-31 08:31:53,33.44,6.54,6.119,77.4,Good,6.0,50.3
AD-000537,2026-01-31 08:55:18,7.38,6.92,3.281,84.5,Good,85.0,0.5
AD-000538,2026-01-31 15:37:53,9.69,6.78,2.923,89.3,Good,66.0,0.5
AD-000539,2026-01-31 16:10:23,11.31,6.56,3.508,20.8,Spoiled,0.0,93.0
AD-000540,2026-01-31 17:19:32,21.31,5.3,5.617,0.0,Spoiled,0.0,99.5
AD-000541,2026-01-31 18:05:25,38.56,6.41,5.983,100.0,Good,7.0,28.3
AD-000542,2026-01-31 19:02:21,20.94,6.83,4.412,68.9,Acceptable,11.5,5.3
AD-000543,2026-01-31 19:17:11,6.62,6.8,2.466,85.2,Good,120.0,0.5
AD-000544,2026-02-01 05:46:19,20.19,6.22,4.168,9.6,Spoiled,0.0,98.3
AD-000545,2026-02-01 05:53:45,8.31,6.79,2.99,84.7,Good,83.0,0.5
AD-000546,2026-02-01 06:25:08,17.31,6.74,3.7,45.7,Poor,6.5,47.7
AD-000547,2026-02-01 06:48:00,36.25,6.75,6.773,72.6,Acceptable,5.0,73.7
AD-000548,2026-02-01 07:15:40,37.62,6.5,6.091,97.3,Good,9.0,7.0
AD-000549,2026-02-01 07:55:03,26.88,6.55,5.52,47.5,Poor,4.0,82.0
AD-000550,2026-02-01 08:16:42,10.69,6.89,3.063,73.2,Acceptable,41.5,0.5
AD-000551,2026-02-01 08:37:05,7.12,6.94,2.958,92.0,Good,97.5,0.5
AD-000552,2026-02-01 08:51:09,7.81,6.86,2.562,96.9,Good,101.5,0.5
AD-000553,2026-02-01 09:13:04,19.75,5.99,4.72,0.0,Spoiled,0.0,99.5
AD-000554,2026-02-01 09:18:23,19.19,6.72,3.758,80.3,Good,17.5,0.5
AD-000555,2026-02-01 09:26:07,13.88,6.71,3.399,83.2,Good,35.0,0.5
AD-000556,2026-02-01 16:04:10,15.12,6.86,3.49,81.3,Good,25.5,0.5
AD-000557,2026-02-01 16:18:51,18.88,5.05,4.196,1.2,Spoiled,0.0,99.5
AD-000558,2026-02-01 16:29:39,17.31,6.76,4.157,84.5,Good,22.5,0.5
AD-000559,2026-02-01 17:34:40,6.31,6.93,2.556,96.3,Good,120.0,0.5
AD-000560,2026-02-01 18:17:21,4.88,6.88,2.741,99.7,Good,120.0,0.5
AD-000561,2026-02-01 18:32:13,15.81,6.74,3.779,78.6,Good,21.0,0.5
AD-000562,2026-02-01 18:41:31,15.75,6.81,3.552,82.7,Good,24.5,0.5
AD-000563,2026-02-01 19:15:17,6.69,6.89,2.484,81.5,Good,100.0,0.5
AD-000564,2026-02-01 19:17:50,13.75,6.08,3.31,0.0,Spoiled,0.0,99.3
AD-000565,2026-02-01 21:06:28,9.25,5.79,3.211,0.0,Spoiled,0.0,99.5
AD-000566,2026-02-02 05:37:24,19.31,6.62,3.828,53.0,Acceptable,8.5,29.3
AD-000567,2026-02-02 06:11:57,12.5,6.82,3.172,76.8,Good,31.5,0.5
AD-000568,2026-02-02 06:17:20,37.25,6.58,5.592,89.1,Good,6.0,53.7
AD-000569,2026-02-02 07:08:03,15.94,6.79,3.733,69.9,Acceptable,20.0,0.5
AD-000570,2026-02-02 07:19:16,11.19,7.01,2.74,33.5,Poor,6.0,50.7
AD-000571,2026-02-02 07:53:47,4.56,6.87,2.189,99.4,Good,120.0,0.5
AD-000572,2026-02-02 07:58:07,33.69,6.51,4.988,72.1,Acceptable,5.0,71.3
AD-000573,2026-02-02 08:15:47,33.19,6.73,6.272,91.9,Good,8.0,20.7
AD-000574,2026-02-02 08:27:17,7.81,6.8,2.709,50.8,Acceptable,32.5,2.7
AD-000575,2026-02-02 08:38:04,12.12,6.84,3.347,85.1,Good,41.5,0.5
AD-000576,2026-02-02 08:41:59,14.56,5.54,4.216,3.8,Spoiled,0.0,99.5
AD-000577,2026-02-02 08:44:37,27.0,6.63,4.868,74.6,Acceptable,8.0,22.3
AD-000578,2026-02-02 16:35:11,14.62,6.07,4.133,3.1,Spoiled,0.0,99.5
AD-000579,2026-02-02 18:20:33,5.94,6.92,2.601,97.9,Good,120.0,0.5
AD-000580,2026-02-02 19:13:52,29.25,4.97,6.274,1.0,Spoiled,0.0,99.5
AD-000581,2026-02-02 19:28:41,18.69,6.71,3.503,46.9,Poor,7.5,36.3
AD-000582,2026-02-03 05:43:58,22.0,5.16,5.117,0.0,Spoiled,0.0,99.5
AD-000583,2026-02-03 05:59:01,18.56,6.79,3.383,45.1,Poor,6.0,51.3
AD-000584,2026-02-03 06:20:36,7.12,6.74,2.613,89.5,Good,103.0,0.5
AD-000585,2026-02-03 06:46:10,4.81,6.9,2.436,100.0,Good,120.0,0.5
AD-000586,2026-02-03 06:54:24,26.0,4.68,5.671,0.0,Spoiled,0.0,99.5
AD-000587,2026-02-03 07:59:17,23.06,5.6,4.921,0.0,Spoiled,0.0,99.5
AD-000588,2026-02-03 08:03:27,36.06,6.62,5.537,95.3,Good,8.5,13.3
AD-000589,2026-02-03 08:13:01,6.81,6.87,2.058,87.6,Good,113.0,0.5
AD-000590,2026-02-03 08:28:49,13.62,6.81,3.465,84.3,Good,34.0,0.5
AD-000591,2026-02-03 08:39:50,30.62,6.67,4.872,99.0,Good,10.5,4.0
AD-000592,2026-02-03 08:40:16,6.0,6.74,2.277,73.2,Acceptable,93.5,0.5
AD-000593,2026-02-03 08:53:11,25.94,5.23,6.139,0.0,Spoiled,0.0,99.5
AD-000594,2026-02-03 09:08:55,16.44,6.81,3.868,91.2,Good,27.0,0.5
AD-000595,2026-02-03 16:00:54,14.75,6.58,3.337,69.6,Acceptable,22.5,0.7
AD-000596,2026-02-03 16:15:39,13.0,6.72,3.795,52.1,Acceptable,16.5,2.0
AD-000597,2026-02-03 16:59:13,8.69,6.83,2.939,95.0,Good,98.0,0.5
AD-000598,2026-02-03 18:07:40,32.75,5.04,6.793,0.0,Spoiled,0.0,99.5
AD-000599,2026-02-03 18:07:41,35.69,6.68,5.417,82.4,Good,6.0,52.3
AD-000600,2026-02-03 18:27:44,8.19,6.78,2.769,84.7,Good,75.0,0.5
AD-000601,2026-02-03 19:21:05,12.5,6.83,3.265,35.2,Poor,6.5,51.7
AD-000602,2026-02-04 06:12:42,14.44,6.75,3.535,41.8,Poor,8.0,38.3
AD-000603,2026-02-04 06:18:09,17.94,6.78,3.761,59.5,Acceptable,12.0,6.3
AD-000604,2026-02-04 06:42:29,7.62,6.85,2.568,77.8,Good,71.0,0.5
AD-000605,2026-02-04 07:25:11,33.25,5.39,6.978,0.4,Spoiled,0.0,99.5
AD-000606,2026-02-04 07:31:48,27.75,6.54,4.844,35.9,Poor,2.0,96.0
AD-000607,2026-02-04 07:48:07,22.88,6.73,4.988,61.9,Acceptable,9.5,12.0
AD-000608,2026-02-04 07:48:08,30.38,6.66,5.313,79.1,Good,6.5,36.0
AD-000609,2026-02-04 07:56:31,31.25,6.69,4.893,92.0,Good,8.5,17.3
AD-000610,2026-02-04 08:08:00,16.06,6.75,3.629,78.7,Good,22.5,0.5
AD-000611,2026-02-04 08:13:39,4.44,6.87,2.082,80.8,Good,120.0,0.5
AD-000612,2026-02-04 08:16:23,10.88,6.84,3.653,87.8,Good,55.5,0.5
AD-000613,2026-02-04 08:20:30,21.0,6.66,4.157,48.9,Poor,6.0,48.0
AD-000614,2026-02-04 09:29:44,16.88,6.77,3.894,64.4,Acceptable,14.0,4.3
AD-000615,2026-02-04 16:18:01,29.94,5.0,5.839,0.0,Spoiled,0.0,99.5
AD-000616,2026-02-04 18:11:55,8.06,6.74,2.842,82.6,Good,71.0,0.5
AD-000617,2026-02-04 19:00:12,22.56,6.63,4.307,60.1,Acceptable,8.0,24.7
AD-000618,2026-02-05 05:32:10,18.5,5.86,3.774,0.0,Spoiled,0.0,99.5
AD-000619,2026-02-05 05:36:26,14.06,6.79,3.412,87.7,Good,33.5,0.5
AD-000620,2026-02-05 06:21:14,31.06,6.93,6.386,100.0,Good,10.5,3.3
AD-000621,2026-02-05 06:25:32,6.19,6.78,2.225,94.0,Good,120.0,0.5
AD-000622,2026-02-05 06:30:01,18.0,6.67,3.523,68.5,Acceptable,16.0,1.0
AD-000623,2026-02-05 07:40:32,30.75,5.95,5.463,0.0,Spoiled,0.0,99.5
AD-000624,2026-02-05 08:19:43,20.12,6.7,4.602,57.6,Acceptable,9.5,18.3
AD-000625,2026-02-05 08:28:33,34.81,6.42,5.949,87.6,Good,7.0,35.0
AD-000626,2026-02-05 08:49:31,9.5,6.65,2.976,51.5,Acceptable,24.5,3.0
AD-000627,2026-02-05 09:01:23,6.12,6.82,2.475,94.9,Good,120.0,0.5
AD-000628,2026-02-05 09:07:28,25.38,6.55,4.243,33.9,Poor,2.0,96.3
AD-000629,2026-02-05 16:48:25,15.56,5.51,3.356,1.6,Spoiled,0.0,99.5
AD-000630,2026-02-05 17:38:14,28.56,5.79,6.879,1.8,Spoiled,0.0,99.5
AD-000631,2026-02-05 18:30:55,8.19,6.72,2.523,49.4,Poor,27.5,3.3
AD-000632,2026-02-06 06:28:37,11.06,6.93,3.532,54.2,Acceptable,21.5,2.0
AD-000633,2026-02-06 06:43:15,7.38,6.82,2.411,87.8,Good,100.5,0.5
AD-000634,2026-02-06 06:57:50,28.88,6.62,5.005,56.0,Acceptable,4.5,82.7
AD-000635,2026-02-06 07:33:40,11.19,6.65,3.368,27.9,Poor,3.5,66.7
AD-000636,2026-02-06 07:44:27,19.0,6.84,3.668,56.5,Acceptable,10.5,12.3
AD-000637,2026-02-06 08:04:53,4.56,6.89,2.528,73.1,Acceptable,120.0,0.5
AD-000638,2026-02-06 08:30:14,37.12,6.45,6.325,87.3,Good,6.5,45.3
AD-000639,2026-02-06 08:38:11,34.5,4.79,8.535,0.8,Spoiled,0.0,99.5
AD-000640,2026-02-06 08:45:51,28.12,6.75,5.139,81.8,Good,9.0,8.3
AD-000641,2026-02-06 09:20:34,18.12,4.94,4.816,1.3,Spoiled,0.0,99.5
AD-000642,2026-02-06 09:24:34,38.44,6.61,5.953,60.9,Acceptable,3.5,93.3
AD-000643,2026-02-06 17:33:11,33.81,6.49,5.649,67.4,Acceptable,5.0,82.0
AD-000644,2026-02-06 17:46:19,5.06,7.01,2.485,50.0,Poor,61.5,0.7
AD-000645,2026-02-06 18:04:32,7.44,6.67,2.757,85.3,Good,86.5,0.5
AD-000646,2026-02-06 18:55:01,13.62,6.93,3.858,79.4,Good,32.0,0.5
AD-000647,2026-02-06 19:04:49,33.0,6.52,5.607,80.8,Good,6.5,42.7
AD-000648,2026-02-06 19:16:51,5.88,6.93,2.275,99.3,Good,120.0,0.5
AD-000649,2026-02-06 19:29:38,30.5,6.6,5.397,100.0,Good,10.0,5.0
AD-000650,2026-02-07 05:33:37,26.19,6.77,4.742,64.4,Acceptable,7.0,39.0
AD-000651,2026-02-07 05:44:13,24.56,6.7,4.969,56.1,Acceptable,6.0,48.0
AD-000652,2026-02-07 05:45:22,35.69,6.58,5.527,68.2,Acceptable,4.0,78.7
AD-000653,2026-02-07 06:22:15,8.0,6.87,2.973,100.0,Good,103.0,0.5
AD-000654,2026-02-07 07:09:55,5.88,6.72,2.598,100.0,Good,120.0,0.5
AD-000655,2026-02-07 07:41:02,18.0,6.83,4.312,65.1,Acceptable,14.0,1.7
AD-000656,2026-02-07 07:54:55,35.69,6.55,5.262,56.3,Acceptable,3.0,95.7
AD-000657,2026-02-07 08:52:43,13.31,6.93,3.582,97.1,Good,44.5,0.5
AD-000658,2026-02-07 09:09:46,4.81,6.94,2.568,90.3,Good,120.0,0.5
AD-000659,2026-02-07 09:15:07,14.19,6.8,3.391,49.8,Poor,15.0,4.0
AD-000660,2026-02-07 09:15:16,16.06,6.7,3.694,47.0,Poor,11.0,14.0
AD-000661,2026-02-07 16:22:08,16.12,6.85,4.165,53.1,Acceptable,11.0,14.0
AD-000662,2026-02-07 16:43:07,13.62,6.93,3.69,65.7,Acceptable,20.5,0.7
AD-000663,2026-02-07 17:19:36,33.94,5.22,6.18,0.0,Spoiled,0.0,99.5
AD-000664,2026-02-07 17:59:17,15.0,5.83,3.94,0.0,Spoiled,0.0,99.5
AD-000665,2026-02-07 18:00:30,36.06,6.63,4.84,81.6,Good,5.0,66.3
AD-000666,2026-02-07 18:01:11,34.12,6.59,5.464,78.5,Good,6.0,51.0
AD-000667,2026-02-07 18:28:25,7.25,6.74,2.386,82.0,Good,78.5,0.5
AD-000668,2026-02-07 18:29:13,30.31,6.52,5.329,43.6,Poor,2.5,95.7
AD-000669,2026-02-07 18:44:21,7.12,6.81,2.494,85.0,Good,91.0,0.5
AD-000670,2026-02-07 19:14:19,8.62,6.09,2.892,3.2,Spoiled,0.0,99.3
AD-000671,2026-02-08 01:09:51,30.44,6.63,5.656,86.9,Good,9.0,13.3
AD-000672,2026-02-08 05:39:37,18.44,6.66,4.562,83.3,Good,21.5,0.5
AD-000673,2026-02-08 06:10:07,5.38,6.72,2.561,100.0,Good,120.0,0.5
AD-000674,2026-02-08 06:48:18,32.25,6.77,7.14,84.1,Good,7.5,29.0
AD-000675,2026-02-08 07:03:41,14.5,6.75,3.165,80.6,Good,29.5,0.5
AD-000676,2026-02-08 07:40:25,9.31,6.81,3.198,98.0,Good,78.0,0.5
AD-000677,2026-02-08 08:39:24,17.38,6.56,3.217,40.5,Poor,6.0,52.0
AD-000678,2026-02-08 14:32:26,19.81,6.9,4.467,55.9,Acceptable,8.5,20.3
AD-000679,2026-02-08 17:30:09,6.25,6.86,2.504,91.2,Good,120.0,0.5
AD-000680,2026-02-08 17:49:15,14.75,6.67,3.502,84.0,Good,27.5,0.5
AD-000681,2026-02-08 18:14:16,30.56,6.73,6.118,82.4,Good,7.0,33.7
AD-000682,2026-02-08 18:33:08,11.38,6.73,3.179,39.8,Poor,11.5,23.0
AD-000683,2026-02-08 18:40:16,6.31,6.94,2.365,82.0,Good,113.5,0.5
AD-000684,2026-02-08 18:50:46,30.38,5.0,6.284,0.0,Spoiled,0.0,99.5
AD-000685,2026-02-09 05:53:22,13.06,6.67,3.284,37.1,Poor,6.5,41.7
AD-000686,2026-02-09 05:54:36,13.19,6.31,4.152,14.7,Spoiled,0.0,97.3
AD-000687,2026-02-09 06:02:46,17.5,6.3,3.753,11.6,Spoiled,0.0,99.5
AD-000688,2026-02-09 06:46:47,14.69,6.83,3.612,60.0,Acceptable,15.5,3.0
AD-000689,2026-02-09 07:50:26,30.75,6.16,5.625,23.0,Spoiled,0.0,99.5
AD-000690,2026-02-09 08:04:28,22.31,4.71,5.219,0.0,Spoiled,0.0,99.5
AD-000691,2026-02-09 08:50:07,32.12,6.55,5.27,98.8,Good,8.5,13.7
AD-000692,2026-02-09 09:11:23,34.0,6.63,5.974,87.6,Good,6.5,38.3
AD-000693,2026-02-09 09:19:21,5.81,6.84,1.897,80.1,Good,108.0,0.5
AD-000694,2026-02-09 09:29:28,37.31,5.2,6.669,0.6,Spoiled,0.0,99.5
AD-000695,2026-02-09 16:15:30,5.0,6.93,2.079,82.0,Good,120.0,0.5
AD-000696,2026-02-09 16:28:02,6.31,6.72,2.444,53.8,Acceptable,60.0,0.5
AD-000697,2026-02-09 18:06:34,22.38,6.74,4.276,67.2,Acceptable,10.5,8.7
AD-000698,2026-02-09 18:27:25,32.31,5.02,6.762,0.0,Spoiled,0.0,99.5
AD-000699,2026-02-09 18:30:50,6.12,6.81,2.844,87.9,Good,106.5,0.5
AD-000700,2026-02-09 23:17:26,36.31,6.69,5.501,90.6,Good,7.0,34.3
AD-000701,2026-02-10 06:14:30,19.06,6.69,3.573,66.1,Acceptable,13.0,2.7
AD-000702,2026-02-10 06:30:21,5.12,6.89,2.184,77.8,Good,120.0,0.5
AD-000703,2026-02-10 06:32:41,9.44,6.83,2.911,97.9,Good,77.5,0.5
AD-000704,2026-02-10 07:09:35,5.56,6.95,2.901,81.3,Good,116.0,0.5
AD-000705,2026-02-10 07:14:35,18.5,6.67,4.565,53.3,Acceptable,9.5,18.7
AD-000706,2026-02-10 07:55:02,17.19,6.69,4.348,72.6,Acceptable,18.0,1.0
AD-000707,2026-02-10 09:10:27,19.0,6.56,3.902,56.1,Acceptable,10.5,12.0
AD-000708,2026-02-10 09:27:34,18.81,4.9,4.526,0.2,Spoiled,0.0,99.5
AD-000709,2026-02-10 16:17:06,35.0,6.51,6.529,100.0,Good,9.0,7.0
AD-000710,2026-02-10 16:56:14,24.31,6.57,4.522,75.8,Good,10.5,5.3
AD-000711,2026-02-10 17:18:24,22.94,6.72,4.593,45.9,Poor,4.0,75.3
AD-000712,2026-02-11 01:32:24,39.38,6.54,6.332,43.5,Poor,2.0,99.0
AD-000713,2026-02-11 05:45:10,33.25,6.59,5.758,80.7,Good,6.0,51.7
AD-000714,2026-02-11 05:47:07,12.88,6.67,2.964,60.7,Acceptable,20.5,0.5
AD-000715,2026-02-11 05:54:22,22.81,6.7,4.739,54.5,Acceptable,7.0,37.0
AD-000716,2026-02-11 06:04:47,8.44,6.82,2.697,72.1,Acceptable,59.0,0.5
AD-000717,2026-02-11 06:27:02,19.56,6.58,3.796,67.0,Acceptable,12.0,5.3
AD-000718,2026-02-11 07:03:46,9.69,7.16,3.261,96.2,Good,71.0,0.5
AD-000719,2026-02-11 07:07:10,8.0,6.88,3.096,100.0,Good,108.5,0.5
AD-000720,2026-02-11 07:08:15,37.69,6.53,5.848,82.3,Good,6.0,46.0
AD-000721,2026-02-11 07:22:16,18.25,6.9,5.316,67.3,Acceptable,13.5,3.7
AD-000722,2026-02-11 07:30:43,32.44,6.48,5.665,46.2,Poor,3.0,96.7
AD-000723,2026-02-11 07:34:44,29.19,4.64,6.34,1.7,Spoiled,0.0,99.5
AD-000724,2026-02-11 07:40:30,10.88,6.81,2.999,59.6,Acceptable,27.5,0.5
AD-000725,2026-02-11 07:41:22,31.25,6.71,5.401,92.5,Good,8.5,14.3
AD-000726,2026-02-11 07:41:57,26.0,5.02,6.553,0.8,Spoiled,0.0,99.5
AD-000727,2026-02-11 07:49:53,36.12,6.62,5.678,90.4,Good,7.0,33.3
AD-000728,2026-02-11 07:54:51,32.94,6.64,5.362,75.5,Good,6.0,53.3
AD-000729,2026-02-11 08:29:27,10.06,6.59,2.801,28.8,Poor,5.5,52.3
AD-000730,2026-02-11 17:18:59,9.38,6.92,2.857,76.5,Good,49.5,0.5
AD-000731,2026-02-11 17:19:08,26.94,4.76,4.739,2.5,Spoiled,0.0,99.5
AD-000732,2026-02-11 17:21:43,31.06,6.51,4.926,99.1,Good,9.5,11.0
AD-000733,2026-02-11 17:23:51,8.06,6.7,2.478,99.7,Good,112.5,0.5
AD-000734,2026-02-11 17:24:40,34.88,6.44,5.794,68.2,Acceptable,5.0,70.0
AD-000735,2026-02-11 18:00:34,7.25,6.97,2.458,80.9,Good,84.0,0.5
AD-000736,2026-02-11 18:04:43,32.5,6.73,5.73,90.3,Good,7.5,26.0
AD-000737,2026-02-11 18:08:16,29.25,6.62,5.38,70.6,Acceptable,7.0,33.0
AD-000738,2026-02-11 18:47:29,32.62,5.44,6.333,0.0,Spoiled,0.0,99.5
AD-000739,2026-02-12 05:32:01,14.44,6.65,3.596,22.5,Spoiled,0.0,88.3
AD-000740,2026-02-12 05:35:06,19.12,5.1,4.017,1.3,Spoiled,0.0,99.5
AD-000741,2026-02-12 05:36:04,26.5,6.57,4.582,57.3,Acceptable,5.0,72.7
AD-000742,2026-02-12 05:36:52,23.06,5.33,5.364,0.0,Spoiled,0.0,99.5
AD-000743,2026-02-12 06:08:19,36.75,6.04,5.897,20.2,Spoiled,0.0,99.5
AD-000744,2026-02-12 06:38:00,10.88,6.75,3.102,90.9,Good,51.5,0.5
AD-000745,2026-02-12 06:51:25,5.81,6.74,2.431,81.1,Good,120.0,0.5
AD-000746,2026-02-12 07:14:44,15.06,6.78,3.603,56.9,Acceptable,17.0,2.3
AD-000747,2026-02-12 07:43:28,19.06,6.79,5.053,70.1,Acceptable,13.0,4.0
AD-000748,2026-02-12 07:46:08,26.5,6.6,5.469,40.7,Poor,2.5,92.3
AD-000749,2026-02-12 07:52:49,22.44,6.61,4.667,52.6,Acceptable,6.5,43.7
AD-000750,2026-02-12 07:53:29,11.88,6.86,3.366,71.2,Acceptable,34.5,0.5
AD-000751,2026-02-12 08:01:29,29.44,5.5,4.263,2.3,Spoiled,0.0,99.5
AD-000752,2026-02-12 08:15:26,13.5,6.8,3.308,43.0,Poor,10.5,17.3
AD-000753,2026-02-12 09:07:36,30.25,6.07,5.129,10.6,Spoiled,0.0,99.5
AD-000754,2026-02-12 09:19:50,19.81,6.69,4.058,47.4,Poor,7.5,36.3
AD-000755,2026-02-12 15:03:32,31.0,6.63,5.568,88.7,Good,8.5,15.3
AD-000756,2026-02-12 16:07:06,13.38,6.3,3.546,18.7,Spoiled,0.0,96.3
AD-000757,2026-02-12 16:59:02,31.0,6.58,5.955,47.2,Poor,3.0,94.7
AD-000758,2026-02-12 17:25:58,12.31,6.71,3.154,92.1,Good,43.0,0.5
AD-000759,2026-02-12 18:47:09,19.0,6.6,4.146,49.5,Poor,7.0,38.0
AD-000760,2026-02-12 19:18:19,7.81,5.69,3.567,0.0,Spoiled,0.0,99.5
AD-000761,2026-02-13 05:59:49,30.81,6.62,5.268,62.6,Acceptable,5.0,68.7
AD-000762,2026-02-13 06:39:18,35.81,6.62,5.52,72.0,Acceptable,5.0,74.0
AD-000763,2026-02-13 07:16:31,12.25,6.07,3.477,3.3,Spoiled,0.0,99.5
AD-000764,2026-02-13 07:47:37,31.56,6.48,5.036,73.2,Acceptable,6.0,47.7
AD-000765,2026-02-13 09:02:32,16.44,6.74,4.211,99.8,Good,32.5,0.5
AD-000766,2026-02-13 17:06:03,7.94,6.78,2.802,100.0,Good,110.0,0.5
AD-000767,2026-02-13 18:32:55,8.0,6.99,2.623,96.3,Good,94.5,0.5
AD-000768,2026-02-13 23:07:57,34.81,6.74,5.682,85.7,Good,6.5,33.3
AD-000769,2026-02-13 23:41:09,22.25,6.63,4.426,76.3,Good,12.5,1.7
AD-000770,2026-02-14 05:33:54,14.94,6.81,3.715,74.7,Acceptable,22.0,0.5
AD-000771,2026-02-14 05:39:07,4.31,6.88,2.469,89.3,Good,120.0,0.5
AD-000772,2026-02-14 05:39:29,34.56,6.69,4.657,99.8,Good,9.0,6.0
AD-000773,2026-02-14 06:04:14,6.94,6.62,2.643,42.2,Poor,24.5,11.3
AD-000774,2026-02-14 06:21:15,13.69,6.76,3.593,63.1,Acceptable,19.0,1.3
AD-000775,2026-02-14 06:31:33,34.75,6.54,5.515,90.4,Good,6.5,46.3
AD-000776,2026-02-14 06:57:01,31.56,6.59,5.629,64.9,Acceptable,5.5,61.3
AD-000777,2026-02-14 07:02:27,17.12,6.78,4.029,81.3,Good,21.5,0.5
AD-000778,2026-02-14 07:12:10,30.5,6.62,4.932,85.6,Good,8.5,19.3
AD-000779,2026-02-14 07:18:23,28.56,6.05,5.115,0.2,Spoiled,0.0,99.5
AD-000780,2026-02-14 07:27:13,11.56,7.02,4.11,81.7,Good,40.0,0.5
AD-000781,2026-02-14 07:41:48,15.56,6.89,4.321,82.9,Good,25.5,0.5
AD-000782,2026-02-14 07:50:53,21.81,5.02,5.502,0.6,Spoiled,0.0,99.5
AD-000783,2026-02-14 07:58:27,21.19,6.42,4.834,26.1,Poor,1.0,98.7
AD-000784,2026-02-14 08:01:43,4.25,6.9,2.277,100.0,Good,120.0,0.5
AD-000785,2026-02-14 08:16:41,33.69,6.66,5.541,87.0,Good,8.0,24.0
AD-000786,2026-02-14 08:38:25,7.12,6.9,2.556,75.9,Good,88.0,0.5
AD-000787,2026-02-14 09:21:17,10.0,6.84,3.163,86.1,Good,60.0,0.5
AD-000788,2026-02-14 09:22:55,29.75,6.77,5.841,76.3,Good,7.0,33.0
AD-000789,2026-02-14 16:10:52,23.5,6.71,4.108,71.4,Acceptable,9.5,11.3
AD-000790,2026-02-14 17:24:23,32.75,6.65,4.25,95.5,Good,8.5,15.0
AD-000791,2026-02-14 17:42:21,34.38,6.66,5.854,98.9,Good,7.5,20.7
AD-000792,2026-02-14 18:31:17,20.62,6.63,4.559,49.9,Poor,7.0,41.3
AD-000793,2026-02-14 19:07:10,11.12,6.14,3.062,0.1,Spoiled,0.0,99.0
AD-000794,2026-02-14 19:24:19,5.62,6.9,2.214,89.1,Good,120.0,0.5
AD-000795,2026-02-15 00:23:45,14.56,6.8,3.668,67.4,Acceptable,22.0,0.5
AD-000796,2026-02-15 05:38:05,6.69,6.94,2.926,88.5,Good,111.5,0.5
AD-000797,2026-02-15 05:38:56,12.62,5.54,3.626,1.1,Spoiled,0.0,99.5
AD-000798,2026-02-15 06:00:06,29.81,5.71,5.925,0.0,Spoiled,0.0,99.5
AD-000799,2026-02-15 06:26:36,10.38,6.8,3.472,87.6,Good,60.0,0.5
AD-000800,2026-02-15 06:42:40,39.25,4.73,6.459,1.2,Spoiled,0.0,99.5
AD-000801,2026-02-15 07:35:33,26.06,6.6,5.539,58.1,Acceptable,6.0,48.7
AD-000802,2026-02-15 07:56:23,14.88,6.89,3.605,65.9,Acceptable,20.5,0.5
AD-000803,2026-02-15 08:10:36,26.69,5.49,5.778,1.2,Spoiled,0.0,99.5
AD-000804,2026-02-15 08:47:34,35.94,6.46,5.899,81.3,Good,6.0,54.0
AD-000805,2026-02-15 16:29:53,35.88,6.61,5.169,83.2,Good,7.0,30.3
AD-000806,2026-02-15 16:32:27,31.44,4.98,7.633,0.0,Spoiled,0.0,99.5
AD-000807,2026-02-15 16:43:03,14.44,6.64,5.019,79.9,Good,30.5,0.5
AD-000808,2026-02-15 17:13:55,26.88,5.61,5.794,0.4,Spoiled,0.0,99.5
AD-000809,2026-02-15 17:23:54,20.81,6.7,4.592,62.7,Acceptable,10.0,11.3
AD-000810,2026-02-15 18:00:09,16.44,5.82,4.239,0.1,Spoiled,0.0,99.3
AD-000811,2026-02-15 18:32:45,6.0,7.02,2.686,93.3,Good,120.0,0.5
AD-000812,2026-02-15 19:00:57,36.31,5.26,7.09,0.5,Spoiled,0.0,99.5
AD-000813,2026-02-15 21:03:55,32.06,4.81,6.95,1.7,Spoiled,0.0,99.5
AD-000814,2026-02-16 05:35:39,16.06,6.77,3.307,77.3,Good,22.5,0.5
AD-000815,2026-02-16 06:00:43,10.94,6.96,3.304,53.2,Acceptable,23.5,0.7
AD-000816,2026-02-16 06:23:29,9.25,6.79,2.959,82.7,Good,60.0,0.5
AD-000817,2026-02-16 07:00:41,24.25,4.97,6.004,0.0,Spoiled,0.0,99.5
AD-000818,2026-02-16 07:33:20,26.38,6.71,5.301,98.1,Good,13.0,1.3
AD-000819,2026-02-16 08:40:01,36.44,6.41,6.189,28.5,Poor,0.5,99.5
AD-000820,2026-02-16 08:57:08,27.12,6.8,6.052,62.3,Acceptable,6.0,57.7
AD-000821,2026-02-16 16:16:48,16.25,6.88,3.654,94.7,Good,30.0,0.5
AD-000822,2026-02-16 16:43:26,25.62,6.64,5.025,47.6,Poor,4.0,77.7
AD-000823,2026-02-16 17:38:22,19.56,6.49,4.637,33.9,Poor,2.5,89.3
AD-000824,2026-02-16 18:07:41,7.12,6.8,2.562,100.0,Good,115.5,0.5
AD-000825,2026-02-16 18:12:46,5.88,6.84,2.45,89.3,Good,120.0,0.5
AD-000826,2026-02-16 18:43:49,7.81,6.72,2.334,80.0,Good,75.0,0.5
AD-000827,2026-02-17 05:47:46,22.81,6.62,4.926,61.9,Acceptable,8.5,20.7
AD-000828,2026-02-17 06:03:44,35.81,6.56,5.707,54.1,Acceptable,3.5,93.7
AD-000829,2026-02-17 06:16:34,28.62,6.17,5.39,7.0,Spoiled,0.0,99.5
AD-000830,2026-02-17 06:59:19,35.5,6.51,4.83,65.0,Acceptable,4.0,81.0
AD-000831,2026-02-17 07:01:07,31.5,6.68,5.32,88.2,Good,8.5,19.3
AD-000832,2026-02-17 07:04:34,30.5,6.73,4.909,82.1,Good,8.0,22.0
AD-000833,2026-02-17 07:14:17,15.62,6.75,3.377,67.9,Acceptable,19.0,0.5
AD-000834,2026-02-17 07:35:25,17.81,6.78,3.692,49.6,Poor,8.5,30.0
AD-000835,2026-02-17 07:52:13,26.12,6.66,5.011,57.3,Acceptable,5.5,55.3
AD-000836,2026-02-17 08:14:28,27.31,6.59,5.046,78.0,Good,8.5,21.0
AD-000837,2026-02-17 08:45:02,16.19,6.92,3.081,55.1,Acceptable,13.0,7.7
AD-000838,2026-02-17 09:11:07,12.94,6.81,3.445,79.3,Good,31.5,0.5
AD-000839,2026-02-17 16:34:02,30.81,6.72,5.475,70.5,Acceptable,6.0,57.7
AD-000840,2026-02-17 16:51:35,15.69,5.9,5.293,0.0,Spoiled,0.0,99.5
AD-000841,2026-02-17 17:01:33,35.25,6.58,5.39,85.5,Good,7.0,27.0
AD-000842,2026-02-17 17:01:46,36.88,6.55,5.422,94.8,Good,8.0,19.3
AD-000843,2026-02-17 17:20:17,39.19,5.03,6.418,2.4,Spoiled,0.0,99.5
AD-000844,2026-02-17 17:23:54,12.0,6.91,3.163,87.6,Good,44.0,0.5
AD-000845,2026-02-17 17:28:26,7.69,6.71,2.759,31.7,Poor,10.0,42.3
AD-000846,2026-02-17 18:00:42,13.69,6.93,3.844,71.5,Acceptable,26.0,0.5
AD-000847,2026-02-17 18:18:51,14.94,5.4,4.049,0.0,Spoiled,0.0,99.5
AD-000848,2026-02-17 18:43:48,30.12,6.62,5.309,69.4,Acceptable,6.0,54.3
AD-000849,2026-02-17 18:53:03,29.0,5.86,5.937,0.0,Spoiled,0.0,99.5
AD-000850,2026-02-17 19:22:09,25.62,6.67,5.08,66.9,Acceptable,7.5,28.7
AD-000851,2026-02-18 05:34:32,5.12,6.94,2.227,89.1,Good,120.0,0.5
AD-000852,2026-02-18 05:38:52,9.81,6.89,3.558,50.6,Acceptable,22.5,4.0
AD-000853,2026-02-18 06:53:40,8.38,6.83,2.378,86.8,Good,69.5,0.5
AD-000854,2026-02-18 07:38:17,15.56,6.4,3.878,16.6,Spoiled,0.0,99.3
AD-000855,2026-02-18 07:40:16,31.5,6.74,5.469,94.4,Good,9.0,13.0
AD-000856,2026-02-18 07:40:27,18.38,6.78,3.946,49.0,Poor,9.0,24.0
AD-000857,2026-02-18 08:19:32,14.56,6.78,3.308,78.3,Good,24.5,0.5
AD-000858,2026-02-18 08:20:01,37.0,6.48,6.244,98.1,Good,7.5,25.7
AD-000859,2026-02-18 08:44:41,36.5,6.62,7.059,89.7,Good,6.0,47.3
AD-000860,2026-02-18 09:26:30,28.25,6.54,5.016,81.2,Good,9.0,14.0
AD-000861,2026-02-18 16:04:00,13.31,6.5,3.728,21.1,Spoiled,0.0,92.3
AD-000862,2026-02-18 17:05:05,35.69,6.69,5.309,98.9,Good,7.5,20.7
AD-000863,2026-02-18 17:09:59,11.62,6.91,3.726,64.2,Acceptable,25.0,0.5
AD-000864,2026-02-18 17:28:05,34.69,6.72,5.816,71.1,Acceptable,5.0,71.0
AD-000865,2026-02-18 17:41:38,11.38,6.86,3.027,95.3,Good,49.0,0.5
AD-000866,2026-02-18 18:41:54,31.44,6.73,5.003,100.0,Good,9.0,8.7
AD-000867,2026-02-19 05:43:40,13.81,6.82,3.373,65.3,Acceptable,21.0,0.7
AD-000868,2026-02-19 05:57:39,17.69,6.43,4.704,26.5,Poor,1.5,90.7
AD-000869,2026-02-19 07:38:23,4.88,6.91,2.266,98.0,Good,120.0,0.5
AD-000870,2026-02-19 07:47:03,34.94,6.59,5.992,89.4,Good,7.5,31.0
AD-000871,2026-02-19 16:34:08,7.56,6.81,2.949,52.3,Acceptable,36.0,1.7
AD-000872,2026-02-19 17:04:00,30.44,6.74,4.731,89.7,Good,8.5,16.3
AD-000873,2026-02-19 17:23:52,30.38,6.72,5.551,57.3,Acceptable,4.5,78.0
AD-000874,2026-02-19 17:33:03,5.69,6.84,2.477,81.3,Good,99.0,0.5
AD-000875,2026-02-19 17:45:00,15.62,6.57,3.709,31.9,Poor,2.5,84.3
AD-000876,2026-02-19 17:46:56,21.38,4.85,4.868,0.0,Spoiled,0.0,99.5
AD-000877,2026-02-19 18:01:34,30.19,6.65,6.008,100.0,Good,10.5,5.0
AD-000878,2026-02-19 18:10:51,23.31,6.57,5.472,46.3,Poor,5.0,70.7
AD-000879,2026-02-19 18:12:20,16.62,5.08,4.524,0.0,Spoiled,0.0,99.5
AD-000880,2026-02-19 18:14:33,8.62,6.77,2.778,81.6,Good,71.0,0.5
AD-000881,2026-02-19 18:22:40,6.56,7.0,2.465,81.5,Good,101.5,0.5
AD-000882,2026-02-19 18:28:02,15.81,6.8,3.67,81.2,Good,23.5,0.5
AD-000883,2026-02-20 05:54:35,23.44,6.8,4.512,64.8,Acceptable,8.5,27.3
AD-000884,2026-02-20 06:01:36,7.62,6.77,3.095,93.5,Good,86.5,0.5
AD-000885,2026-02-20 06:07:44,12.31,6.86,3.414,99.7,Good,45.0,0.5
AD-000886,2026-02-20 06:36:31,36.75,6.52,5.786,70.0,Acceptable,4.5,79.3
AD-000887,2026-02-20 06:48:53,14.75,6.73,3.317,81.5,Good,26.0,0.5
AD-000888,2026-02-20 07:36:01,9.56,6.87,3.555,61.2,Acceptable,32.5,0.5
AD-000889,2026-02-20 08:08:26,31.69,6.56,5.096,85.7,Good,7.5,31.0
AD-000890,2026-02-20 08:26:08,8.88,6.85,3.093,78.3,Good,56.0,0.5
AD-000891,2026-02-20 09:05:28,10.5,6.77,2.825,77.5,Good,44.0,0.5
AD-000892,2026-02-20 09:08:12,8.69,6.91,2.54,81.0,Good,68.0,0.5
AD-000893,2026-02-20 09:12:26,34.44,6.64,6.681,70.3,Acceptable,5.0,62.0
AD-000894,2026-02-20 09:24:14,21.25,6.5,4.158,33.0,Poor,2.5,90.0
AD-000895,2026-02-20 16:47:16,11.38,6.82,3.465,62.1,Acceptable,28.5,0.5
AD-000896,2026-02-20 18:54:38,8.31,6.8,2.746,36.7,Poor,19.5,12.0
AD-000897,2026-02-20 19:18:57,21.62,6.85,3.972,93.3,Good,17.5,0.5
AD-000898,2026-02-21 07:03:44,4.0,6.85,2.039,91.9,Good,120.0,0.5
AD-000899,2026-02-21 07:08:27,12.88,6.56,3.344,18.7,Spoiled,0.0,94.0
AD-000900,2026-02-21 07:14:36,18.12,6.66,4.031,40.2,Poor,6.5,46.0
AD-000901,2026-02-21 07:52:29,29.69,6.54,4.982,81.1,Good,8.5,18.0
AD-000902,2026-02-21 07:58:17,11.56,6.86,3.854,88.6,Good,46.5,0.5
AD-000903,2026-02-21 08:18:01,26.69,4.99,5.903,1.1,Spoiled,0.0,99.5
AD-000904,2026-02-21 08:21:21,8.75,6.85,3.862,48.1,Poor,26.5,2.3
AD-000905,2026-02-21 08:21:26,37.12,6.38,5.535,72.9,Acceptable,4.0,87.3
AD-000906,2026-02-21 08:30:48,28.5,5.18,5.625,2.9,Spoiled,0.0,99.5
AD-000907,2026-02-21 08:32:46,17.62,6.74,3.903,66.1,Acceptable,16.0,1.3
AD-000908,2026-02-21 08:36:29,11.69,6.81,3.553,100.0,Good,55.5,0.5
AD-000909,2026-02-21 08:38:10,31.94,6.66,5.008,89.2,Good,8.0,20.3
AD-000910,2026-02-21 08:43:58,14.62,6.83,3.952,64.3,Acceptable,18.0,1.0
AD-000911,2026-02-21 08:56:52,15.62,6.88,4.007,33.1,Poor,4.0,73.0
AD-000912,2026-02-21 09:03:20,38.81,5.0,6.775,0.0,Spoiled,0.0,99.5
AD-000913,2026-02-21 09:28:17,32.44,6.59,5.954,85.6,Good,7.5,32.3
AD-000914,2026-02-21 16:25:56,28.62,6.57,4.857,59.8,Acceptable,5.5,60.3
AD-000915,2026-02-21 16:47:59,10.5,6.89,3.875,81.1,Good,51.5,0.5
AD-000916,2026-02-21 16:50:35,16.94,5.49,4.222,0.2,Spoiled,0.0,99.5
AD-000917,2026-02-21 17:00:22,9.06,6.84,3.113,67.4,Acceptable,47.5,0.5
AD-000918,2026-02-21 17:19:19,13.12,6.66,3.431,50.1,Acceptable,13.5,11.3
AD-000919,2026-02-21 17:21:55,9.69,6.87,4.4,88.8,Good,62.5,0.5
AD-000920,2026-02-21 18:48:42,4.88,6.93,2.231,95.2,Good,120.0,0.5
AD-000921,2026-02-22 05:38:31,11.31,6.81,3.182,57.6,Acceptable,26.5,0.5
AD-000922,2026-02-22 05:46:57,35.38,6.64,5.346,77.0,Good,5.5,54.7
AD-000923,2026-02-22 06:12:36,17.0,5.98,4.899,0.0,Spoiled,0.0,99.5
AD-000924,2026-02-22 06:12:39,15.69,6.86,3.155,67.6,Acceptable,20.0,0.5
AD-000925,2026-02-22 07:13:01,24.81,6.45,5.23,32.6,Poor,0.0,99.0
AD-000926,2026-02-22 07:27:14,18.31,6.54,3.474,37.2,Poor,4.0,74.7
AD-000927,2026-02-22 07:34:17,9.62,6.93,2.778,76.0,Good,51.0,0.5
AD-000928,2026-02-22 07:44:03,7.06,6.99,3.032,88.0,Good,92.0,0.5
AD-000929,2026-02-22 08:00:25,23.5,6.71,4.282,55.6,Acceptable,6.5,46.7
AD-000930,2026-02-22 08:30:04,30.38,6.66,5.902,83.6,Good,7.5,24.0
AD-000931,2026-02-22 08:43:19,17.75,6.77,4.012,71.8,Acceptable,17.0,0.5
AD-000932,2026-02-22 08:43:39,11.62,6.19,3.364,8.1,Spoiled,0.0,92.7
AD-000933,2026-02-22 08:58:54,34.38,5.28,6.317,0.0,Spoiled,0.0,99.5
AD-000934,2026-02-22 09:04:49,27.81,6.39,6.284,30.2,Poor,1.0,99.3
AD-000935,2026-02-22 09:23:07,8.38,6.87,3.63,85.2,Good,81.0,0.5
AD-000936,2026-02-22 09:28:28,12.69,6.82,4.365,68.8,Acceptable,27.0,0.5
AD-000937,2026-02-22 12:53:23,31.62,6.72,5.385,78.4,Good,6.5,39.3
AD-000938,2026-02-22 17:22:25,12.62,6.85,3.787,67.8,Acceptable,27.0,0.5
AD-000939,2026-02-22 18:44:54,30.0,6.64,5.235,75.2,Good,7.0,33.3
AD-000940,2026-02-23 05:32:21,18.69,6.72,4.016,61.8,Acceptable,12.0,5.3
AD-000941,2026-02-23 05:52:44,33.62,6.63,5.729,81.8,Good,7.0,35.0
AD-000942,2026-02-23 06:02:01,13.75,6.14,4.577,1.4,Spoiled,0.0,99.5
AD-000943,2026-02-23 06:03:17,19.75,6.81,4.052,72.4,Acceptable,14.0,1.7
AD-000944,2026-02-23 06:15:50,7.12,6.7,2.703,79.4,Good,86.5,0.5
AD-000945,2026-02-23 06:33:49,10.12,6.73,2.519,64.5,Acceptable,38.5,0.5
AD-000946,2026-02-23 06:46:57,5.56,6.8,1.915,74.7,Acceptable,104.0,0.5
AD-000947,2026-02-23 06:49:44,23.31,6.67,4.459,87.1,Good,14.0,1.0
AD-000948,2026-02-23 07:14:58,8.75,6.76,2.795,92.1,Good,77.5,0.5
AD-000949,2026-02-23 08:07:09,14.0,6.09,3.895,7.5,Spoiled,0.0,99.5
AD-000950,2026-02-23 08:49:09,5.19,6.96,3.256,89.8,Good,120.0,0.5
AD-000951,2026-02-23 16:37:20,40.06,4.98,7.767,0.0,Spoiled,0.0,99.5
AD-000952,2026-02-23 16:49:28,34.94,6.74,4.965,98.0,Good,8.5,10.7
AD-000953,2026-02-23 16:56:38,23.31,6.19,5.174,14.2,Spoiled,0.0,99.3
AD-000954,2026-02-23 17:51:42,36.94,6.55,6.959,84.9,Good,6.0,53.3
AD-000955,2026-02-23 18:03:36,39.5,5.46,7.345,0.0,Spoiled,0.0,99.5
AD-000956,2026-02-23 18:21:58,17.38,6.67,4.442,57.1,Acceptable,12.5,6.7
AD-000957,2026-02-23 18:31:02,4.19,6.9,2.078,96.5,Good,120.0,0.5
AD-000958,2026-02-24 05:35:23,17.69,6.73,3.683,62.7,Acceptable,14.0,2.0
AD-000959,2026-02-24 05:42:36,30.81,6.71,5.426,71.9,Acceptable,6.5,49.0
AD-000960,2026-02-24 05:57:59,21.69,6.65,4.493,39.4,Poor,3.5,81.7
AD-000961,2026-02-24 06:10:37,9.56,6.86,3.962,100.0,Good,74.0,0.5
AD-000962,2026-02-24 06:57:35,34.44,6.51,5.818,83.3,Good,7.5,28.7
AD-000963,2026-02-24 07:22:35,4.88,6.69,2.21,79.4,Good,120.0,0.5
AD-000964,2026-02-24 07:51:52,11.5,6.83,3.417,81.8,Good,44.5,0.5
AD-000965,2026-02-24 08:23:58,13.5,6.78,3.303,92.1,Good,36.5,0.5
AD-000966,2026-02-24 08:28:40,29.56,5.94,4.961,0.0,Spoiled,0.0,99.5
AD-000967,2026-02-24 08:40:15,11.5,6.81,3.045,40.7,Poor,11.0,24.3
AD-000968,2026-02-24 08:58:35,10.31,6.67,3.528,36.9,Poor,11.0,27.7
AD-000969,2026-02-24 09:01:38,11.75,6.8,3.426,100.0,Good,54.0,0.5
AD-000970,2026-02-24 09:14:34,18.81,6.67,4.428,62.3,Acceptable,13.0,4.0
AD-000971,2026-02-24 09:24:16,14.31,6.81,3.257,65.9,Acceptable,20.0,1.3
AD-000972,2026-02-24 14:22:54,23.81,6.7,4.169,55.7,Acceptable,6.0,54.7
AD-000973,2026-02-24 16:08:39,36.75,6.55,6.343,70.4,Acceptable,5.5,67.0
AD-000974,2026-02-24 16:19:56,17.12,5.99,3.52,0.0,Spoiled,0.0,99.5
AD-000975,2026-02-24 17:40:56,25.94,6.82,5.98,85.1,Good,11.0,3.0
AD-000976,2026-02-24 17:58:32,32.69,5.2,5.663,0.0,Spoiled,0.0,99.5
AD-000977,2026-02-24 18:08:40,13.81,6.77,3.61,85.3,Good,35.0,0.5
AD-000978,2026-02-24 19:15:07,29.06,6.64,5.416,86.7,Good,9.0,11.7
AD-000979,2026-02-25 05:43:19,18.44,5.2,4.807,2.0,Spoiled,0.0,99.5
AD-000980,2026-02-25 06:02:34,8.44,6.88,2.677,90.2,Good,80.0,0.5
AD-000981,2026-02-25 06:24:32,8.56,6.7,2.954,83.3,Good,73.0,0.5
AD-000982,2026-02-25 06:25:14,34.69,6.61,5.021,100.0,Good,8.5,12.0
AD-000983,2026-02-25 06:53:58,15.5,6.71,4.524,58.2,Acceptable,15.5,2.7
AD-000984,2026-02-25 07:03:59,8.69,6.86,2.462,71.5,Acceptable,56.5,0.5
AD-000985,2026-02-25 07:41:40,25.06,6.65,5.058,49.5,Poor,4.5,75.0
AD-000986,2026-02-25 07:54:40,37.25,6.52,6.06,98.6,Good,7.0,28.0
AD-000987,2026-02-25 08:02:59,16.69,6.81,3.337,64.1,Acceptable,17.0,2.0
AD-000988,2026-02-25 08:39:25,19.56,5.06,4.756,0.0,Spoiled,0.0,99.5
AD-000989,2026-02-25 09:19:44,34.44,6.59,5.965,68.1,Acceptable,5.0,77.0
AD-000990,2026-02-25 09:29:15,7.5,7.03,2.89,100.0,Good,103.0,0.5
AD-000991,2026-02-25 16:39:14,17.31,6.78,3.999,97.8,Good,27.5,0.5
AD-000992,2026-02-25 16:39:54,6.69,6.96,2.27,79.4,Good,98.0,0.5
AD-000993,2026-02-25 16:53:28,14.69,6.49,3.638,29.1,Poor,2.5,79.7
AD-000994,2026-02-25 17:15:08,12.44,6.9,3.517,93.6,Good,46.5,0.5
AD-000995,2026-02-25 17:58:35,32.19,6.57,5.004,82.3,Good,7.0,35.7
AD-000996,2026-02-25 18:16:30,11.94,6.84,3.067,69.2,Acceptable,32.0,0.5
AD-000997,2026-02-25 18:18:51,17.75,6.7,3.855,28.2,Poor,2.0,87.3
AD-000998,2026-02-25 18:23:55,17.94,5.84,4.227,0.0,Spoiled,0.0,99.5
AD-000999,2026-02-25 18:42:03,12.69,6.72,3.184,60.1,Acceptable,21.0,2.3
AD-001000,2026-02-26 06:03:58,28.5,6.68,5.448,57.1,Acceptable,5.0,71.3
AD-001001,2026-02-26 06:04:55,7.62,6.76,2.735,92.4,Good,105.5,0.5
AD-001002,2026-02-26 06:10:41,22.94,6.73,4.49,67.1,Acceptable,10.0,11.7
AD-001003,2026-02-26 06:23:56,35.25,6.61,5.975,54.8,Acceptable,3.0,96.3
AD-001004,2026-02-26 06:36:48,34.88,6.61,5.717,91.6,Good,7.0,37.0
AD-001005,2026-02-26 07:31:07,18.62,6.81,4.681,64.3,Acceptable,13.0,4.0
AD-001006,2026-02-26 07:37:53,36.31,6.59,5.737,61.0,Acceptable,3.5,91.0
AD-001007,2026-02-26 07:48:44,8.75,6.53,2.969,25.6,Poor,0.0,76.0
AD-001008,2026-02-26 08:03:56,31.81,6.57,5.682,85.6,Good,7.5,27.7
AD-001009,2026-02-26 08:05:34,36.81,4.9,7.24,0.0,Spoiled,0.0,99.5
AD-001010,2026-02-26 08:11:33,21.12,6.58,4.641,27.6,Poor,1.0,97.0
AD-001011,2026-02-26 08:35:58,31.56,5.28,6.748,0.0,Spoiled,0.0,99.5
AD-001012,2026-02-26 08:37:13,33.44,6.6,5.804,94.4,Good,8.0,18.0
AD-001013,2026-02-26 08:37:30,5.38,6.84,2.184,79.7,Good,120.0,0.5
AD-001014,2026-02-26 08:43:31,33.5,6.45,5.09,41.7,Poor,2.0,99.3
AD-001015,2026-02-26 09:21:40,38.62,6.58,6.7,74.8,Acceptable,4.5,72.3
AD-001016,2026-02-26 16:02:32,19.0,6.66,3.743,72.4,Acceptable,16.5,0.5
AD-001017,2026-02-26 16:14:54,7.81,6.87,2.766,95.2,Good,108.5,0.5
AD-001018,2026-02-26 17:29:38,31.75,6.52,5.279,78.1,Good,7.0,35.3
AD-001019,2026-02-26 18:10:11,11.94,6.87,2.926,88.2,Good,47.5,0.5
AD-001020,2026-02-27 06:16:24,8.81,6.95,2.513,94.8,Good,76.5,0.5
AD-001021,2026-02-27 06:50:16,14.75,6.8,3.103,89.6,Good,32.0,0.5
AD-001022,2026-02-27 06:58:41,17.38,6.77,3.572,63.9,Acceptable,15.0,0.7
AD-001023,2026-02-27 07:09:58,12.31,6.88,3.699,40.3,Poor,12.0,16.0
AD-001024,2026-02-27 07:24:33,31.56,5.7,5.791,0.9,Spoiled,0.0,99.5
AD-001025,2026-02-27 07:43:11,23.62,4.98,5.373,0.0,Spoiled,0.0,99.5
AD-001026,2026-02-27 07:47:18,33.94,6.65,4.98,100.0,Good,8.5,14.7
AD-001027,2026-02-27 07:52:53,18.75,6.81,3.807,60.8,Acceptable,11.5,8.0
AD-001028,2026-02-27 07:54:45,16.88,6.73,4.22,73.1,Acceptable,18.5,0.5
AD-001029,2026-02-27 08:55:38,26.44,5.4,5.591,0.0,Spoiled,0.0,99.5
AD-001030,2026-02-27 09:17:56,39.12,6.47,5.786,40.0,Poor,1.0,99.5
AD-001031,2026-02-27 16:00:26,8.56,6.8,3.505,67.0,Acceptable,52.5,0.5
AD-001032,2026-02-27 16:03:19,6.62,6.97,2.469,73.1,Acceptable,87.0,0.5
AD-001033,2026-02-27 18:01:04,10.0,6.84,2.413,51.0,Acceptable,25.5,3.7
AD-001034,2026-02-27 18:24:05,29.75,6.59,5.094,75.5,Good,7.5,34.0
AD-001035,2026-02-27 18:45:33,30.56,5.39,6.48,0.0,Spoiled,0.0,99.5
AD-001036,2026-02-27 18:48:17,4.5,6.89,2.378,99.1,Good,120.0,0.5
AD-001037,2026-02-28 05:38:55,34.44,6.58,5.964,99.4,Good,9.5,6.7
AD-001038,2026-02-28 05:56:36,17.38,6.67,4.286,35.3,Poor,4.5,68.0
AD-001039,2026-02-28 06:15:25,29.44,6.84,5.177,67.6,Acceptable,6.0,43.7
AD-001040,2026-02-28 06:20:43,16.44,5.47,4.065,0.5,Spoiled,0.0,99.5
AD-001041,2026-02-28 06:26:09,24.88,4.83,5.963,0.0,Spoiled,0.0,99.5
AD-001042,2026-02-28 06:34:14,10.5,5.29,3.815,3.0,Spoiled,0.0,99.5
AD-001043,2026-02-28 06:34:50,26.81,5.01,6.116,0.2,Spoiled,0.0,99.5
AD-001044,2026-02-28 06:39:15,36.81,5.55,6.486,0.0,Spoiled,0.0,99.5
AD-001045,2026-02-28 06:44:37,6.06,6.82,3.137,82.5,Good,120.0,0.5
AD-001046,2026-02-28 06:59:06,31.5,6.59,5.219,99.6,Good,9.5,7.3
AD-001047,2026-02-28 07:42:18,9.75,6.8,3.027,76.7,Good,50.5,0.5
AD-001048,2026-02-28 08:22:06,25.06,6.62,4.681,79.0,Good,11.0,4.3
AD-001049,2026-02-28 16:18:41,9.19,6.83,3.724,73.3,Acceptable,44.5,0.5
AD-001050,2026-02-28 16:32:58,8.88,6.81,2.912,88.7,Good,82.5,0.5
AD-001051,2026-02-28 17:39:10,32.06,6.71,5.88,56.6,Acceptable,4.0,86.3
AD-001052,2026-02-28 18:34:29,30.38,6.79,5.688,78.2,Good,7.5,28.3
AD-001053,2026-02-28 18:35:36,34.56,6.55,5.686,74.1,Acceptable,5.0,67.3
AD-001054,2026-02-28 18:35:45,12.25,6.79,3.066,95.2,Good,48.0,0.5
AD-001055,2026-02-28 19:15:21,15.38,6.83,3.402,96.0,Good,32.0,0.5
AD-001056,2026-03-01 05:45:58,15.12,6.89,3.911,68.3,Acceptable,20.0,0.5
AD-001057,2026-03-01 05:58:23,18.19,5.31,4.356,3.0,Spoiled,0.0,99.5
AD-001058,2026-03-01 06:15:13,15.62,6.74,4.046,57.8,Acceptable,14.5,2.0
AD-001059,2026-03-01 06:23:46,37.19,6.56,5.935,89.2,Good,6.0,46.3
AD-001060,2026-03-01 06:43:18,23.81,5.13,4.956,0.9,Spoiled,0.0,99.5
AD-001061,2026-03-01 06:56:11,34.56,6.45,5.672,63.7,Acceptable,4.0,83.7
AD-001062,2026-03-01 07:23:26,5.88,6.87,2.264,100.0,Good,120.0,0.5
AD-001063,2026-03-01 07:28:57,16.75,6.21,3.644,14.0,Spoiled,0.0,99.3
AD-001064,2026-03-01 07:30:17,16.19,6.76,3.307,57.2,Acceptable,13.5,3.7
AD-001065,2026-03-01 08:10:05,9.25,6.85,2.929,87.8,Good,68.0,0.5
AD-001066,2026-03-01 08:23:19,21.88,6.63,3.978,61.9,Acceptable,9.0,11.0
AD-001067,2026-03-01 08:42:53,5.88,6.79,1.984,92.5,Good,120.0,0.5
AD-001068,2026-03-01 16:33:24,35.44,6.72,6.303,69.8,Acceptable,4.5,80.0
AD-001069,2026-03-01 16:54:25,13.56,6.94,3.915,73.7,Acceptable,26.5,0.5
AD-001070,2026-03-02 06:21:27,5.62,6.9,2.516,94.7,Good,120.0,0.5
AD-001071,2026-03-02 06:43:59,29.5,6.52,4.303,76.6,Good,7.5,30.0
AD-001072,2026-03-02 06:53:22,13.38,6.58,3.614,15.5,Spoiled,0.0,97.7
AD-001073,2026-03-02 07:23:28,9.75,6.85,2.753,94.9,Good,75.0,0.5
AD-001074,2026-03-02 08:26:44,8.62,6.88,2.693,92.7,Good,77.5,0.5
AD-001075,2026-03-02 08:29:20,14.31,6.7,3.443,91.4,Good,35.0,0.5
AD-001076,2026-03-02 08:32:41,32.75,6.71,5.066,93.4,Good,8.0,16.0
AD-001077,2026-03-02 09:25:13,12.94,6.52,4.167,30.7,Poor,3.0,76.0
AD-001078,2026-03-02 16:21:51,21.06,5.24,4.377,2.7,Spoiled,0.0,99.5
AD-001079,2026-03-02 18:18:21,35.0,6.41,5.124,100.0,Good,9.5,7.3
AD-001080,2026-03-03 01:56:55,7.69,6.94,2.129,94.1,Good,110.5,0.5
AD-001081,2026-03-03 06:35:04,35.69,6.52,6.177,87.3,Good,6.5,41.0
AD-001082,2026-03-03 06:42:13,35.88,6.54,5.904,94.9,Good,6.5,32.0
AD-001083,2026-03-03 06:57:00,8.81,6.81,2.866,88.0,Good,72.5,0.5
AD-001084,2026-03-03 07:29:18,36.31,6.54,5.961,72.6,Acceptable,4.5,81.3
AD-001085,2026-03-03 07:43:57,24.69,5.23,5.422,2.8,Spoiled,0.0,99.5
AD-001086,2026-03-03 08:02:56,10.25,6.87,2.949,99.8,Good,69.0,0.5
AD-001087,2026-03-03 08:33:15,14.25,6.68,3.649,67.2,Acceptable,21.0,0.5
AD-001088,2026-03-03 09:26:30,23.38,5.21,5.228,0.2,Spoiled,0.0,99.5
AD-001089,2026-03-03 16:55:04,31.31,6.67,5.863,84.6,Good,7.0,30.3
AD-001090,2026-03-03 17:09:13,15.06,6.77,3.718,64.9,Acceptable,18.5,1.0
AD-001091,2026-03-03 17:48:25,13.5,6.62,3.612,34.9,Poor,7.0,44.0
AD-001092,2026-03-03 18:02:46,22.19,6.59,5.142,29.4,Poor,1.5,97.0
AD-001093,2026-03-03 18:26:05,21.38,6.64,4.096,86.9,Good,16.0,0.5
AD-001094,2026-03-03 18:31:30,25.56,6.63,5.271,74.6,Acceptable,9.5,9.3
AD-001095,2026-03-03 18:55:08,37.19,6.21,6.33,29.3,Poor,0.5,99.5
AD-001096,2026-03-03 18:58:14,14.62,6.81,3.434,81.6,Good,32.0,0.5
AD-001097,2026-03-03 19:10:32,28.5,6.45,5.648,26.8,Poor,0.5,99.5
AD-001098,2026-03-03 19:20:26,7.69,6.82,3.014,48.7,Poor,30.0,2.3
AD-001099,2026-03-04 07:01:53,37.62,6.66,6.258,74.1,Acceptable,5.0,70.3
AD-001100,2026-03-04 08:11:44,22.94,4.92,4.712,0.0,Spoiled,0.0,99.5
AD-001101,2026-03-04 08:33:56,31.81,6.66,5.655,78.3,Good,6.5,42.3
AD-001102,2026-03-04 08:40:51,34.81,6.62,4.268,86.2,Good,7.0,29.0
AD-001103,2026-03-04 08:45:38,11.94,6.89,3.03,73.8,Acceptable,33.5,0.5
AD-001104,2026-03-04 08:56:06,34.62,6.58,5.711,70.6,Acceptable,5.0,70.3
AD-001105,2026-03-04 09:08:52,6.88,6.93,2.808,89.2,Good,113.0,0.5
AD-001106,2026-03-04 09:20:33,6.0,6.94,2.645,76.5,Good,109.0,0.5
AD-001107,2026-03-04 17:58:50,11.94,6.65,2.903,30.7,Poor,0.5,78.0
AD-001108,2026-03-04 18:38:50,22.56,6.69,5.087,59.2,Acceptable,7.5,26.7
AD-001109,2026-03-04 19:19:50,27.56,6.92,5.943,90.4,Good,11.5,3.3
AD-001110,2026-03-05 05:37:52,31.88,5.06,7.209,0.0,Spoiled,0.0,99.5
AD-001111,2026-03-05 05:40:20,11.62,6.85,3.291,54.6,Acceptable,20.0,2.3
AD-001112,2026-03-05 05:47:48,15.12,6.74,3.109,68.3,Acceptable,18.5,0.7
AD-001113,2026-03-05 06:02:28,33.0,6.53,5.737,80.1,Good,6.5,41.0
AD-001114,2026-03-05 06:47:03,7.5,6.84,2.382,99.5,Good,117.0,0.5
AD-001115,2026-03-05 06:58:00,7.88,6.83,2.777,77.8,Good,66.5,0.5
AD-001116,2026-03-05 07:00:59,7.69,6.88,2.495,55.0,Acceptable,42.5,0.5
AD-001117,2026-03-05 07:10:41,14.19,6.73,3.468,44.2,Poor,11.0,20.7
AD-001118,2026-03-05 07:38:31,32.75,6.65,5.385,61.2,Acceptable,4.0,86.3
AD-001119,2026-03-05 07:43:24,16.62,6.74,4.605,87.5,Good,24.0,0.5
AD-001120,2026-03-05 07:44:57,17.38,6.78,4.073,56.4,Acceptable,13.5,5.0
AD-001121,2026-03-05 07:50:44,12.5,6.88,2.907,71.7,Acceptable,30.0,0.5
AD-001122,2026-03-05 08:08:28,6.5,6.84,2.43,74.8,Acceptable,91.0,0.5
AD-001123,2026-03-05 08:10:25,36.25,6.53,6.052,95.9,Good,7.0,35.7
AD-001124,2026-03-05 08:37:27,8.94,6.75,2.902,98.2,Good,86.5,0.5
AD-001125,2026-03-05 09:10:10,37.19,6.53,5.524,91.6,Good,6.0,52.0
AD-001126,2026-03-05 09:10:23,25.69,6.59,4.585,62.7,Acceptable,7.0,35.0
AD-001127,2026-03-05 09:26:51,13.19,6.6,3.677,73.5,Acceptable,27.5,0.5
AD-001128,2026-03-05 09:29:45,34.12,6.57,5.566,86.1,Good,6.5,32.3
AD-001129,2026-03-05 16:03:38,29.56,5.27,5.489,0.0,Spoiled,0.0,99.5
AD-001130,2026-03-05 17:09:03,34.56,4.77,6.542,0.0,Spoiled,0.0,99.5
AD-001131,2026-03-05 18:59:06,17.62,6.67,3.882,72.4,Acceptable,17.5,1.0
AD-001132,2026-03-06 05:52:29,23.38,6.72,4.173,79.4,Good,12.0,2.0
AD-001133,2026-03-06 06:54:41,21.62,6.73,4.751,45.0,Poor,5.0,63.3
AD-001134,2026-03-06 07:01:06,13.38,6.88,3.318,49.8,Poor,13.0,13.0
AD-001135,2026-03-06 07:19:40,25.06,5.05,5.88,0.9,Spoiled,0.0,99.5
AD-001136,2026-03-06 08:26:02,17.69,6.67,4.016,46.2,Poor,8.0,26.0
AD-001137,2026-03-06 09:06:02,30.62,6.74,6.791,76.4,Good,7.0,31.7
AD-001138,2026-03-06 09:16:52,10.88,6.93,3.901,77.2,Good,40.5,0.5
AD-001139,2026-03-06 09:27:38,34.62,6.64,5.952,93.4,Good,7.5,23.3
AD-001140,2026-03-06 16:17:36,17.56,5.69,4.07,0.0,Spoiled,0.0,99.5
AD-001141,2026-03-06 16:32:01,3.94,6.94,2.17,91.4,Good,120.0,0.5
AD-001142,2026-03-06 16:47:51,38.19,5.13,6.551,0.0,Spoiled,0.0,99.5
AD-001143,2026-03-06 17:15:36,12.44,6.87,2.937,60.0,Acceptable,22.5,1.0
AD-001144,2026-03-06 17:23:26,6.44,6.96,2.881,86.8,Good,119.5,0.5
AD-001145,2026-03-06 18:03:12,13.38,7.01,4.234,88.4,Good,35.5,0.5
AD-001146,2026-03-06 18:11:11,13.19,6.59,3.541,28.7,Poor,2.5,72.3
AD-001147,2026-03-06 18:44:26,29.25,6.36,5.243,32.3,Poor,1.5,99.5
AD-001148,2026-03-06 18:45:50,31.44,6.72,5.204,70.9,Acceptable,6.0,43.3
AD-001149,2026-03-06 18:57:36,23.38,5.4,5.088,0.0,Spoiled,0.0,99.5
AD-001150,2026-03-06 19:23:40,28.88,6.53,5.052,41.9,Poor,2.5,93.7
AD-001151,2026-03-06 23:01:23,33.94,6.73,5.878,96.6,Good,8.0,16.0
AD-001152,2026-03-07 05:42:19,28.0,6.52,5.352,55.6,Acceptable,5.0,68.3
AD-001153,2026-03-07 06:07:15,14.75,6.6,3.99,35.8,Poor,5.5,54.0
AD-001154,2026-03-07 06:14:22,14.75,6.8,3.623,92.5,Good,35.0,0.5
AD-001155,2026-03-07 06:43:48,33.38,6.5,5.938,37.1,Poor,1.0,99.5
AD-001156,2026-03-07 06:45:02,30.62,6.6,4.879,70.0,Acceptable,6.0,57.0
AD-001157,2026-03-07 07:01:46,27.5,5.1,6.884,1.8,Spoiled,0.0,99.5
AD-001158,2026-03-07 07:21:15,7.0,6.79,2.557,98.8,Good,120.0,0.5
AD-001159,2026-03-07 07:30:56,25.75,4.89,5.62,0.0,Spoiled,0.0,99.5
AD-001160,2026-03-07 07:44:41,19.0,6.78,4.78,59.9,Acceptable,12.0,4.7
AD-001161,2026-03-07 08:13:26,14.44,6.34,3.555,12.8,Spoiled,0.0,99.0
AD-001162,2026-03-07 08:13:56,13.94,6.75,3.019,100.0,Good,48.5,0.5
AD-001163,2026-03-07 08:19:01,11.69,6.79,3.105,55.9,Acceptable,22.0,0.5
AD-001164,2026-03-07 09:01:03,26.56,6.58,5.116,42.7,Poor,3.0,90.3
AD-001165,2026-03-07 09:48:44,25.75,6.73,4.199,75.8,Good,10.0,7.7
AD-001166,2026-03-07 12:13:30,31.88,6.73,4.799,83.9,Good,7.0,31.7
AD-001167,2026-03-07 16:47:43,34.31,6.54,5.702,80.5,Good,6.0,43.0
AD-001168,2026-03-07 17:20:23,11.69,6.75,3.356,87.7,Good,46.0,0.5
AD-001169,2026-03-07 18:30:53,32.62,6.57,6.084,81.4,Good,7.0,36.0
AD-001170,2026-03-08 05:31:17,10.81,6.6,3.16,31.7,Poor,8.5,38.3
AD-001171,2026-03-08 05:44:00,7.19,6.85,2.559,94.8,Good,111.0,0.5
AD-001172,2026-03-08 06:23:55,15.44,5.74,4.293,1.9,Spoiled,0.0,99.5
AD-001173,2026-03-08 06:29:59,14.62,6.76,3.337,86.1,Good,32.0,0.5
AD-001174,2026-03-08 06:41:00,7.44,6.85,3.108,81.9,Good,79.5,0.5
AD-001175,2026-03-08 06:59:06,36.88,6.62,5.81,78.2,Good,6.0,53.3
AD-001176,2026-03-08 07:16:26,37.06,6.75,5.866,70.2,Acceptable,5.0,70.3
AD-001177,2026-03-08 07:23:09,32.5,6.6,4.957,78.5,Good,7.0,40.7
AD-001178,2026-03-08 07:58:37,37.5,6.69,5.928,83.1,Good,5.5,65.3
AD-001179,2026-03-08 07:58:48,12.81,6.44,3.086,23.5,Spoiled,0.0,87.7
AD-001180,2026-03-08 08:41:52,12.5,6.77,3.442,41.3,Poor,11.0,25.0
AD-001181,2026-03-08 09:02:52,2.5,6.86,2.642,95.9,Good,120.0,0.5
AD-001182,2026-03-08 09:23:06,26.69,6.62,4.655,83.2,Good,10.5,7.7
AD-001183,2026-03-08 09:24:51,12.69,6.63,3.563,57.8,Acceptable,19.5,1.7
AD-001184,2026-03-08 12:00:12,36.06,6.63,5.229,76.5,Good,5.5,57.3
AD-001185,2026-03-08 18:13:03,28.12,6.52,5.156,52.9,Acceptable,4.5,72.7
AD-001186,2026-03-08 18:15:01,31.69,6.65,6.107,86.8,Good,7.5,27.0
AD-001187,2026-03-08 18:19:28,15.38,5.47,5.148,0.0,Spoiled,0.0,99.5
AD-001188,2026-03-08 18:53:41,34.56,6.53,5.411,85.0,Good,6.5,44.7
AD-001189,2026-03-08 19:14:11,38.0,6.54,6.247,96.6,Good,6.5,39.7
AD-001190,2026-03-08 19:22:07,19.38,6.75,4.552,80.0,Good,16.0,0.7
AD-001191,2026-03-09 05:31:35,17.88,6.05,4.146,0.0,Spoiled,0.0,99.5
AD-001192,2026-03-09 05:52:06,18.69,6.75,3.938,53.6,Acceptable,10.0,14.7
AD-001193,2026-03-09 06:02:24,10.19,6.83,3.26,57.5,Acceptable,28.5,0.5
AD-001194,2026-03-09 07:01:48,15.88,6.75,3.854,66.6,Acceptable,17.5,0.7
AD-001195,2026-03-09 07:09:30,8.56,6.42,2.819,24.1,Spoiled,1.5,70.0
AD-001196,2026-03-09 07:39:33,38.25,6.53,5.401,70.2,Acceptable,4.5,85.7
AD-001197,2026-03-09 07:56:23,33.19,6.54,5.504,72.5,Acceptable,5.5,63.7
AD-001198,2026-03-09 08:01:48,12.69,6.95,3.252,100.0,Good,46.0,0.5
AD-001199,2026-03-09 08:04:57,4.5,6.8,2.107,97.6,Good,120.0,0.5
AD-001200,2026-03-09 08:08:31,35.0,6.57,5.448,85.0,Good,6.0,44.3
AD-001201,2026-03-09 08:14:52,17.81,6.92,2.937,73.5,Acceptable,18.0,0.5
AD-001202,2026-03-09 08:15:18,23.75,6.62,5.178,73.7,Acceptable,9.5,10.0
AD-001203,2026-03-09 08:29:10,7.0,6.95,2.575,92.1,Good,108.0,0.5
AD-001204,2026-03-09 08:52:32,8.12,6.87,2.581,99.5,Good,101.0,0.5
AD-001205,2026-03-09 08:54:02,36.25,6.54,6.274,98.3,Good,9.0,9.7
AD-001206,2026-03-09 08:59:22,20.69,6.86,5.284,73.0,Acceptable,13.5,0.5
AD-001207,2026-03-09 09:03:24,34.25,6.71,5.83,77.1,Good,6.0,55.0
AD-001208,2026-03-09 09:06:39,15.5,6.76,3.213,80.9,Good,26.5,0.5
AD-001209,2026-03-09 09:19:08,7.38,6.97,2.921,65.9,Acceptable,62.0,0.5
AD-001210,2026-03-09 17:14:22,38.5,6.73,6.917,89.6,Good,6.0,49.0
AD-001211,2026-03-09 18:31:29,10.75,6.85,3.113,78.1,Good,41.0,0.5
AD-001212,2026-03-09 18:46:59,13.75,6.76,3.408,97.2,Good,40.0,0.5
AD-001213,2026-03-09 19:21:24,10.88,6.88,2.846,60.2,Acceptable,28.5,0.5
AD-001214,2026-03-10 02:17:18,15.19,5.87,4.037,0.0,Spoiled,0.0,99.5
AD-001215,2026-03-10 05:35:41,28.75,5.66,6.545,0.0,Spoiled,0.0,99.5
AD-001216,2026-03-10 05:46:48,5.25,6.85,2.14,84.5,Good,120.0,0.5
AD-001217,2026-03-10 06:53:55,21.5,6.68,4.035,50.6,Acceptable,6.5,43.7
AD-001218,2026-03-10 07:00:54,30.25,4.68,5.859,0.0,Spoiled,0.0,99.5
AD-001219,2026-03-10 07:05:26,13.38,6.65,4.107,31.1,Poor,3.5,71.0
AD-001220,2026-03-10 07:36:23,6.06,6.89,2.962,83.8,Good,120.0,0.5
AD-001221,2026-03-10 07:56:40,36.62,6.63,5.443,100.0,Good,7.5,23.7
AD-001222,2026-03-10 08:01:56,20.94,6.49,4.483,43.1,Poor,4.5,68.7
AD-001223,2026-03-10 08:07:06,26.94,6.7,5.415,59.6,Acceptable,5.5,53.0
AD-001224,2026-03-10 08:23:35,35.69,6.14,5.895,25.5,Poor,0.0,99.5
AD-001225,2026-03-10 12:54:05,6.81,6.69,2.328,71.7,Acceptable,84.0,0.5
AD-001226,2026-03-10 16:00:02,11.06,6.79,3.863,86.5,Good,48.0,0.5
AD-001227,2026-03-10 16:40:37,29.38,6.63,5.325,46.1,Poor,3.5,89.0
AD-001228,2026-03-10 17:38:15,26.94,6.54,5.182,44.0,Poor,3.0,91.7
AD-001229,2026-03-10 17:41:35,13.62,6.83,3.322,67.7,Acceptable,25.0,0.5
AD-001230,2026-03-10 17:44:11,16.5,6.93,3.569,78.6,Good,21.5,0.5
AD-001231,2026-03-10 17:54:42,22.12,5.05,4.541,2.8,Spoiled,0.0,99.5
AD-001232,2026-03-10 18:05:29,7.12,6.78,2.955,100.0,Good,120.0,0.5
AD-001233,2026-03-10 19:29:27,34.75,6.45,6.046,87.5,Good,7.0,39.7
AD-001234,2026-03-11 02:54:41,4.19,6.87,2.176,90.5,Good,120.0,0.5
AD-001235,2026-03-11 05:36:30,24.12,6.47,6.481,31.5,Poor,1.5,99.0
AD-001236,2026-03-11 05:45:25,9.0,6.75,2.38,40.4,Poor,15.0,20.0
AD-001237,2026-03-11 05:53:46,9.69,6.73,2.603,74.1,Acceptable,45.0,0.5
AD-001238,2026-03-11 06:03:22,31.06,5.08,5.889,0.8,Spoiled,0.0,99.5
AD-001239,2026-03-11 06:31:12,28.69,6.62,5.039,88.0,Good,9.0,12.3
AD-001240,2026-03-11 06:34:14,23.88,4.78,5.36,0.3,Spoiled,0.0,99.5
AD-001241,2026-03-11 07:38:02,6.81,6.97,2.395,80.7,Good,92.5,0.5
AD-001242,2026-03-11 07:43:27,16.56,6.86,3.433,89.8,Good,26.0,0.5
AD-001243,2026-03-11 07:51:53,7.19,6.85,2.628,91.9,Good,107.5,0.5
AD-001244,2026-03-11 08:35:04,26.69,6.68,4.759,61.5,Acceptable,6.5,44.7
AD-001245,2026-03-11 08:42:55,10.19,6.53,3.169,31.6,Poor,7.5,47.0
AD-001246,2026-03-11 09:12:27,12.88,6.73,3.119,47.0,Poor,14.5,5.7
AD-001247,2026-03-11 16:03:25,17.31,6.88,4.173,66.0,Acceptable,15.5,0.5
AD-001248,2026-03-11 17:29:14,33.19,6.49,5.979,70.5,Acceptable,5.0,68.0
AD-001249,2026-03-11 17:51:07,18.25,6.71,3.971,93.4,Good,26.0,0.5
AD-001250,2026-03-11 18:02:43,31.12,6.11,6.016,24.4,Spoiled,0.0,99.5
AD-001251,2026-03-12 05:32:06,33.0,6.77,5.353,52.9,Acceptable,3.0,95.7
AD-001252,2026-03-12 05:44:28,39.56,4.55,6.762,0.0,Spoiled,0.0,99.5
AD-001253,2026-03-12 05:44:55,16.0,6.73,3.853,35.5,Poor,4.5,64.3
AD-001254,2026-03-12 05:45:30,16.62,6.72,3.908,65.4,Acceptable,17.5,0.7
AD-001255,2026-03-12 05:55:42,18.19,6.75,4.058,68.5,Acceptable,15.0,0.7
AD-001256,2026-03-12 06:53:11,29.56,6.32,4.809,32.2,Poor,0.5,99.5
AD-001257,2026-03-12 06:57:08,35.75,6.55,6.146,75.4,Good,5.0,66.0
AD-001258,2026-03-12 07:03:21,21.94,6.75,4.613,39.8,Poor,3.5,78.7
AD-001259,2026-03-12 07:17:31,34.25,6.55,5.632,61.4,Acceptable,3.5,89.0
AD-001260,2026-03-12 07:24:39,13.25,6.84,3.581,100.0,Good,44.5,0.5
AD-001261,2026-03-12 07:41:06,18.38,6.8,3.906,73.9,Acceptable,17.0,0.5
AD-001262,2026-03-12 07:45:31,35.12,6.61,5.564,83.9,Good,6.5,49.3
AD-001263,2026-03-12 07:59:43,30.06,5.08,6.112,2.8,Spoiled,0.0,99.5
AD-001264,2026-03-12 08:03:20,35.5,6.59,5.566,91.4,Good,7.0,34.3
AD-001265,2026-03-12 08:22:00,10.62,6.81,3.047,96.2,Good,67.0,0.5
AD-001266,2026-03-12 08:25:42,30.62,6.6,4.961,90.1,Good,8.5,13.3
AD-001267,2026-03-12 08:42:11,11.88,6.61,3.024,100.0,Good,53.5,0.5
AD-001268,2026-03-12 09:13:51,22.31,6.64,4.249,66.2,Acceptable,10.0,11.0
AD-001269,2026-03-12 09:18:40,15.69,6.79,4.108,64.3,Acceptable,18.0,0.7
AD-001270,2026-03-12 12:01:47,17.44,6.67,3.647,31.1,Poor,3.0,83.7
AD-001271,2026-03-12 16:16:40,24.5,6.65,5.864,74.0,Acceptable,10.0,10.7
AD-001272,2026-03-12 16:37:04,18.62,6.73,4.133,68.3,Acceptable,14.5,1.7
AD-001273,2026-03-12 17:04:12,16.06,6.82,4.191,56.2,Acceptable,13.0,8.0
AD-001274,2026-03-12 17:51:29,5.44,7.05,2.932,91.9,Good,120.0,0.5
AD-001275,2026-03-12 19:02:30,11.0,6.82,3.742,97.5,Good,54.0,0.5
AD-001276,2026-03-12 19:05:37,32.12,6.33,5.327,34.2,Poor,1.0,99.5
AD-001277,2026-03-13 05:45:28,6.62,6.81,2.461,53.6,Acceptable,48.5,0.5
AD-001278,2026-03-13 05:48:54,12.94,6.74,3.657,83.7,Good,35.5,0.5
AD-001279,2026-03-13 06:02:17,13.31,5.59,3.673,1.8,Spoiled,0.0,99.5
AD-001280,2026-03-13 06:15:23,8.31,6.85,2.627,90.7,Good,90.0,0.5
AD-001281,2026-03-13 06:29:03,26.06,6.54,5.351,35.0,Poor,2.0,97.0
AD-001282,2026-03-13 06:38:02,31.56,6.6,4.937,78.8,Good,7.0,34.7
AD-001283,2026-03-13 06:41:17,35.19,6.47,5.752,71.0,Acceptable,5.0,70.3
AD-001284,2026-03-13 06:52:08,36.44,6.68,5.857,86.7,Good,6.0,50.7
AD-001285,2026-03-13 07:01:25,36.5,4.77,7.458,0.0,Spoiled,0.0,99.5
AD-001286,2026-03-13 07:11:00,8.69,6.79,2.417,61.3,Acceptable,41.0,0.5
AD-001287,2026-03-13 08:30:57,5.62,6.92,2.327,92.5,Good,120.0,0.5
AD-001288,2026-03-13 08:38:29,6.44,6.85,2.377,95.3,Good,120.0,0.5
AD-001289,2026-03-13 09:09:00,10.5,6.62,3.314,41.7,Poor,14.5,19.0
AD-001290,2026-03-13 09:13:19,17.81,6.82,3.703,79.1,Good,19.5,0.5
AD-001291,2026-03-13 09:20:08,32.38,6.78,5.511,87.8,Good,7.5,25.7
AD-001292,2026-03-13 09:28:19,13.38,6.69,3.51,76.2,Good,26.5,0.5
AD-001293,2026-03-13 16:10:59,6.94,6.87,2.239,98.7,Good,120.0,0.5
AD-001294,2026-03-13 16:24:31,16.69,6.92,3.667,84.4,Good,24.0,0.5
AD-001295,2026-03-13 17:05:03,7.38,6.7,2.838,44.5,Poor,28.5,5.7
AD-001296,2026-03-13 17:29:32,23.44,6.65,5.079,40.7,Poor,3.5,82.3
AD-001297,2026-03-13 18:53:23,32.69,4.99,6.037,0.0,Spoiled,0.0,99.5
AD-001298,2026-03-13 19:27:03,34.0,6.52,5.999,70.7,Acceptable,5.0,70.7
AD-001299,2026-03-14 05:47:04,17.06,6.8,4.221,64.9,Acceptable,16.0,0.5
AD-001300,2026-03-14 05:52:48,37.06,5.66,6.282,0.0,Spoiled,0.0,99.5
AD-001301,2026-03-14 05:55:01,20.06,6.76,4.478,55.8,Acceptable,8.0,24.3
AD-001302,2026-03-14 06:04:26,11.44,6.95,3.061,88.2,Good,46.5,0.5
AD-001303,2026-03-14 06:13:43,8.0,6.86,2.848,82.9,Good,71.0,0.5
AD-001304,2026-03-14 06:25:52,35.12,6.53,5.775,94.5,Good,7.5,26.7
AD-001305,2026-03-14 06:34:42,5.5,6.88,2.16,66.2,Acceptable,95.5,0.5
AD-001306,2026-03-14 06:56:46,24.0,5.12,4.585,2.0,Spoiled,0.0,99.5
AD-001307,2026-03-14 07:03:22,25.38,6.66,5.263,95.7,Good,13.0,0.7
AD-001308,2026-03-14 08:01:38,20.19,6.61,4.062,44.4,Poor,5.5,51.7
AD-001309,2026-03-14 08:11:59,12.19,6.61,3.199,41.7,Poor,11.5,23.3
AD-001310,2026-03-14 08:22:05,36.56,6.59,5.769,83.6,Good,6.5,37.3
AD-001311,2026-03-14 08:38:08,11.81,6.78,3.302,92.3,Good,48.0,0.5
AD-001312,2026-03-14 08:50:50,24.25,6.65,4.634,43.0,Poor,3.5,82.7
AD-001313,2026-03-14 09:13:58,34.62,6.67,5.49,92.2,Good,7.5,28.0
AD-001314,2026-03-14 09:17:56,17.19,6.74,3.843,43.3,Poor,6.5,44.3
AD-001315,2026-03-14 16:03:03,31.94,6.63,5.655,68.8,Acceptable,5.5,61.3
AD-001316,2026-03-14 16:35:18,16.12,6.69,3.717,50.7,Acceptable,10.5,18.7
AD-001317,2026-03-14 17:15:46,4.31,6.87,1.753,96.3,Good,120.0,0.5
AD-001318,2026-03-14 17:16:59,5.56,6.82,2.838,98.4,Good,120.0,0.5
AD-001319,2026-03-14 18:13:02,20.94,4.92,4.737,0.0,Spoiled,0.0,99.5
AD-001320,2026-03-14 18:32:55,5.38,6.66,2.115,77.0,Good,106.0,0.5
AD-001321,2026-03-14 23:36:45,33.19,6.6,5.082,75.0,Acceptable,6.0,53.0
AD-001322,2026-03-15 05:41:00,22.69,6.74,4.296,53.1,Acceptable,6.0,48.7
AD-001323,2026-03-15 05:51:42,7.94,6.92,2.758,74.1,Acceptable,62.5,0.5
AD-001324,2026-03-15 06:27:33,36.0,6.04,6.027,8.2,Spoiled,0.0,99.5
AD-001325,2026-03-15 07:15:33,34.75,6.75,4.722,94.3,Good,8.0,16.0
AD-001326,2026-03-15 07:22:33,8.25,7.0,3.291,94.4,Good,85.5,0.5
AD-001327,2026-03-15 07:33:47,22.56,5.07,5.197,0.0,Spoiled,0.0,99.5
AD-001328,2026-03-15 07:35:06,4.62,6.87,2.341,95.7,Good,120.0,0.5
AD-001329,2026-03-15 07:38:51,16.12,6.78,3.807,62.0,Acceptable,15.0,1.7
AD-001330,2026-03-15 07:43:02,10.62,6.59,3.042,30.7,Poor,4.0,61.3
AD-001331,2026-03-15 07:56:55,16.31,6.7,3.744,77.3,Good,22.0,0.5
AD-001332,2026-03-15 07:58:58,24.88,6.26,5.012,17.5,Spoiled,0.0,99.5
AD-001333,2026-03-15 08:08:59,9.75,6.9,3.261,69.4,Acceptable,42.5,0.5
AD-001334,2026-03-15 08:21:21,19.31,5.07,4.218,3.3,Spoiled,0.0,99.5
AD-001335,2026-03-15 08:34:17,6.31,6.9,2.811,97.1,Good,120.0,0.5
AD-001336,2026-03-15 08:41:05,8.38,6.93,2.894,100.0,Good,100.0,0.5
AD-001337,2026-03-15 08:44:09,5.62,6.91,2.77,89.0,Good,120.0,0.5
AD-001338,2026-03-15 08:44:55,34.81,5.88,5.289,1.3,Spoiled,0.0,99.5
AD-001339,2026-03-15 08:47:08,18.81,6.75,4.31,94.8,Good,22.0,0.5
AD-001340,2026-03-15 08:59:49,19.19,6.75,4.174,69.2,Acceptable,13.0,0.5
AD-001341,2026-03-15 09:05:27,8.38,6.94,2.574,87.5,Good,79.5,0.5
AD-001342,2026-03-15 09:09:19,5.5,6.82,2.267,92.7,Good,120.0,0.5
AD-001343,2026-03-15 09:13:22,29.25,6.62,4.648,79.9,Good,8.5,16.7
AD-001344,2026-03-15 09:19:45,5.94,6.76,3.289,88.7,Good,120.0,0.5
AD-001345,2026-03-15 16:02:43,5.31,6.81,2.275,72.0,Acceptable,120.0,0.5
AD-001346,2026-03-15 16:50:58,8.44,6.48,2.956,32.9,Poor,5.0,54.0
AD-001347,2026-03-15 17:28:14,17.06,5.87,4.828,0.0,Spoiled,0.0,99.5
AD-001348,2026-03-15 17:33:29,12.5,6.71,3.418,33.6,Poor,4.5,63.0
AD-001349,2026-03-15 17:49:11,27.56,5.61,5.563,2.0,Spoiled,0.0,99.5
AD-001350,2026-03-15 18:32:28,10.88,6.89,3.259,82.5,Good,46.5,0.5
AD-001351,2026-03-15 18:53:01,29.06,6.64,5.381,66.5,Acceptable,6.0,50.3
AD-001352,2026-03-16 04:12:40,22.69,6.78,4.69,66.3,Acceptable,10.0,11.0
AD-001353,2026-03-16 05:32:12,19.5,4.69,4.876,0.0,Spoiled,0.0,99.5
AD-001354,2026-03-16 06:20:54,24.44,6.8,5.767,68.6,Acceptable,8.5,17.7
AD-001355,2026-03-16 06:54:10,5.44,6.83,2.162,96.1,Good,120.0,0.5
AD-001356,2026-03-16 07:09:18,7.25,6.78,2.287,84.0,Good,85.5,0.5
AD-001357,2026-03-16 07:58:42,13.62,6.67,3.27,36.0,Poor,4.0,70.0
AD-001358,2026-03-16 08:03:29,10.94,6.76,2.791,47.0,Poor,19.0,6.7
AD-001359,2026-03-16 08:44:38,5.12,6.8,2.123,91.8,Good,120.0,0.5
AD-001360,2026-03-16 09:16:15,19.25,6.65,4.397,58.8,Acceptable,11.0,7.7
AD-001361,2026-03-16 09:23:55,13.69,6.8,3.235,65.3,Acceptable,21.0,0.5
AD-001362,2026-03-16 11:11:07,7.0,6.77,2.472,81.2,Good,84.0,0.5
AD-001363,2026-03-16 16:07:32,7.0,6.82,2.589,94.3,Good,111.0,0.5
AD-001364,2026-03-16 16:18:39,10.38,6.71,2.969,49.0,Poor,24.5,2.3
AD-001365,2026-03-16 17:42:26,33.31,5.44,6.107,1.6,Spoiled,0.0,99.5
AD-001366,2026-03-16 18:40:50,15.88,5.91,3.955,1.0,Spoiled,0.0,99.5
AD-001367,2026-03-16 19:10:31,6.56,6.86,2.741,60.4,Acceptable,60.5,0.5
AD-001368,2026-03-16 19:18:03,34.88,6.65,6.098,91.1,Good,7.0,37.3
AD-001369,2026-03-17 01:57:49,5.44,6.9,2.064,100.0,Good,120.0,0.5
AD-001370,2026-03-17 05:49:24,36.25,6.67,6.561,92.4,Good,7.5,26.3
AD-001371,2026-03-17 05:59:38,10.75,6.89,2.925,93.1,Good,60.5,0.5
AD-001372,2026-03-17 06:32:17,17.06,6.06,3.392,0.7,Spoiled,0.0,99.0
AD-001373,2026-03-17 07:02:41,25.25,6.65,5.042,40.6,Poor,4.0,81.0
AD-001374,2026-03-17 07:12:48,5.0,6.89,2.475,96.6,Good,120.0,0.5
AD-001375,2026-03-17 07:24:03,32.88,6.68,5.889,88.2,Good,7.5,23.0
AD-001376,2026-03-17 07:31:40,27.06,5.15,6.12,4.2,Spoiled,0.0,99.5
AD-001377,2026-03-17 08:02:01,33.62,6.57,5.889,67.4,Acceptable,5.0,73.0
AD-001378,2026-03-17 08:07:13,11.62,6.51,4.279,22.6,Spoiled,0.0,81.3
AD-001379,2026-03-17 08:41:57,7.94,6.78,2.376,83.6,Good,74.5,0.5
AD-001380,2026-03-17 08:46:40,4.75,6.78,2.471,99.0,Good,120.0,0.5
AD-001381,2026-03-17 08:51:29,32.31,6.68,5.36,96.4,Good,9.5,8.0
AD-001382,2026-03-17 09:09:39,6.44,6.71,2.701,97.4,Good,120.0,0.5
AD-001383,2026-03-17 17:01:44,23.88,6.79,4.605,62.7,Acceptable,9.0,20.3
AD-001384,2026-03-17 17:50:26,16.19,6.9,4.35,64.9,Acceptable,17.0,0.7
AD-001385,2026-03-17 18:12:59,15.0,6.84,3.751,50.0,Acceptable,11.5,16.0
AD-001386,2026-03-18 07:30:14,13.0,6.81,3.513,59.0,Acceptable,21.0,0.5
AD-001387,2026-03-18 07:57:50,30.06,6.2,5.718,0.1,Spoiled,0.0,99.5
AD-001388,2026-03-18 08:39:16,18.06,6.68,3.819,61.2,Acceptable,11.5,5.3
AD-001389,2026-03-18 09:22:11,32.81,5.1,6.318,0.0,Spoiled,0.0,99.5
AD-001390,2026-03-18 16:58:08,12.25,6.73,3.571,36.8,Poor,8.0,34.7
AD-001391,2026-03-18 17:35:40,4.06,6.87,2.272,100.0,Good,120.0,0.5
AD-001392,2026-03-18 18:12:42,29.81,6.16,5.596,27.3,Poor,0.0,99.5
AD-001393,2026-03-18 19:24:15,10.06,6.48,2.915,20.4,Spoiled,0.0,82.0
AD-001394,2026-03-19 05:32:14,5.81,6.89,2.441,87.9,Good,120.0,0.5
AD-001395,2026-03-19 06:29:10,27.38,6.73,5.728,93.2,Good,11.0,3.0
AD-001396,2026-03-19 06:36:35,18.19,6.66,4.416,76.3,Good,16.5,0.5
AD-001397,2026-03-19 06:43:45,15.5,6.67,3.606,69.6,Acceptable,19.0,0.5
AD-001398,2026-03-19 06:47:46,13.75,6.74,3.647,100.0,Good,41.5,0.5
AD-001399,2026-03-19 07:15:03,25.56,5.48,5.747,3.6,Spoiled,0.0,99.5
AD-001400,2026-03-19 07:21:26,23.5,6.51,4.803,83.2,Good,12.5,0.7
AD-001401,2026-03-19 07:31:00,7.12,6.77,2.586,92.1,Good,103.0,0.5
AD-001402,2026-03-19 07:31:31,23.75,6.73,5.269,72.0,Acceptable,9.5,9.3
AD-001403,2026-03-19 07:54:20,21.88,5.02,4.775,0.0,Spoiled,0.0,99.5
AD-001404,2026-03-19 08:06:39,9.69,6.86,3.824,100.0,Good,74.5,0.5
AD-001405,2026-03-19 08:32:25,5.69,6.91,2.656,83.0,Good,120.0,0.5
AD-001406,2026-03-19 08:39:38,28.12,5.52,6.202,4.7,Spoiled,0.0,99.5
AD-001407,2026-03-19 08:43:10,33.06,4.76,6.388,0.8,Spoiled,0.0,99.5
AD-001408,2026-03-19 08:53:38,6.56,6.83,2.791,82.3,Good,103.5,0.5
AD-001409,2026-03-19 09:17:53,14.44,6.84,3.787,73.3,Acceptable,25.0,0.5
AD-001410,2026-03-19 13:04:51,12.06,6.76,2.953,87.8,Good,44.0,0.5
AD-001411,2026-03-19 16:36:48,12.56,6.88,3.563,65.5,Acceptable,25.5,0.5
AD-001412,2026-03-19 17:00:19,13.44,6.96,3.503,73.8,Acceptable,27.5,0.5
AD-001413,2026-03-19 17:21:58,33.31,6.7,5.564,42.8,Poor,2.5,99.0
AD-001414,2026-03-19 18:57:26,11.25,6.84,3.338,59.5,Acceptable,28.0,0.5
AD-001415,2026-03-19 19:19:07,35.38,6.72,5.398,87.3,Good,6.0,42.0
AD-001416,2026-03-19 19:27:40,8.69,6.86,2.716,99.6,Good,95.0,0.5
AD-001417,2026-03-19 19:28:49,11.88,6.81,3.081,88.3,Good,40.0,0.5
AD-001418,2026-03-19 20:11:42,35.75,6.64,5.552,83.7,Good,6.5,44.0
AD-001419,2026-03-20 06:09:52,17.56,6.83,3.739,56.6,Acceptable,13.0,4.0
AD-001420,2026-03-20 06:29:57,27.94,6.64,4.885,48.5,Poor,3.5,91.3
AD-001421,2026-03-20 06:35:46,34.62,6.68,6.283,76.9,Good,5.5,61.3
AD-001422,2026-03-20 06:51:03,26.12,6.68,4.736,65.2,Acceptable,7.0,30.7
AD-001423,2026-03-20 07:34:59,30.56,6.72,5.697,73.8,Acceptable,6.5,48.7
AD-001424,2026-03-20 07:35:29,8.5,6.83,3.056,79.7,Good,64.0,0.5
AD-001425,2026-03-20 08:43:27,13.88,6.88,3.993,85.8,Good,29.5,0.5
AD-001426,2026-03-20 08:48:07,36.38,6.62,5.783,90.7,Good,6.5,38.3
AD-001427,2026-03-20 09:11:35,22.31,6.71,4.543,60.2,Acceptable,8.0,28.0
AD-001428,2026-03-20 09:18:58,32.25,6.58,5.821,49.6,Poor,3.0,93.3
AD-001429,2026-03-20 16:06:34,11.94,6.78,3.501,85.6,Good,43.0,0.5
AD-001430,2026-03-20 17:08:11,22.62,6.71,4.572,43.5,Poor,4.0,79.7
AD-001431,2026-03-20 17:51:10,14.5,6.66,3.742,59.0,Acceptable,17.0,1.3
AD-001432,2026-03-20 17:51:15,17.44,6.8,3.593,65.8,Acceptable,14.5,2.0
AD-001433,2026-03-20 18:40:05,36.5,6.66,5.547,56.1,Acceptable,3.0,97.0
AD-001434,2026-03-20 18:53:30,12.12,6.65,3.068,84.1,Good,39.0,0.5
AD-001435,2026-03-20 19:08:01,16.81,6.74,3.721,67.1,Acceptable,17.5,0.5
AD-001436,2026-03-20 23:57:37,13.94,5.61,3.57,1.2,Spoiled,0.0,99.5
AD-001437,2026-03-21 05:47:55,8.56,6.65,2.749,76.3,Good,61.0,0.5
AD-001438,2026-03-21 07:02:36,12.69,6.73,3.275,48.6,Poor,15.0,7.0
AD-001439,2026-03-21 07:54:32,18.06,6.68,3.869,73.1,Acceptable,17.5,0.5
AD-001440,2026-03-21 08:28:06,18.94,6.64,3.492,30.9,Poor,1.5,90.0
AD-001441,2026-03-21 09:17:01,25.56,6.65,4.469,83.7,Good,10.5,5.7
AD-001442,2026-03-21 11:31:33,35.81,6.67,5.588,47.9,Poor,2.0,99.3
AD-001443,2026-03-21 17:47:14,35.25,6.42,6.401,55.5,Acceptable,3.0,97.0
AD-001444,2026-03-21 18:32:57,36.31,6.56,7.706,97.7,Good,6.5,41.0
AD-001445,2026-03-21 18:42:57,34.94,6.59,6.027,95.7,Good,7.0,32.3
AD-001446,2026-03-22 05:31:16,35.25,6.49,6.283,74.7,Acceptable,5.5,62.0
AD-001447,2026-03-22 06:06:06,17.12,6.83,4.249,85.8,Good,21.0,0.5
AD-001448,2026-03-22 06:43:28,30.31,6.56,6.006,92.1,Good,9.5,9.3
AD-001449,2026-03-22 06:46:41,14.5,5.94,3.621,3.4,Spoiled,0.0,99.5
AD-001450,2026-03-22 07:19:37,10.06,6.84,2.894,97.4,Good,84.0,0.5
AD-001451,2026-03-22 07:31:54,29.56,6.64,5.764,84.6,Good,9.0,10.7
AD-001452,2026-03-22 08:15:58,34.25,4.93,7.312,0.0,Spoiled,0.0,99.5
AD-001453,2026-03-22 08:17:47,20.25,5.16,4.432,0.0,Spoiled,0.0,99.5
AD-001454,2026-03-22 08:30:24,5.88,6.9,2.048,88.2,Good,120.0,0.5
AD-001455,2026-03-22 08:39:03,16.81,6.61,3.855,63.7,Acceptable,14.0,1.7
AD-001456,2026-03-22 09:26:30,17.06,6.79,3.955,67.7,Acceptable,16.5,2.0
AD-001457,2026-03-22 16:31:52,32.19,6.65,5.365,73.3,Acceptable,5.5,62.7
AD-001458,2026-03-22 16:35:52,31.0,6.61,5.675,80.1,Good,7.0,32.0
AD-001459,2026-03-22 16:50:55,34.69,5.83,5.645,0.0,Spoiled,0.0,99.5
AD-001460,2026-03-22 17:45:34,29.56,6.67,5.382,80.9,Good,8.5,13.0
AD-001461,2026-03-22 18:06:41,29.62,6.7,5.856,75.2,Good,7.0,27.3
AD-001462,2026-03-22 18:50:57,35.19,6.59,5.868,62.9,Acceptable,4.5,75.3
AD-001463,2026-03-22 19:29:51,11.56,6.61,2.907,36.5,Poor,6.5,54.3
AD-001464,2026-03-23 05:40:11,35.69,5.39,6.006,0.0,Spoiled,0.0,99.5
AD-001465,2026-03-23 06:12:41,16.88,6.77,3.997,74.0,Acceptable,17.5,0.5
AD-001466,2026-03-23 06:15:15,26.44,4.97,6.879,1.6,Spoiled,0.0,99.5
AD-001467,2026-03-23 06:27:46,19.06,6.75,3.925,46.8,Poor,7.0,43.0
AD-001468,2026-03-23 06:29:13,32.0,6.79,5.673,90.0,Good,8.0,16.7
AD-001469,2026-03-23 07:00:15,13.5,6.8,3.397,60.4,Acceptable,19.5,1.3
AD-001470,2026-03-23 07:06:10,9.31,6.89,3.036,84.2,Good,68.0,0.5
AD-001471,2026-03-23 07:33:16,6.25,6.86,2.561,93.5,Good,117.5,0.5
AD-001472,2026-03-23 07:38:46,7.69,6.8,2.725,85.8,Good,91.5,0.5
AD-001473,2026-03-23 07:48:49,11.75,6.74,2.918,96.4,Good,49.5,0.5
AD-001474,2026-03-23 07:52:45,10.69,6.97,2.994,83.5,Good,46.5,0.5
AD-001475,2026-03-23 08:57:20,4.44,6.81,2.499,99.2,Good,120.0,0.5
AD-001476,2026-03-23 08:59:16,10.12,6.7,3.21,99.4,Good,67.0,0.5
AD-001477,2026-03-23 09:03:51,34.5,6.46,5.226,83.7,Good,6.5,45.7
AD-001478,2026-03-23 09:15:04,8.62,7.02,2.776,97.2,Good,79.5,0.5
AD-001479,2026-03-23 09:17:50,39.12,6.49,6.229,67.5,Acceptable,4.0,84.0
AD-001480,2026-03-23 09:19:23,31.88,6.72,5.432,45.2,Poor,2.0,99.5
AD-001481,2026-03-23 16:41:10,10.44,6.77,3.182,96.1,Good,60.5,0.5
AD-001482,2026-03-23 16:44:36,18.69,6.39,4.225,24.5,Spoiled,0.5,95.0
AD-001483,2026-03-23 16:58:33,11.62,6.8,3.264,68.8,Acceptable,34.0,0.5
AD-001484,2026-03-23 17:35:11,6.81,6.77,2.242,61.5,Acceptable,59.5,0.5
AD-001485,2026-03-23 19:23:20,13.75,6.76,3.27,92.2,Good,34.0,0.5
AD-001486,2026-03-24 04:44:34,26.94,4.98,5.154,1.1,Spoiled,0.0,99.5
AD-001487,2026-03-24 05:30:16,12.69,6.72,3.489,75.2,Good,32.5,0.5
AD-001488,2026-03-24 05:41:41,35.62,4.9,6.559,0.0,Spoiled,0.0,99.5
AD-001489,2026-03-24 06:06:44,14.69,6.5,3.61,21.0,Spoiled,0.0,97.3
AD-001490,2026-03-24 06:46:48,6.06,6.88,2.486,90.5,Good,120.0,0.5
AD-001491,2026-03-24 06:58:08,14.81,6.69,3.428,69.6,Acceptable,21.0,0.5
AD-001492,2026-03-24 07:28:38,22.56,5.27,6.521,0.2,Spoiled,0.0,99.5
AD-001493,2026-03-24 07:59:53,33.44,6.5,6.059,94.8,Good,8.0,19.7
AD-001494,2026-03-24 08:08:21,21.0,4.96,4.616,0.0,Spoiled,0.0,99.5
AD-001495,2026-03-24 08:19:19,22.12,5.34,5.135,0.0,Spoiled,0.0,99.5
AD-001496,2026-03-24 08:45:52,9.5,6.89,3.042,53.9,Acceptable,29.0,0.7
AD-001497,2026-03-24 08:49:12,6.81,6.81,2.809,95.1,Good,109.0,0.5
AD-001498,2026-03-24 18:54:04,27.5,6.56,5.116,42.4,Poor,3.0,88.7
AD-001499,2026-03-24 19:14:19,34.12,6.62,5.259,88.2,Good,6.5,37.7
AD-001500,2026-03-25 05:50:40,26.31,6.73,4.341,93.9,Good,12.0,1.7
AD-001501,2026-03-25 06:00:47,8.69,6.95,3.169,98.3,Good,94.5,0.5
AD-001502,2026-03-25 06:10:07,15.5,6.71,3.712,75.8,Good,23.0,0.5
AD-001503,2026-03-25 06:19:27,36.0,6.47,6.378,100.0,Good,8.5,14.3
AD-001504,2026-03-25 06:28:54,32.75,6.27,5.265,27.0,Poor,0.0,99.5
AD-001505,2026-03-25 06:30:20,22.38,6.77,4.278,89.8,Good,15.0,1.3
AD-001506,2026-03-25 07:02:00,13.19,6.84,3.155,82.5,Good,33.5,0.5
AD-001507,2026-03-25 07:14:08,15.0,5.93,4.315,1.6,Spoiled,0.0,99.5
AD-001508,2026-03-25 07:23:15,17.0,6.73,4.047,53.6,Acceptable,11.0,14.3
AD-001509,2026-03-25 07:30:08,12.0,6.78,3.154,51.5,Acceptable,18.5,1.0
AD-001510,2026-03-25 07:53:39,39.44,5.1,5.974,1.4,Spoiled,0.0,99.5
AD-001511,2026-03-25 07:55:39,36.94,5.02,6.094,1.0,Spoiled,0.0,99.5
AD-001512,2026-03-25 08:04:34,16.81,6.76,3.793,58.1,Acceptable,13.5,6.3
AD-001513,2026-03-25 08:19:31,12.25,5.94,4.111,3.1,Spoiled,0.0,98.7
AD-001514,2026-03-25 08:26:30,30.88,6.73,5.17,76.8,Good,7.0,38.0
AD-001515,2026-03-25 08:32:38,13.88,6.02,3.554,4.6,Spoiled,0.0,98.0
AD-001516,2026-03-25 08:33:19,14.81,6.76,3.757,62.6,Acceptable,21.0,0.5
AD-001517,2026-03-25 08:42:58,11.5,6.68,4.072,31.7,Poor,6.5,45.3
AD-001518,2026-03-25 08:54:13,32.56,5.06,5.941,0.0,Spoiled,0.0,99.5
AD-001519,2026-03-25 09:13:39,10.69,6.88,4.112,62.4,Acceptable,31.0,0.5
AD-001520,2026-03-25 17:00:47,29.38,6.7,5.518,36.6,Poor,2.0,97.7
AD-001521,2026-03-25 17:08:33,12.19,6.91,4.248,49.5,Poor,17.0,7.7
AD-001522,2026-03-25 17:12:26,5.5,6.71,2.393,74.9,Acceptable,107.0,0.5
AD-001523,2026-03-25 18:13:25,6.12,6.97,2.263,86.3,Good,118.5,0.5
AD-001524,2026-03-25 18:48:07,12.88,6.83,3.303,73.1,Acceptable,28.5,0.5
AD-001525,2026-03-26 06:22:38,36.06,6.71,5.86,73.5,Acceptable,5.5,66.3
AD-001526,2026-03-26 06:27:06,32.25,5.55,6.338,1.3,Spoiled,0.0,99.5
AD-001527,2026-03-26 06:31:17,4.94,6.95,1.957,80.5,Good,120.0,0.5
AD-001528,2026-03-26 06:57:39,15.25,6.79,3.777,48.4,Poor,11.5,14.7
AD-001529,2026-03-26 07:55:13,20.94,5.27,4.525,0.0,Spoiled,0.0,99.5
AD-001530,2026-03-26 08:20:12,9.19,6.76,3.293,80.7,Good,58.0,0.5
AD-001531,2026-03-26 08:33:05,8.31,6.95,2.537,75.9,Good,65.0,0.5
AD-001532,2026-03-26 17:09:06,26.75,6.7,4.729,82.9,Good,9.5,9.7
AD-001533,2026-03-26 17:30:47,37.31,6.71,5.581,70.9,Acceptable,4.5,77.7
AD-001534,2026-03-26 17:47:26,28.56,6.55,5.362,78.4,Good,8.5,12.3
AD-001535,2026-03-26 18:45:33,16.62,6.6,3.743,38.4,Poor,6.0,58.0
AD-001536,2026-03-26 19:19:49,28.56,6.77,5.058,96.2,Good,11.5,2.0
AD-001537,2026-03-26 19:20:46,22.75,6.6,6.092,30.0,Poor,1.0,97.0
AD-001538,2026-03-26 19:26:52,16.12,6.71,3.706,89.7,Good,27.0,0.5
AD-001539,2026-03-27 06:10:29,12.69,6.71,3.49,82.8,Good,36.0,0.5
AD-001540,2026-03-27 06:31:37,23.25,5.27,5.057,0.0,Spoiled,0.0,99.5
AD-001541,2026-03-27 06:48:38,14.12,6.52,3.737,25.9,Poor,1.5,80.7
AD-001542,2026-03-27 07:06:07,12.94,6.96,4.122,60.3,Acceptable,22.0,0.7
AD-001543,2026-03-27 07:06:56,5.44,6.91,2.472,97.4,Good,120.0,0.5
AD-001544,2026-03-27 07:20:08,11.5,6.86,3.322,87.9,Good,43.5,0.5
AD-001545,2026-03-27 08:57:05,23.31,5.16,5.162,3.0,Spoiled,0.0,99.5
AD-001546,2026-03-27 09:08:23,34.56,6.64,5.379,74.4,Acceptable,5.5,61.3
AD-001547,2026-03-27 09:16:14,12.06,6.83,3.021,84.9,Good,39.5,0.5
AD-001548,2026-03-27 09:18:08,7.31,6.84,2.434,78.6,Good,79.0,0.5
AD-001549,2026-03-27 09:18:38,10.75,6.79,3.052,91.5,Good,52.0,0.5
AD-001550,2026-03-27 09:19:03,21.12,5.21,4.706,0.0,Spoiled,0.0,99.5
AD-001551,2026-03-27 09:21:46,16.56,6.8,4.17,66.8,Acceptable,17.0,0.5
AD-001552,2026-03-27 16:16:14,34.56,6.61,5.482,58.2,Acceptable,4.0,85.0
AD-001553,2026-03-27 16:43:11,33.88,6.68,5.054,52.7,Acceptable,3.5,91.3
AD-001554,2026-03-27 16:45:33,6.69,6.96,2.996,100.0,Good,120.0,0.5
AD-001555,2026-03-27 17:09:51,12.06,6.84,3.701,41.2,Poor,12.5,17.3
AD-001556,2026-03-27 17:37:13,25.56,6.47,5.047,36.8,Poor,2.0,97.0
AD-001557,2026-03-27 19:01:20,7.69,6.89,2.48,90.3,Good,104.5,0.5
AD-001558,2026-03-28 05:01:56,10.12,7.0,3.171,58.0,Acceptable,25.0,0.7
AD-001559,2026-03-28 06:50:10,23.0,6.78,4.565,81.8,Good,12.0,3.7
AD-001560,2026-03-28 07:00:58,11.12,6.69,3.337,34.9,Poor,8.5,41.7
AD-001561,2026-03-28 07:05:25,20.81,6.76,4.336,61.1,Acceptable,9.0,17.7
AD-001562,2026-03-28 07:09:54,8.31,6.73,2.592,93.5,Good,86.5,0.5
AD-001563,2026-03-28 07:14:13,33.12,6.59,5.077,85.2,Good,7.0,32.3
AD-001564,2026-03-28 07:21:19,32.69,6.63,6.233,83.4,Good,7.5,30.3
AD-001565,2026-03-28 07:25:12,37.19,6.62,5.909,100.0,Good,7.0,24.0
AD-001566,2026-03-28 07:34:01,17.69,6.75,3.699,74.6,Acceptable,19.5,0.5
AD-001567,2026-03-28 07:36:24,32.75,6.57,6.265,80.5,Good,6.5,38.7
AD-001568,2026-03-28 07:38:24,22.88,6.62,4.431,52.5,Acceptable,5.5,62.0
AD-001569,2026-03-28 07:51:45,23.38,6.72,5.289,84.6,Good,13.0,1.7
AD-001570,2026-03-28 08:17:24,32.81,6.54,5.966,88.8,Good,8.0,18.3
AD-001571,2026-03-28 08:43:43,32.56,6.69,5.222,76.2,Good,6.0,46.3
AD-001572,2026-03-28 08:50:12,16.5,6.73,4.098,77.7,Good,22.0,0.5
AD-001573,2026-03-28 09:20:48,4.5,6.97,2.574,84.2,Good,120.0,0.5
AD-001574,2026-03-28 16:05:46,31.94,6.65,4.899,89.3,Good,8.0,21.7
AD-001575,2026-03-28 17:49:30,31.12,6.69,5.838,76.2,Good,7.0,31.0
AD-001576,2026-03-28 18:46:17,23.5,6.52,4.817,39.7,Poor,2.5,94.3
AD-001577,2026-03-28 19:20:40,30.12,6.62,5.2,61.4,Acceptable,4.5,76.7
AD-001578,2026-03-29 06:15:15,31.94,6.7,5.148,86.0,Good,7.5,30.3
AD-001579,2026-03-29 06:42:52,20.0,5.41,5.228,0.0,Spoiled,0.0,99.5
AD-001580,2026-03-29 06:44:25,2.56,6.99,1.912,87.0,Good,120.0,0.5
AD-001581,2026-03-29 06:46:49,9.0,6.72,2.669,38.4,Poor,14.5,17.7
AD-001582,2026-03-29 07:44:23,10.94,6.77,3.087,60.7,Acceptable,28.0,0.5
AD-001583,2026-03-29 07:57:09,36.69,6.56,5.865,100.0,Good,8.5,12.0
AD-001584,2026-03-29 08:05:53,13.06,6.46,3.243,28.3,Poor,0.5,85.7
AD-001585,2026-03-29 08:10:13,14.38,6.2,4.02,13.1,Spoiled,0.0,98.3
AD-001586,2026-03-29 08:27:11,25.94,6.55,4.869,43.1,Poor,3.5,85.7
AD-001587,2026-03-29 09:10:44,33.44,6.59,4.858,80.3,Good,7.0,40.3
AD-001588,2026-03-29 09:27:29,12.5,6.13,2.948,0.0,Spoiled,0.0,99.5
AD-001589,2026-03-29 17:08:17,16.31,6.62,3.735,95.7,Good,26.5,0.5
AD-001590,2026-03-29 17:09:01,4.31,6.85,2.16,92.5,Good,120.0,0.5
AD-001591,2026-03-29 17:23:45,34.31,6.65,4.897,97.1,Good,8.0,19.3
AD-001592,2026-03-29 17:34:36,17.0,6.8,3.757,67.6,Acceptable,17.5,0.5
AD-001593,2026-03-29 17:36:30,10.0,6.77,3.159,85.8,Good,49.0,0.5
AD-001594,2026-03-29 18:11:45,9.88,5.89,3.018,0.9,Spoiled,0.0,99.5
AD-001595,2026-03-29 18:20:18,3.94,6.85,1.955,99.5,Good,120.0,0.5
AD-001596,2026-03-29 18:25:19,21.12,6.68,4.314,73.5,Acceptable,12.5,2.7
AD-001597,2026-03-30 04:01:54,33.56,6.44,7.024,30.1,Poor,0.5,99.5
AD-001598,2026-03-30 05:57:23,25.56,5.29,5.259,1.0,Spoiled,0.0,99.5
AD-001599,2026-03-30 06:02:00,34.56,6.7,6.943,84.2,Good,6.0,52.3
AD-001600,2026-03-30 06:08:43,11.56,6.81,3.029,100.0,Good,65.0,0.5
AD-001601,2026-03-30 06:31:48,8.69,6.93,3.291,100.0,Good,93.5,0.5
AD-001602,2026-03-30 06:44:34,35.81,6.62,5.783,86.3,Good,6.0,49.0
AD-001603,2026-03-30 06:56:33,29.06,6.4,5.179,33.1,Poor,1.0,99.5
AD-001604,2026-03-30 07:06:24,23.31,4.85,5.05,2.3,Spoiled,0.0,99.5
AD-001605,2026-03-30 07:13:14,12.06,6.86,4.427,86.8,Good,40.0,0.5
AD-001606,2026-03-30 07:31:05,26.38,6.66,5.161,86.9,Good,11.0,3.3
AD-001607,2026-03-30 07:45:45,9.12,6.81,3.854,96.3,Good,88.0,0.5
AD-001608,2026-03-30 08:04:15,22.31,6.72,4.133,100.0,Good,19.5,0.5
AD-001609,2026-03-30 08:22:41,15.81,6.87,3.781,81.9,Good,25.0,0.5
AD-001610,2026-03-30 09:11:58,16.25,6.75,3.881,45.9,Poor,7.5,38.3
AD-001611,2026-03-30 09:12:28,26.44,4.76,5.405,0.0,Spoiled,0.0,99.5
AD-001612,2026-03-30 09:26:57,31.19,6.61,5.167,75.0,Good,6.5,42.7
AD-001613,2026-03-30 16:05:34,15.19,5.52,4.338,0.0,Spoiled,0.0,99.5
AD-001614,2026-03-30 16:25:56,13.62,6.32,2.965,15.7,Spoiled,0.0,98.3
AD-001615,2026-03-30 16:29:05,9.12,6.9,2.704,92.2,Good,70.5,0.5
AD-001616,2026-03-30 17:03:16,24.25,6.65,4.866,88.8,Good,13.0,1.3
AD-001617,2026-03-30 17:29:09,26.62,5.18,5.801,0.0,Spoiled,0.0,99.5
AD-001618,2026-03-30 18:17:09,33.69,6.55,5.645,74.3,Acceptable,5.0,68.3
AD-001619,2026-03-30 18:27:40,18.56,6.63,3.77,42.1,Poor,7.5,44.0
AD-001620,2026-03-30 18:34:52,6.12,6.83,2.726,100.0,Good,120.0,0.5
AD-001621,2026-03-30 19:29:47,9.31,6.8,3.021,78.1,Good,54.5,0.5
AD-001622,2026-03-30 22:08:58,22.0,6.77,4.422,62.0,Acceptable,9.0,20.3
AD-001623,2026-03-31 05:41:51,38.56,5.32,6.811,0.0,Spoiled,0.0,99.5
AD-001624,2026-03-31 05:46:13,32.69,6.45,5.982,61.3,Acceptable,4.0,87.7
AD-001625,2026-03-31 06:07:07,31.19,6.64,5.536,90.2,Good,8.5,14.7
AD-001626,2026-03-31 06:07:41,15.88,6.84,3.373,56.7,Acceptable,13.5,3.3
AD-001627,2026-03-31 06:14:48,17.88,6.79,4.115,67.6,Acceptable,14.5,1.7
AD-001628,2026-03-31 07:38:30,36.88,6.45,5.511,80.8,Good,5.0,75.0
AD-001629,2026-03-31 07:44:09,25.69,6.77,5.041,100.0,Good,13.5,0.5
AD-001630,2026-03-31 07:56:04,32.88,6.77,4.897,95.9,Good,8.0,17.3
AD-001631,2026-03-31 08:11:41,14.62,6.92,4.502,81.6,Good,27.0,0.5
AD-001632,2026-03-31 08:12:41,14.5,6.63,3.306,96.1,Good,38.0,0.5
AD-001633,2026-03-31 08:17:10,17.12,6.74,3.571,38.9,Poor,6.0,53.3
AD-001634,2026-03-31 08:26:27,22.06,4.99,5.236,1.7,Spoiled,0.0,99.5
AD-001635,2026-03-31 09:18:02,9.5,6.86,3.222,82.1,Good,55.5,0.5
AD-001636,2026-03-31 09:23:32,8.19,6.79,2.766,98.9,Good,91.0,0.5
AD-001637,2026-03-31 14:14:14,23.12,6.71,5.451,65.6,Acceptable,9.5,11.7
AD-001638,2026-03-31 16:55:42,14.75,5.93,3.747,3.5,Spoiled,0.0,99.5
AD-001639,2026-03-31 18:46:48,29.44,6.36,5.274,36.5,Poor,1.5,99.3
AD-001640,2026-03-31 19:16:58,38.31,6.43,5.897,81.1,Good,6.0,57.3
AD-001641,2026-03-31 19:24:00,13.44,6.58,3.426,31.6,Poor,4.0,67.3
AD-001642,2026-04-01 05:40:41,30.81,6.65,5.16,97.5,Good,10.0,7.3
AD-001643,2026-04-01 05:45:47,38.25,6.59,6.357,66.8,Acceptable,4.0,88.0
AD-001644,2026-04-01 05:49:29,31.38,6.6,5.31,85.6,Good,7.5,22.3
AD-001645,2026-04-01 05:54:16,13.19,6.8,3.361,100.0,Good,45.0,0.5
AD-001646,2026-04-01 07:04:34,23.88,6.68,5.325,81.1,Good,11.5,5.3
AD-001647,2026-04-01 07:32:40,17.75,5.81,5.891,0.0,Spoiled,0.0,99.5
AD-001648,2026-04-01 08:07:26,6.75,6.78,2.697,57.2,Acceptable,61.0,0.5
AD-001649,2026-04-01 08:14:29,14.19,6.85,4.038,73.6,Acceptable,27.5,0.5
AD-001650,2026-04-01 08:47:01,3.0,6.72,2.273,80.8,Good,120.0,0.5
AD-001651,2026-04-01 08:49:52,9.0,6.9,3.719,72.5,Acceptable,53.0,0.5
AD-001652,2026-04-01 17:51:06,5.69,6.89,2.98,93.2,Good,120.0,0.5
AD-001653,2026-04-01 18:04:55,7.5,6.89,3.527,99.0,Good,109.5,0.5
AD-001654,2026-04-01 18:36:19,25.5,4.76,7.545,2.9,Spoiled,0.0,99.5
AD-001655,2026-04-01 18:36:57,22.12,6.64,4.779,54.5,Acceptable,7.0,36.3
AD-001656,2026-04-01 18:41:16,36.62,6.68,5.838,80.1,Good,6.0,47.7
AD-001657,2026-04-01 19:02:13,12.0,6.94,2.71,89.6,Good,46.0,0.5
AD-001658,2026-04-01 19:21:57,28.69,6.65,6.038,86.0,Good,8.5,15.0
AD-001659,2026-04-02 05:40:06,15.19,6.86,3.411,51.9,Acceptable,14.0,5.7
AD-001660,2026-04-02 06:07:10,34.44,6.58,5.654,88.5,Good,7.5,31.0
AD-001661,2026-04-02 06:14:58,2.56,6.94,2.279,87.5,Good,120.0,0.5
AD-001662,2026-04-02 06:25:54,15.88,6.75,3.926,43.9,Poor,7.0,42.0
AD-001663,2026-04-02 06:47:37,25.88,6.69,5.318,77.7,Good,9.0,17.0
AD-001664,2026-04-02 06:57:37,33.0,6.56,5.185,88.0,Good,7.5,25.3
AD-001665,2026-04-02 07:03:53,12.88,6.67,3.677,91.7,Good,42.0,0.5
AD-001666,2026-04-02 07:22:34,36.31,6.62,6.14,79.6,Good,6.0,49.7
AD-001667,2026-04-02 08:12:39,10.38,6.8,2.939,40.8,Poor,14.5,18.0
AD-001668,2026-04-02 08:23:47,17.0,5.43,4.811,4.1,Spoiled,0.0,99.5
AD-001669,2026-04-02 08:25:16,5.75,6.88,2.579,94.9,Good,120.0,0.5
AD-001670,2026-04-02 08:53:52,11.5,6.85,3.489,85.7,Good,46.0,0.5
AD-001671,2026-04-02 09:02:29,9.19,6.9,2.76,82.2,Good,60.0,0.5
AD-001672,2026-04-02 16:41:38,11.06,6.89,3.06,82.0,Good,44.5,0.5
AD-001673,2026-04-02 17:08:23,21.44,6.69,4.645,76.5,Good,13.0,2.0
AD-001674,2026-04-02 17:58:03,3.5,6.9,1.952,97.6,Good,120.0,0.5
AD-001675,2026-04-03 05:31:58,6.62,6.84,2.745,73.4,Acceptable,76.0,0.5
AD-001676,2026-04-03 06:18:39,14.5,5.95,4.336,0.0,Spoiled,0.0,99.5
AD-001677,2026-04-03 06:42:21,8.38,6.89,2.391,76.3,Good,69.0,0.5
AD-001678,2026-04-03 07:05:51,28.44,6.75,5.101,86.3,Good,9.5,7.3
AD-001679,2026-04-03 07:49:38,8.88,6.76,2.785,100.0,Good,86.5,0.5
AD-001680,2026-04-03 07:51:25,29.12,4.96,5.957,0.0,Spoiled,0.0,99.5
AD-001681,2026-04-03 07:57:38,18.31,6.74,4.336,73.3,Acceptable,16.0,1.7
AD-001682,2026-04-03 08:07:36,12.25,6.82,3.226,84.7,Good,42.5,0.5
AD-001683,2026-04-03 08:32:55,16.5,6.63,4.197,67.2,Acceptable,15.5,1.0
AD-001684,2026-04-03 08:33:08,9.44,6.83,2.763,88.3,Good,64.0,0.5
AD-001685,2026-04-03 08:39:21,22.38,6.38,4.606,29.1,Poor,2.0,95.7
AD-001686,2026-04-03 08:45:12,13.0,5.78,3.872,0.7,Spoiled,0.0,99.5
AD-001687,2026-04-03 08:50:09,19.06,6.93,4.013,58.6,Acceptable,10.0,13.7
AD-001688,2026-04-03 16:56:38,20.25,6.65,4.916,60.8,Acceptable,11.0,10.0
AD-001689,2026-04-03 17:20:53,6.44,6.87,2.403,90.0,Good,120.0,0.5
AD-001690,2026-04-03 17:36:02,15.25,6.48,3.341,25.0,Spoiled,0.0,93.0
AD-001691,2026-04-03 17:58:00,25.06,6.75,4.559,59.4,Acceptable,6.5,43.0
AD-001692,2026-04-03 17:59:20,11.75,6.09,3.429,0.0,Spoiled,0.0,99.3
AD-001693,2026-04-03 18:44:15,9.19,6.84,2.959,99.8,Good,84.0,0.5
AD-001694,2026-04-03 18:45:12,14.0,6.76,3.609,94.9,Good,39.0,0.5
AD-001695,2026-04-04 05:49:07,9.69,6.87,3.195,92.3,Good,66.5,0.5
AD-001696,2026-04-04 06:43:03,14.56,5.87,3.651,0.0,Spoiled,0.0,99.5
AD-001697,2026-04-04 07:02:53,31.12,6.79,5.379,81.2,Good,7.5,33.3
AD-001698,2026-04-04 07:50:14,6.31,6.95,2.565,83.3,Good,111.0,0.5
AD-001699,2026-04-04 07:54:38,9.62,6.87,2.995,93.3,Good,74.0,0.5
AD-001700,2026-04-04 08:02:32,21.44,5.43,4.718,3.7,Spoiled,0.0,99.5
AD-001701,2026-04-04 08:19:05,20.62,4.99,5.047,2.7,Spoiled,0.0,99.5
AD-001702,2026-04-04 09:16:27,9.12,6.77,2.846,100.0,Good,86.0,0.5
AD-001703,2026-04-04 16:24:38,36.5,6.59,6.066,84.4,Good,6.0,57.0
AD-001704,2026-04-04 17:09:08,7.19,6.98,2.491,80.4,Good,87.0,0.5
AD-001705,2026-04-04 17:31:37,13.25,6.62,3.366,65.0,Acceptable,24.0,0.7
AD-001706,2026-04-04 17:32:35,20.62,6.76,5.451,77.5,Good,14.5,1.3
AD-001707,2026-04-04 17:37:14,37.19,6.6,5.701,99.7,Good,8.0,19.3
AD-001708,2026-04-04 17:44:11,21.31,6.69,4.27,61.4,Acceptable,10.0,9.3
AD-001709,2026-04-04 19:06:14,20.69,6.8,4.278,98.0,Good,20.5,0.5
AD-001710,2026-04-04 19:15:04,29.75,6.59,4.899,88.3,Good,9.0,10.3
AD-001711,2026-04-05 05:42:08,13.0,6.82,3.503,79.5,Good,34.0,0.5
AD-001712,2026-04-05 05:58:53,31.06,6.62,6.148,98.2,Good,9.5,13.0
AD-001713,2026-04-05 06:12:56,18.69,6.24,4.102,18.8,Spoiled,0.0,99.3
AD-001714,2026-04-05 07:09:39,5.5,6.77,1.912,69.0,Acceptable,113.0,0.5
AD-001715,2026-04-05 07:15:47,27.88,5.21,5.229,0.0,Spoiled,0.0,99.5
AD-001716,2026-04-05 07:18:00,36.94,6.68,5.216,100.0,Good,8.0,20.3
AD-001717,2026-04-05 07:27:39,11.25,6.84,3.56,80.0,Good,46.5,0.5
AD-001718,2026-04-05 07:28:41,18.12,5.03,4.819,2.8,Spoiled,0.0,99.5
AD-001719,2026-04-05 07:31:58,30.94,5.26,7.927,0.0,Spoiled,0.0,99.5
AD-001720,2026-04-05 07:55:15,35.0,6.67,6.42,85.0,Good,6.5,45.0
AD-001721,2026-04-05 08:05:56,27.56,6.73,4.608,73.4,Acceptable,8.5,16.0
AD-001722,2026-04-05 08:05:58,12.44,6.82,3.054,67.8,Acceptable,28.5,0.5
AD-001723,2026-04-05 08:15:00,15.94,5.34,4.339,0.3,Spoiled,0.0,99.5
AD-001724,2026-04-05 08:49:39,6.44,6.81,2.734,99.6,Good,120.0,0.5
AD-001725,2026-04-05 09:00:21,36.5,6.56,6.023,88.3,Good,6.5,49.3
AD-001726,2026-04-05 09:25:20,35.0,6.62,6.223,95.3,Good,7.5,28.3
AD-001727,2026-04-05 18:09:43,19.06,6.07,4.157,14.4,Spoiled,0.0,98.3
AD-001728,2026-04-05 18:28:59,3.56,6.83,2.21,90.9,Good,120.0,0.5
AD-001729,2026-04-06 02:37:31,5.25,6.88,2.738,78.6,Good,120.0,0.5
AD-001730,2026-04-06 05:39:43,12.88,6.68,3.488,49.4,Poor,15.5,6.3
AD-001731,2026-04-06 05:56:49,30.12,6.6,5.196,83.5,Good,8.0,22.7
AD-001732,2026-04-06 06:15:57,10.12,6.67,2.969,32.9,Poor,7.5,44.0
AD-001733,2026-04-06 06:19:21,8.38,6.96,2.633,71.0,Acceptable,55.5,0.5
AD-001734,2026-04-06 06:22:16,12.69,6.8,3.83,100.0,Good,47.5,0.5
AD-001735,2026-04-06 07:44:06,8.44,6.89,2.972,69.7,Acceptable,53.0,0.5
AD-001736,2026-04-06 07:49:42,15.81,6.64,3.902,21.0,Spoiled,0.0,96.7
AD-001737,2026-04-06 08:10:43,10.06,6.8,2.821,41.7,Poor,15.5,12.7
AD-001738,2026-04-06 08:24:41,36.31,6.53,7.787,82.8,Good,5.5,56.0
AD-001739,2026-04-06 08:33:56,15.69,6.72,3.973,82.7,Good,25.5,0.5
AD-001740,2026-04-06 09:02:44,9.5,6.72,2.934,54.5,Acceptable,30.0,0.7
AD-001741,2026-04-06 09:20:41,7.06,6.95,2.814,93.5,Good,102.0,0.5
AD-001742,2026-04-06 16:33:01,22.88,6.62,3.677,53.4,Acceptable,6.5,51.7
AD-001743,2026-04-06 16:40:46,31.25,6.49,5.622,44.9,Poor,2.5,97.3
AD-001744,2026-04-06 16:45:23,17.94,6.65,4.105,75.3,Good,18.0,0.5
AD-001745,2026-04-06 18:09:07,27.94,6.61,5.258,52.0,Acceptable,4.5,77.7
AD-001746,2026-04-06 19:23:58,34.5,6.38,6.17,31.7,Poor,1.0,99.5
AD-001747,2026-04-06 19:24:00,22.81,6.66,4.743,40.4,Poor,3.5,83.0
AD-001748,2026-04-06 21:34:46,30.06,6.61,4.175,66.6,Acceptable,6.0,50.0
AD-001749,2026-04-07 05:39:56,5.75,6.9,1.948,84.6,Good,120.0,0.5
AD-001750,2026-04-07 06:00:35,25.81,6.72,4.668,48.9,Poor,4.5,78.7
AD-001751,2026-04-07 06:46:33,11.19,6.82,2.886,46.3,Poor,14.5,11.3
AD-001752,2026-04-07 06:55:52,7.38,6.88,3.109,100.0,Good,115.5,0.5
AD-001753,2026-04-07 07:29:48,13.94,5.55,3.629,0.0,Spoiled,0.0,99.5
AD-001754,2026-04-07 08:26:25,7.0,6.74,2.585,99.3,Good,120.0,0.5
AD-001755,2026-04-07 09:09:28,32.62,6.48,5.746,37.0,Poor,2.0,99.0
AD-001756,2026-04-07 16:18:46,25.88,6.69,4.671,87.2,Good,11.0,4.0
AD-001757,2026-04-07 16:24:29,40.0,5.48,6.45,0.0,Spoiled,0.0,99.5
AD-001758,2026-04-07 17:06:37,15.81,6.68,3.258,46.8,Poor,8.5,30.7
AD-001759,2026-04-07 18:56:09,11.56,6.64,3.181,80.9,Good,39.0,0.5
AD-001760,2026-04-08 05:33:06,34.31,6.72,6.8,93.4,Good,7.5,24.7
AD-001761,2026-04-08 06:14:48,4.38,6.84,2.229,97.2,Good,120.0,0.5
AD-001762,2026-04-08 06:22:32,37.44,6.64,6.024,72.2,Acceptable,4.5,79.7
AD-001763,2026-04-08 06:24:24,13.94,6.67,3.686,76.5,Good,28.0,0.5
AD-001764,2026-04-08 07:02:14,5.56,6.82,2.701,79.1,Good,96.5,0.5
AD-001765,2026-04-08 07:21:52,19.88,6.78,5.233,61.7,Acceptable,10.5,10.0
AD-001766,2026-04-08 07:45:47,12.12,6.93,3.328,77.2,Good,36.5,0.5
AD-001767,2026-04-08 07:48:49,6.56,6.93,2.717,97.4,Good,120.0,0.5
AD-001768,2026-04-08 07:49:34,7.75,6.77,2.657,65.9,Acceptable,60.5,0.5
AD-001769,2026-04-08 08:18:38,17.31,6.72,3.811,45.1,Poor,7.5,35.7
AD-001770,2026-04-08 08:49:43,9.69,6.84,2.962,82.8,Good,53.5,0.5
AD-001771,2026-04-08 09:04:59,30.38,6.61,5.419,79.5,Good,7.0,34.3
AD-001772,2026-04-08 09:16:12,24.19,6.5,4.453,35.5,Poor,2.5,93.0
AD-001773,2026-04-08 13:14:13,17.25,6.8,3.625,83.8,Good,21.5,0.5
AD-001774,2026-04-08 16:50:00,33.88,6.64,5.474,93.3,Good,7.0,28.3
AD-001775,2026-04-08 17:20:08,29.0,6.67,5.437,64.9,Acceptable,5.5,61.3
AD-001776,2026-04-08 18:09:55,15.69,6.81,3.776,60.0,Acceptable,16.0,2.0
AD-001777,2026-04-08 18:38:44,23.38,6.63,4.349,59.4,Acceptable,8.5,24.3
AD-001778,2026-04-08 18:39:30,29.56,4.84,6.274,0.2,Spoiled,0.0,99.5
AD-001779,2026-04-08 18:40:49,17.0,6.56,4.03,70.1,Acceptable,19.0,0.5
AD-001780,2026-04-08 18:48:23,31.94,6.67,5.843,88.4,Good,7.5,27.0
AD-001781,2026-04-09 05:30:37,35.25,6.54,5.38,88.9,Good,6.5,42.7
AD-001782,2026-04-09 05:32:09,6.44,6.8,2.154,93.3,Good,120.0,0.5
AD-001783,2026-04-09 05:42:47,25.38,6.6,4.633,95.5,Good,13.5,1.0
AD-001784,2026-04-09 05:47:15,15.56,6.93,3.679,73.8,Acceptable,21.0,0.5
AD-001785,2026-04-09 06:34:56,18.0,6.88,4.221,53.1,Acceptable,10.0,12.0
AD-001786,2026-04-09 06:49:19,9.0,6.72,2.89,53.3,Acceptable,29.5,0.7
AD-001787,2026-04-09 07:19:26,25.44,6.71,4.289,97.9,Good,13.0,1.3
AD-001788,2026-04-09 07:26:44,17.12,6.73,3.365,48.7,Poor,10.5,14.7
AD-001789,2026-04-09 07:34:39,25.88,6.21,5.467,23.3,Spoiled,0.5,99.5
AD-001790,2026-04-09 08:13:26,20.19,5.14,4.31,0.0,Spoiled,0.0,99.5
AD-001791,2026-04-09 08:20:52,18.81,6.06,4.014,1.6,Spoiled,0.0,99.5
AD-001792,2026-04-09 08:42:15,5.12,6.96,1.926,91.0,Good,120.0,0.5
AD-001793,2026-04-09 09:02:04,37.12,6.6,4.555,98.2,Good,8.5,14.7
AD-001794,2026-04-09 09:05:37,7.19,6.87,2.752,70.8,Acceptable,70.0,0.5
AD-001795,2026-04-09 09:07:28,31.44,6.64,5.215,78.6,Good,6.5,37.7
AD-001796,2026-04-09 09:08:51,15.38,5.74,3.653,2.7,Spoiled,0.0,99.5
AD-001797,2026-04-09 09:16:43,14.69,6.71,3.485,71.3,Acceptable,24.0,0.5
AD-001798,2026-04-09 09:27:55,29.62,4.91,6.023,0.0,Spoiled,0.0,99.5
AD-001799,2026-04-09 17:03:02,35.31,6.53,5.392,81.9,Good,6.0,56.3
AD-001800,2026-04-09 17:08:19,31.69,6.69,5.818,90.0,Good,8.0,21.0
AD-001801,2026-04-09 17:19:48,18.94,6.68,4.021,56.9,Acceptable,10.5,10.0
AD-001802,2026-04-09 18:47:03,17.31,6.8,3.668,89.3,Good,23.0,0.5
AD-001803,2026-04-09 19:08:19,13.94,6.84,3.413,90.4,Good,37.0,0.5
AD-001804,2026-04-09 19:10:28,16.69,6.84,3.472,90.5,Good,27.5,0.5
AD-001805,2026-04-09 19:17:13,12.88,6.86,3.299,90.6,Good,41.0,0.5
AD-001806,2026-04-09 19:27:40,33.19,6.26,6.201,21.6,Spoiled,0.0,99.5
AD-001807,2026-04-10 05:45:03,27.06,6.41,4.753,32.0,Poor,1.0,98.7
AD-001808,2026-04-10 05:53:56,8.88,6.92,2.661,99.4,Good,84.5,0.5
AD-001809,2026-04-10 05:55:56,15.5,6.48,3.818,26.9,Poor,1.0,88.7
AD-001810,2026-04-10 06:31:12,35.62,6.6,6.474,75.7,Good,5.5,55.0
AD-001811,2026-04-10 06:34:22,28.25,6.53,4.749,76.4,Good,7.5,32.3
AD-001812,2026-04-10 07:17:37,14.38,6.89,4.863,89.4,Good,31.0,0.5
AD-001813,2026-04-10 07:38:40,29.94,6.72,5.066,66.8,Acceptable,6.0,50.7
AD-001814,2026-04-10 08:36:00,12.44,6.78,3.403,60.0,Acceptable,26.0,0.7
AD-001815,2026-04-10 08:55:00,4.69,6.82,2.416,77.0,Good,120.0,0.5
AD-001816,2026-04-10 09:15:53,28.19,5.4,5.566,0.0,Spoiled,0.0,99.5
AD-001817,2026-04-10 13:01:27,12.31,6.73,3.296,80.1,Good,34.5,0.5
AD-001818,2026-04-10 15:13:23,37.25,5.45,7.792,0.0,Spoiled,0.0,99.5
AD-001819,2026-04-10 16:45:10,36.5,6.59,6.122,86.5,Good,6.0,50.7
AD-001820,2026-04-10 16:51:27,6.38,6.8,2.276,98.9,Good,120.0,0.5
AD-001821,2026-04-10 16:52:12,6.81,6.75,2.877,86.2,Good,107.0,0.5
AD-001822,2026-04-10 17:04:09,7.19,6.85,2.7,91.7,Good,109.5,0.5
AD-001823,2026-04-10 18:41:49,7.94,6.84,2.332,58.5,Acceptable,43.0,0.5
AD-001824,2026-04-10 19:13:43,13.19,6.51,3.366,16.7,Spoiled,0.0,99.0
AD-001825,2026-04-10 19:25:27,16.44,6.81,3.94,54.7,Acceptable,13.0,3.3
AD-001826,2026-04-10 22:14:45,33.25,6.61,6.245,77.8,Good,6.5,36.0
AD-001827,2026-04-11 05:40:48,10.0,6.85,3.307,92.7,Good,65.5,0.5
AD-001828,2026-04-11 06:13:04,8.12,6.8,2.742,89.1,Good,75.0,0.5
AD-001829,2026-04-11 06:28:31,22.69,6.77,5.352,75.1,Good,12.0,3.0
AD-001830,2026-04-11 06:34:43,15.5,6.75,3.496,73.5,Acceptable,23.0,0.5
AD-001831,2026-04-11 07:50:08,29.88,4.81,6.764,0.0,Spoiled,0.0,99.5
AD-001832,2026-04-11 07:58:06,22.12,5.03,5.67,0.1,Spoiled,0.0,99.5
AD-001833,2026-04-11 08:12:03,26.69,6.65,7.259,66.8,Acceptable,8.0,25.0
AD-001834,2026-04-11 08:51:29,9.25,6.91,2.835,79.2,Good,52.5,0.5
AD-001835,2026-04-11 09:10:53,35.69,6.61,5.701,100.0,Good,8.0,18.3
AD-001836,2026-04-11 09:25:00,34.5,6.5,5.656,83.7,Good,6.0,49.7
AD-001837,2026-04-11 09:28:17,36.44,6.81,7.11,83.3,Good,6.0,56.0
AD-001838,2026-04-11 16:11:37,36.69,4.8,6.191,0.0,Spoiled,0.0,99.5
AD-001839,2026-04-11 16:13:55,27.38,6.65,5.302,82.8,Good,10.0,6.3
AD-001840,2026-04-11 16:28:36,17.88,6.6,3.894,43.0,Poor,6.0,55.0
AD-001841,2026-04-11 16:39:56,22.38,6.78,3.812,49.6,Poor,6.0,52.0
AD-001842,2026-04-11 17:03:19,39.94,4.81,7.275,0.5,Spoiled,0.0,99.5
AD-001843,2026-04-11 18:15:03,25.56,6.73,5.287,71.6,Acceptable,9.5,11.3
AD-001844,2026-04-11 18:39:09,28.62,6.58,5.274,85.0,Good,9.0,11.3
AD-001845,2026-04-12 05:39:18,33.31,6.65,5.486,66.3,Acceptable,5.0,68.7
AD-001846,2026-04-12 06:07:02,28.88,6.37,5.09,37.6,Poor,1.5,98.7
AD-001847,2026-04-12 06:16:04,27.75,6.57,5.207,47.1,Poor,3.0,94.0
AD-001848,2026-04-12 06:25:15,22.12,6.75,3.65,45.6,Poor,6.0,50.7
AD-001849,2026-04-12 06:36:52,24.31,6.6,4.12,49.3,Poor,5.5,57.7
AD-001850,2026-04-12 07:02:57,9.88,6.71,3.018,65.4,Acceptable,34.5,0.5
AD-001851,2026-04-12 07:17:55,28.25,6.64,5.805,97.9,Good,14.5,0.5
AD-001852,2026-04-12 07:22:36,6.75,6.85,2.567,100.0,Good,120.0,0.5
AD-001853,2026-04-12 07:30:29,31.56,6.57,5.124,82.3,Good,7.5,26.0
AD-001854,2026-04-12 07:52:56,28.88,6.86,5.664,71.4,Acceptable,7.5,28.3
AD-001855,2026-04-12 08:02:15,22.56,5.16,5.244,1.4,Spoiled,0.0,99.5
AD-001856,2026-04-12 08:07:40,8.19,6.78,2.629,96.5,Good,81.5,0.5
AD-001857,2026-04-12 08:26:10,20.62,6.66,4.433,41.0,Poor,5.0,63.7
AD-001858,2026-04-12 09:12:59,34.19,6.59,5.95,93.5,Good,7.5,25.3
AD-001859,2026-04-12 16:53:40,13.81,6.44,2.739,21.6,Spoiled,0.5,89.0
AD-001860,2026-04-12 16:57:11,30.25,6.59,5.402,55.2,Acceptable,3.5,89.7
AD-001861,2026-04-13 05:42:50,22.56,6.77,3.902,47.9,Poor,5.5,55.0
AD-001862,2026-04-13 05:44:57,38.31,5.17,9.0,0.0,Spoiled,0.0,99.5
AD-001863,2026-04-13 05:52:07,31.56,6.66,5.32,86.1,Good,8.0,22.7
AD-001864,2026-04-13 06:17:05,18.69,6.73,4.248,68.3,Acceptable,15.0,0.7
AD-001865,2026-04-13 06:33:55,8.44,6.95,2.692,92.0,Good,90.5,0.5
AD-001866,2026-04-13 06:50:11,37.56,6.51,5.866,94.0,Good,6.5,39.3
AD-001867,2026-04-13 06:59:33,25.88,6.68,4.915,38.3,Poor,3.0,93.3
AD-001868,2026-04-13 07:14:18,12.5,6.96,2.907,82.7,Good,36.0,0.5
AD-001869,2026-04-13 07:20:00,33.19,6.52,5.207,78.7,Good,6.0,45.0
AD-001870,2026-04-13 07:47:13,30.94,6.7,4.867,69.4,Acceptable,6.5,44.7
AD-001871,2026-04-13 07:55:30,32.94,6.58,5.36,84.8,Good,7.5,22.7
AD-001872,2026-04-13 08:07:50,14.06,6.72,3.611,50.1,Acceptable,16.0,3.7
AD-001873,2026-04-13 09:09:50,11.75,6.76,3.349,56.9,Acceptable,23.0,1.7
AD-001874,2026-04-13 09:22:24,6.88,7.0,3.03,88.0,Good,100.0,0.5
AD-001875,2026-04-13 13:46:31,17.0,5.31,4.598,0.0,Spoiled,0.0,99.5
AD-001876,2026-04-13 16:29:15,29.31,5.14,5.785,2.5,Spoiled,0.0,99.5
AD-001877,2026-04-13 17:15:47,27.5,6.26,4.943,27.9,Poor,0.0,99.5
AD-001878,2026-04-13 18:52:13,10.0,6.71,2.686,46.2,Poor,20.0,6.3
AD-001879,2026-04-14 05:42:23,39.25,6.45,6.145,38.0,Poor,1.0,99.5
AD-001880,2026-04-14 05:45:46,22.81,6.62,4.485,48.0,Poor,6.0,54.0
AD-001881,2026-04-14 06:15:00,34.38,6.57,5.587,67.1,Acceptable,5.0,68.0
AD-001882,2026-04-14 07:23:35,11.12,6.9,2.869,74.0,Acceptable,36.5,0.5
AD-001883,2026-04-14 07:26:19,32.12,5.92,6.042,2.3,Spoiled,0.0,99.5
AD-001884,2026-04-14 07:46:08,28.69,4.97,6.442,0.0,Spoiled,0.0,99.5
AD-001885,2026-04-14 08:11:42,7.0,6.86,2.786,89.0,Good,101.0,0.5
AD-001886,2026-04-14 08:15:31,14.38,6.7,3.086,56.8,Acceptable,15.5,3.0
AD-001887,2026-04-14 17:52:14,27.25,4.68,5.872,0.0,Spoiled,0.0,99.5
AD-001888,2026-04-14 18:09:53,13.06,6.78,3.667,82.3,Good,31.0,0.5
AD-001889,2026-04-14 19:20:18,27.56,6.7,5.634,70.3,Acceptable,7.5,32.0
AD-001890,2026-04-14 22:09:18,6.81,6.82,2.572,94.1,Good,111.0,0.5
AD-001891,2026-04-15 05:33:13,17.56,6.84,3.952,72.9,Acceptable,16.5,0.5
AD-001892,2026-04-15 05:37:15,37.5,6.48,6.427,73.6,Acceptable,5.5,63.0
AD-001893,2026-04-15 05:41:36,22.69,6.8,3.95,61.5,Acceptable,8.5,25.3
AD-001894,2026-04-15 05:42:46,21.38,6.79,4.752,59.9,Acceptable,9.0,20.7
AD-001895,2026-04-15 05:54:23,29.56,6.3,5.336,26.2,Poor,0.0,99.5
AD-001896,2026-04-15 06:35:29,6.62,6.84,2.634,86.1,Good,98.5,0.5
AD-001897,2026-04-15 07:07:39,37.5,6.59,5.647,92.9,Good,6.5,36.0
AD-001898,2026-04-15 07:11:41,37.06,6.72,5.079,97.9,Good,6.5,39.0
AD-001899,2026-04-15 08:05:01,32.25,6.6,7.309,72.7,Acceptable,6.0,51.0
AD-001900,2026-04-15 08:06:18,6.75,6.8,2.455,80.2,Good,91.5,0.5
AD-001901,2026-04-15 08:11:18,28.31,6.55,5.117,88.7,Good,10.0,7.0
AD-001902,2026-04-15 08:21:58,10.75,6.92,3.067,89.5,Good,51.5,0.5
AD-001903,2026-04-15 08:38:34,8.06,6.72,2.638,32.6,Poor,9.5,33.3
AD-001904,2026-04-15 08:49:34,29.25,6.71,5.282,51.1,Acceptable,4.0,86.3
AD-001905,2026-04-15 16:25:08,5.69,6.92,2.188,85.9,Good,120.0,0.5
AD-001906,2026-04-15 16:56:54,31.44,5.41,6.997,0.0,Spoiled,0.0,99.5
AD-001907,2026-04-15 17:06:27,22.19,5.05,5.035,0.0,Spoiled,0.0,99.5
AD-001908,2026-04-15 17:51:33,14.56,6.89,3.621,64.1,Acceptable,20.5,0.7
AD-001909,2026-04-15 19:15:13,26.62,6.66,4.474,55.5,Acceptable,5.5,58.3
AD-001910,2026-04-15 19:21:09,15.69,6.61,3.199,27.9,Poor,2.5,81.3
AD-001911,2026-04-15 20:18:30,33.81,6.61,5.279,90.9,Good,7.5,24.7
AD-001912,2026-04-16 05:41:50,12.06,6.19,3.87,0.7,Spoiled,0.0,99.5
AD-001913,2026-04-16 05:49:29,15.12,6.8,3.361,39.4,Poor,7.5,39.3
AD-001914,2026-04-16 06:09:43,15.62,6.79,3.713,64.0,Acceptable,16.5,2.0
AD-001915,2026-04-16 06:10:36,27.0,5.08,6.832,2.6,Spoiled,0.0,99.5
AD-001916,2026-04-16 06:17:25,7.12,6.74,2.558,64.8,Acceptable,59.0,0.5
AD-001917,2026-04-16 06:26:22,9.38,6.87,3.551,87.5,Good,70.0,0.5
AD-001918,2026-04-16 06:28:11,8.31,6.79,2.578,98.2,Good,87.5,0.5
AD-001919,2026-04-16 06:49:43,30.44,6.61,5.619,93.7,Good,9.5,10.7
AD-001920,2026-04-16 07:01:43,20.12,6.81,3.941,38.3,Poor,4.5,75.3
AD-001921,2026-04-16 07:04:53,24.06,6.75,4.412,39.2,Poor,3.0,87.7
AD-001922,2026-04-16 07:13:14,19.0,6.7,3.702,63.7,Acceptable,12.5,2.0
AD-001923,2026-04-16 08:46:43,13.5,6.79,3.446,40.2,Poor,10.0,24.7
AD-001924,2026-04-16 09:12:21,6.56,6.87,2.542,90.9,Good,97.5,0.5
AD-001925,2026-04-16 09:12:59,16.81,6.78,3.975,73.6,Acceptable,20.0,0.5
AD-001926,2026-04-16 09:22:28,26.12,6.72,5.513,76.9,Good,9.5,13.0
AD-001927,2026-04-16 17:08:28,17.12,6.88,3.541,86.1,Good,22.5,0.5
AD-001928,2026-04-16 18:09:02,36.19,6.64,5.606,80.2,Good,5.5,59.0
AD-001929,2026-04-16 18:41:14,19.25,6.7,3.811,50.2,Acceptable,6.5,46.0
AD-001930,2026-04-16 18:52:39,30.94,6.78,5.752,87.5,Good,8.5,20.7
AD-001931,2026-04-16 18:56:57,20.06,6.88,4.059,83.6,Good,17.0,0.5
AD-001932,2026-04-17 05:45:09,26.94,6.43,4.247,37.4,Poor,2.0,99.0
AD-001933,2026-04-17 05:46:32,32.38,6.65,5.622,80.0,Good,7.5,25.7
AD-001934,2026-04-17 05:54:25,9.5,6.95,3.105,88.4,Good,62.5,0.5
AD-001935,2026-04-17 07:43:43,37.0,4.87,6.469,0.2,Spoiled,0.0,99.5
AD-001936,2026-04-17 07:58:34,17.19,6.65,3.944,85.8,Good,22.0,0.5
AD-001937,2026-04-17 08:02:30,14.56,6.83,3.078,92.0,Good,32.0,0.5
AD-001938,2026-04-17 08:46:05,13.88,6.71,3.565,70.9,Acceptable,23.0,0.5
AD-001939,2026-04-17 08:50:10,36.94,5.17,5.812,0.9,Spoiled,0.0,99.5
AD-001940,2026-04-17 09:20:35,19.31,6.12,4.195,9.1,Spoiled,0.0,98.3
AD-001941,2026-04-17 09:24:08,6.19,6.83,2.408,81.3,Good,116.0,0.5
AD-001942,2026-04-17 16:37:49,34.88,6.64,6.213,98.8,Good,9.5,8.7
AD-001943,2026-04-17 17:05:55,13.44,6.9,3.661,35.3,Poor,5.5,51.7
AD-001944,2026-04-17 17:25:37,11.88,6.92,2.815,80.9,Good,39.5,0.5
AD-001945,2026-04-17 17:34:35,14.12,6.98,3.771,85.4,Good,30.5,0.5
AD-001946,2026-04-18 04:49:13,15.62,6.39,3.84,27.4,Poor,1.0,86.7
AD-001947,2026-04-18 05:40:09,29.56,6.66,5.308,92.1,Good,9.5,8.3
AD-001948,2026-04-18 05:45:14,35.38,6.63,5.506,70.0,Acceptable,5.0,71.0
AD-001949,2026-04-18 05:48:49,14.19,6.42,3.688,11.9,Spoiled,0.0,99.5
AD-001950,2026-04-18 06:08:16,15.94,6.83,4.952,73.8,Acceptable,21.0,0.5
AD-001951,2026-04-18 06:26:38,10.06,6.76,2.768,93.6,Good,60.5,0.5
AD-001952,2026-04-18 06:27:31,8.44,6.91,2.938,86.4,Good,75.0,0.5
AD-001953,2026-04-18 06:46:29,14.69,6.74,3.425,92.2,Good,30.5,0.5
AD-001954,2026-04-18 06:58:24,35.12,6.64,6.596,98.4,Good,8.5,13.3
AD-001955,2026-04-18 06:59:49,14.25,6.86,3.065,89.5,Good,34.0,0.5
AD-001956,2026-04-18 07:05:06,35.69,6.46,5.855,75.7,Good,5.0,64.7
AD-001957,2026-04-18 07:23:22,35.94,6.7,6.954,74.8,Acceptable,4.5,79.0
AD-001958,2026-04-18 07:36:06,15.56,5.98,4.117,1.7,Spoiled,0.0,99.3
AD-001959,2026-04-18 07:36:55,10.75,6.81,3.075,64.7,Acceptable,32.0,0.5
AD-001960,2026-04-18 07:41:50,8.38,6.96,2.881,89.4,Good,78.0,0.5
AD-001961,2026-04-18 08:08:28,12.0,6.73,3.484,93.9,Good,47.5,0.5
AD-001962,2026-04-18 08:20:13,32.44,6.63,5.386,76.5,Good,6.0,47.0
AD-001963,2026-04-18 09:28:03,7.69,6.87,2.926,97.4,Good,112.0,0.5
AD-001964,2026-04-18 16:37:48,9.56,6.83,3.21,94.8,Good,64.0,0.5
AD-001965,2026-04-18 18:02:59,24.62,6.76,4.821,52.0,Acceptable,5.5,55.7
AD-001966,2026-04-18 18:52:36,34.19,6.6,5.277,79.1,Good,6.0,49.7
AD-001967,2026-04-19 05:54:24,11.88,6.72,2.962,36.4,Poor,8.0,38.3
AD-001968,2026-04-19 06:13:12,31.94,6.45,5.415,41.9,Poor,2.0,98.3
AD-001969,2026-04-19 06:14:31,15.88,6.88,3.448,59.5,Acceptable,15.0,1.7
AD-001970,2026-04-19 06:17:29,28.06,5.09,5.805,1.3,Spoiled,0.0,99.5
AD-001971,2026-04-19 06:32:21,13.31,6.66,3.785,29.5,Poor,3.0,73.0
AD-001972,2026-04-19 06:52:06,21.12,6.72,5.619,58.5,Acceptable,9.0,20.0
AD-001973,2026-04-19 06:58:23,34.94,6.65,5.032,100.0,Good,8.0,19.0
AD-001974,2026-04-19 07:11:16,13.25,6.83,3.434,75.5,Good,30.0,0.5
AD-001975,2026-04-19 07:17:27,14.75,6.79,3.652,93.9,Good,35.5,0.5
AD-001976,2026-04-19 07:32:57,3.62,7.05,1.62,93.8,Good,120.0,0.5
AD-001977,2026-04-19 07:42:09,8.88,6.72,2.949,100.0,Good,74.5,0.5
AD-001978,2026-04-19 08:04:01,18.25,6.62,3.671,67.0,Acceptable,15.5,1.0
AD-001979,2026-04-19 08:10:07,30.62,6.67,5.098,79.1,Good,7.0,29.0
AD-001980,2026-04-19 08:34:18,13.5,6.84,3.515,92.6,Good,38.0,0.5
AD-001981,2026-04-19 08:44:37,7.75,6.81,2.845,100.0,Good,108.5,0.5
AD-001982,2026-04-19 09:28:28,37.06,6.58,6.409,73.9,Acceptable,5.5,62.3
AD-001983,2026-04-19 16:10:31,16.56,6.74,4.241,65.9,Acceptable,16.0,1.7
AD-001984,2026-04-19 17:29:35,19.5,6.74,3.832,50.1,Acceptable,6.0,54.0
AD-001985,2026-04-19 17:57:41,36.31,5.03,6.794,0.4,Spoiled,0.0,99.5
AD-001986,2026-04-19 18:24:24,14.19,6.37,3.323,9.2,Spoiled,0.0,99.3
AD-001987,2026-04-20 06:15:15,12.12,6.41,3.317,12.3,Spoiled,0.0,97.7
AD-001988,2026-04-20 06:21:57,22.88,4.95,5.864,3.0,Spoiled,0.0,99.5
AD-001989,2026-04-20 06:25:41,18.88,6.7,4.385,61.8,Acceptable,11.5,8.3
AD-001990,2026-04-20 06:30:28,17.44,6.66,3.746,32.6,Poor,3.0,81.7
AD-001991,2026-04-20 06:58:44,3.69,6.88,2.574,92.7,Good,120.0,0.5
AD-001992,2026-04-20 07:41:26,37.5,6.56,5.841,100.0,Good,8.5,18.7
AD-001993,2026-04-20 07:53:26,11.81,6.84,2.48,66.8,Acceptable,30.5,0.5
AD-001994,2026-04-20 08:16:37,13.81,6.86,3.721,73.5,Acceptable,26.5,0.5
AD-001995,2026-04-20 08:40:30,36.75,6.5,5.562,92.8,Good,6.0,54.7
AD-001996,2026-04-20 08:44:35,38.31,6.09,4.999,5.5,Spoiled,0.0,99.5
AD-001997,2026-04-20 08:56:41,33.44,6.61,5.597,100.0,Good,9.0,10.0
AD-001998,2026-04-20 08:57:37,22.44,5.43,5.128,3.9,Spoiled,0.0,99.5
AD-001999,2026-04-20 09:23:50,6.88,6.87,2.887,89.4,Good,108.5,0.5
AD-002000,2026-04-20 10:31:33,6.62,6.81,2.461,77.4,Good,86.0,0.5
AD-002001,2026-04-20 16:32:14,21.75,6.48,3.899,40.2,Poor,3.5,80.0
AD-002002,2026-04-20 16:45:44,20.75,5.22,4.956,3.1,Spoiled,0.0,99.5
AD-002003,2026-04-20 16:54:10,34.5,6.58,6.103,34.1,Poor,1.0,99.5
AD-002004,2026-04-20 17:02:16,14.56,6.81,3.752,83.7,Good,30.0,0.5
AD-002005,2026-04-20 18:47:49,4.62,6.98,2.121,67.6,Acceptable,114.0,0.5
AD-002006,2026-04-21 05:34:25,15.25,6.86,3.757,49.1,Poor,10.5,17.3
AD-002007,2026-04-21 05:35:59,11.88,6.23,3.21,13.4,Spoiled,0.0,98.0
AD-002008,2026-04-21 05:57:49,26.69,5.0,5.769,0.4,Spoiled,0.0,99.5
AD-002009,2026-04-21 06:33:22,32.75,6.7,5.374,95.8,Good,8.5,13.7
AD-002010,2026-04-21 06:53:03,34.75,6.75,5.636,90.8,Good,6.5,38.0
AD-002011,2026-04-21 07:18:19,10.31,6.91,3.083,90.6,Good,56.0,0.5
AD-002012,2026-04-21 07:22:36,10.19,6.87,3.049,68.3,Acceptable,38.0,0.5
AD-002013,2026-04-21 07:30:33,8.0,6.84,2.913,89.9,Good,82.0,0.5
AD-002014,2026-04-21 07:38:58,7.94,6.99,2.896,88.0,Good,88.0,0.5
AD-002015,2026-04-21 07:39:27,8.31,6.74,2.354,88.9,Good,78.0,0.5
AD-002016,2026-04-21 08:31:48,26.69,6.75,4.717,53.9,Acceptable,5.0,72.0
AD-002017,2026-04-21 08:35:49,34.38,6.52,5.666,100.0,Good,8.0,16.0
AD-002018,2026-04-21 16:00:34,28.56,6.65,4.822,65.4,Acceptable,6.5,41.7
AD-002019,2026-04-21 16:07:21,12.44,6.65,2.952,100.0,Good,54.0,0.5
AD-002020,2026-04-21 17:18:44,34.69,6.58,5.911,79.7,Good,6.0,45.7
AD-002021,2026-04-21 19:05:30,15.12,6.78,3.883,30.4,Poor,3.0,72.0
AD-002022,2026-04-22 06:14:53,18.75,6.52,4.371,38.7,Poor,4.0,73.3
AD-002023,2026-04-22 06:20:43,12.81,6.72,3.127,76.1,Good,33.5,0.5
AD-002024,2026-04-22 06:23:17,4.06,6.94,1.706,65.2,Acceptable,120.0,0.5
AD-002025,2026-04-22 06:51:22,22.62,4.76,4.827,3.6,Spoiled,0.0,99.5
AD-002026,2026-04-22 07:36:39,26.69,5.4,5.18,0.0,Spoiled,0.0,99.5
AD-002027,2026-04-22 08:09:43,12.06,6.7,3.053,43.9,Poor,14.5,8.7
AD-002028,2026-04-22 08:14:00,37.25,4.69,7.058,2.0,Spoiled,0.0,99.5
AD-002029,2026-04-22 08:54:02,16.75,6.8,4.143,87.3,Good,24.5,0.5
AD-002030,2026-04-22 09:20:27,7.56,6.88,2.815,95.3,Good,101.5,0.5
AD-002031,2026-04-22 16:11:06,7.5,7.0,2.377,92.0,Good,95.0,0.5
AD-002032,2026-04-22 16:12:45,8.25,6.77,2.38,92.0,Good,93.0,0.5
AD-002033,2026-04-22 16:39:23,8.5,6.77,3.085,93.4,Good,79.0,0.5
AD-002034,2026-04-22 16:56:52,26.38,6.56,5.383,90.2,Good,11.5,3.3
AD-002035,2026-04-22 18:03:55,13.75,6.9,3.109,71.6,Acceptable,26.0,0.5
AD-002036,2026-04-22 18:54:32,22.5,5.87,4.776,0.0,Spoiled,0.0,99.5
AD-002037,2026-04-23 06:15:43,36.12,6.69,5.717,93.6,Good,7.5,25.3
AD-002038,2026-04-23 07:00:14,33.06,6.7,5.322,93.8,Good,7.5,34.3
AD-002039,2026-04-23 07:40:56,26.94,6.7,5.018,31.2,Poor,1.5,97.7
AD-002040,2026-04-23 07:46:27,27.94,6.6,4.915,65.5,Acceptable,6.5,37.0
AD-002041,2026-04-23 08:04:41,24.0,6.65,4.749,56.3,Acceptable,7.0,38.7
AD-002042,2026-04-23 08:23:39,29.94,6.75,5.49,96.7,Good,10.5,5.0
AD-002043,2026-04-23 08:24:55,9.94,6.74,2.758,92.1,Good,59.5,0.5
AD-002044,2026-04-23 08:26:54,17.69,6.7,3.938,48.4,Poor,9.0,17.7
AD-002045,2026-04-23 08:50:58,12.88,6.62,3.398,29.7,Poor,3.0,69.3
AD-002046,2026-04-23 09:24:44,34.25,6.68,5.1,62.1,Acceptable,4.5,75.3
AD-002047,2026-04-23 16:00:20,8.81,6.66,2.752,80.8,Good,64.0,0.5
AD-002048,2026-04-23 16:09:37,35.25,6.69,6.004,97.9,Good,8.5,17.3
AD-002049,2026-04-23 16:36:01,9.19,6.78,3.237,90.8,Good,69.5,0.5
AD-002050,2026-04-23 16:51:27,17.5,6.69,3.835,48.2,Poor,9.5,18.0
AD-002051,2026-04-23 16:59:19,17.12,6.7,3.822,57.3,Acceptable,13.0,4.0
AD-002052,2026-04-23 17:27:23,18.62,6.65,3.946,50.9,Acceptable,8.5,22.7
AD-002053,2026-04-23 19:24:54,14.62,6.87,3.801,90.0,Good,30.0,0.5
AD-002054,2026-04-24 05:31:13,11.81,6.92,3.462,62.8,Acceptable,26.5,0.5
AD-002055,2026-04-24 05:51:58,11.75,6.81,2.712,98.6,Good,62.0,0.5
AD-002056,2026-04-24 05:54:48,36.44,6.43,6.514,99.8,Good,8.0,19.7
AD-002057,2026-04-24 06:23:40,12.81,6.77,3.29,81.1,Good,34.5,0.5
AD-002058,2026-04-24 06:49:59,14.69,6.82,4.829,67.2,Acceptable,22.0,0.5
AD-002059,2026-04-24 06:54:04,7.94,6.68,2.51,28.3,Poor,1.0,65.3
AD-002060,2026-04-24 06:56:28,34.12,6.51,5.861,98.2,Good,8.5,16.0
AD-002061,2026-04-24 07:21:10,19.75,6.82,4.537,55.4,Acceptable,9.0,18.7
AD-002062,2026-04-24 07:57:48,17.94,6.62,3.752,40.2,Poor,6.5,47.7
AD-002063,2026-04-24 08:32:27,14.5,6.79,3.151,73.2,Acceptable,22.0,0.5
AD-002064,2026-04-24 09:23:41,18.19,4.86,5.151,1.9,Spoiled,0.0,99.5
AD-002065,2026-04-24 17:21:11,5.75,6.88,2.743,66.8,Acceptable,79.5,0.5
AD-002066,2026-04-24 17:30:44,16.19,6.88,4.119,61.8,Acceptable,15.5,0.5
AD-002067,2026-04-24 19:21:37,11.94,5.95,3.444,1.7,Spoiled,0.0,99.5
AD-002068,2026-04-25 00:46:21,16.62,6.64,4.12,51.3,Acceptable,10.5,17.7
AD-002069,2026-04-25 05:46:45,5.0,6.77,2.345,42.1,Poor,29.0,19.0
AD-002070,2026-04-25 06:15:39,38.38,6.43,5.668,61.0,Acceptable,3.0,96.0
AD-002071,2026-04-25 06:20:23,25.06,4.84,5.516,0.4,Spoiled,0.0,99.5
AD-002072,2026-04-25 06:27:36,9.19,6.84,3.203,93.8,Good,79.5,0.5
AD-002073,2026-04-25 06:48:26,37.0,6.58,5.987,100.0,Good,7.5,24.3
AD-002074,2026-04-25 07:07:06,9.5,6.91,3.394,92.0,Good,73.0,0.5
AD-002075,2026-04-25 07:25:03,27.25,6.57,5.933,85.8,Good,10.0,7.7
AD-002076,2026-04-25 08:00:20,14.94,6.49,3.705,39.3,Poor,7.0,44.7
AD-002077,2026-04-25 08:26:05,18.12,6.68,3.836,74.0,Acceptable,16.5,0.5
AD-002078,2026-04-25 09:24:30,14.88,6.22,4.024,0.0,Spoiled,0.0,99.5
AD-002079,2026-04-25 09:27:40,34.75,4.84,6.116,0.6,Spoiled,0.0,99.5
AD-002080,2026-04-25 16:26:13,36.12,6.52,5.723,99.0,Good,8.5,11.3
AD-002081,2026-04-25 17:12:46,7.12,6.85,2.562,75.6,Good,78.5,0.5
AD-002082,2026-04-25 17:28:27,21.06,6.62,4.552,46.9,Poor,5.5,57.3
AD-002083,2026-04-25 17:51:10,28.19,6.61,5.284,43.5,Poor,2.5,96.7
AD-002084,2026-04-25 18:14:09,25.06,6.31,5.035,30.6,Poor,1.0,99.0
AD-002085,2026-04-25 18:24:03,10.56,6.93,2.946,100.0,Good,71.5,0.5
AD-002086,2026-04-25 18:41:54,27.81,6.67,5.205,96.1,Good,12.5,1.3
AD-002087,2026-04-25 18:58:13,24.38,6.58,4.694,56.3,Acceptable,6.0,56.3
AD-002088,2026-04-25 19:04:05,28.69,6.21,5.588,26.9,Poor,0.0,99.5
AD-002089,2026-04-25 19:21:25,16.06,6.74,3.384,56.8,Acceptable,12.5,10.7
AD-002090,2026-04-26 06:30:07,34.06,6.61,5.297,64.0,Acceptable,4.0,81.3
AD-002091,2026-04-26 06:46:01,22.75,6.46,4.781,33.8,Poor,2.0,95.0
AD-002092,2026-04-26 07:00:27,9.94,6.74,2.93,46.0,Poor,16.5,12.3
AD-002093,2026-04-26 07:11:26,6.06,6.93,2.327,91.0,Good,120.0,0.5
AD-002094,2026-04-26 07:12:30,9.0,6.84,3.287,90.6,Good,65.5,0.5
AD-002095,2026-04-26 07:31:12,17.19,6.79,4.224,73.8,Acceptable,17.0,0.7
AD-002096,2026-04-26 08:05:19,19.38,6.69,4.136,64.1,Acceptable,12.5,3.7
AD-002097,2026-04-26 08:52:35,16.38,6.7,3.875,65.7,Acceptable,17.0,0.7
AD-002098,2026-04-26 16:08:36,12.44,6.65,3.463,44.8,Poor,11.5,14.3
AD-002099,2026-04-26 16:17:33,17.12,6.76,3.874,77.6,Good,22.0,0.5
AD-002100,2026-04-26 16:28:48,24.12,5.22,4.733,1.9,Spoiled,0.0,99.5
AD-002101,2026-04-26 16:40:09,23.12,4.89,4.791,0.5,Spoiled,0.0,99.5
AD-002102,2026-04-26 16:57:47,14.62,6.8,3.116,64.8,Acceptable,19.5,0.7
AD-002103,2026-04-26 17:27:04,14.38,6.73,3.917,88.8,Good,32.5,0.5
AD-002104,2026-04-26 17:37:23,37.12,6.54,5.821,89.2,Good,6.5,47.7
AD-002105,2026-04-26 17:41:58,8.31,6.79,2.491,86.6,Good,74.0,0.5
AD-002106,2026-04-26 18:36:32,36.12,6.67,5.662,85.0,Good,6.0,45.0
AD-002107,2026-04-26 19:17:33,16.12,6.71,3.547,50.8,Acceptable,10.0,17.0
AD-002108,2026-04-26 19:17:48,35.44,6.33,6.879,23.5,Spoiled,0.0,99.5
AD-002109,2026-04-26 19:27:03,7.56,6.94,3.008,95.9,Good,99.0,0.5
AD-002110,2026-04-27 06:03:14,16.69,6.84,3.831,97.2,Good,26.5,0.5
AD-002111,2026-04-27 06:20:16,13.62,6.81,3.756,86.4,Good,37.0,0.5
AD-002112,2026-04-27 06:23:44,30.0,4.83,6.293,0.0,Spoiled,0.0,99.5
AD-002113,2026-04-27 06:24:08,13.19,6.84,3.644,49.2,Poor,13.5,11.0
AD-002114,2026-04-27 06:26:46,7.31,6.85,2.464,92.3,Good,93.5,0.5
AD-002115,2026-04-27 08:53:19,8.69,6.84,2.673,92.4,Good,74.0,0.5
AD-002116,2026-04-27 08:59:02,16.62,6.63,3.6,15.0,Spoiled,0.0,99.5
AD-002117,2026-04-27 16:59:01,36.88,6.65,5.22,98.9,Good,7.5,29.0
AD-002118,2026-04-27 17:09:58,12.12,6.69,3.329,100.0,Good,51.5,0.5
AD-002119,2026-04-27 17:10:49,10.0,6.52,3.066,26.5,Poor,0.0,73.7
AD-002120,2026-04-27 18:01:09,33.5,6.59,6.802,51.7,Acceptable,3.0,93.7
AD-002121,2026-04-28 05:43:37,7.38,6.73,2.516,83.8,Good,83.5,0.5
AD-002122,2026-04-28 05:48:47,13.06,5.69,3.883,2.4,Spoiled,0.0,99.5
AD-002123,2026-04-28 06:32:27,6.75,6.86,2.723,80.1,Good,101.0,0.5
AD-002124,2026-04-28 06:49:45,21.94,6.86,6.261,69.4,Acceptable,10.0,12.7
AD-002125,2026-04-28 07:27:48,17.38,6.82,3.802,97.6,Good,26.5,0.5
AD-002126,2026-04-28 07:48:57,34.75,6.51,5.637,87.5,Good,7.0,36.0
AD-002127,2026-04-28 08:15:10,8.31,6.86,2.634,87.2,Good,89.0,0.5
AD-002128,2026-04-28 08:47:59,4.19,6.86,2.298,77.0,Good,120.0,0.5
AD-002129,2026-04-28 09:19:15,22.19,6.79,5.139,42.7,Poor,5.0,66.3
AD-002130,2026-04-28 09:24:11,10.38,6.59,2.54,32.2,Poor,6.0,53.7
AD-002131,2026-04-28 16:29:26,12.94,6.85,3.141,85.0,Good,37.0,0.5
AD-002132,2026-04-28 17:00:09,29.75,6.57,5.411,50.7,Acceptable,4.0,86.7
AD-002133,2026-04-28 17:49:30,13.5,6.75,3.188,71.1,Acceptable,23.0,0.5
AD-002134,2026-04-28 17:52:31,12.0,5.88,2.841,0.0,Spoiled,0.0,99.5
AD-002135,2026-04-28 17:57:34,28.94,6.74,5.207,59.4,Acceptable,5.0,69.0
AD-002136,2026-04-28 18:10:37,13.75,6.81,3.885,77.4,Good,27.5,0.5
AD-002137,2026-04-29 06:11:00,36.5,6.67,5.586,97.0,Good,8.0,20.7
AD-002138,2026-04-29 06:24:36,23.44,5.0,4.532,5.7,Spoiled,0.0,99.5
AD-002139,2026-04-29 06:37:10,33.5,4.68,7.294,0.0,Spoiled,0.0,99.5
AD-002140,2026-04-29 07:54:58,34.81,4.89,6.71,0.2,Spoiled,0.0,99.5
AD-002141,2026-04-29 08:26:59,9.69,6.84,2.851,87.5,Good,62.5,0.5
AD-002142,2026-04-29 08:57:17,5.81,6.82,2.449,93.5,Good,120.0,0.5
AD-002143,2026-04-29 09:18:01,14.62,6.73,3.752,79.4,Good,26.0,0.5
AD-002144,2026-04-29 09:25:07,15.69,6.71,3.704,45.8,Poor,8.0,34.7
AD-002145,2026-04-29 13:00:44,9.38,6.86,2.724,41.2,Poor,19.5,12.3
AD-002146,2026-04-29 16:00:47,5.69,6.82,2.329,82.7,Good,120.0,0.5
AD-002147,2026-04-29 16:22:03,32.62,6.59,5.775,79.0,Good,6.5,41.3
AD-002148,2026-04-29 16:46:41,11.62,5.93,3.478,0.0,Spoiled,0.0,99.5
AD-002149,2026-04-29 16:47:12,3.62,6.89,2.113,90.0,Good,120.0,0.5
AD-002150,2026-04-29 16:50:38,7.69,6.89,3.093,100.0,Good,120.0,0.5
AD-002151,2026-04-29 17:06:48,19.94,6.82,4.04,65.9,Acceptable,12.5,4.0
AD-002152,2026-04-29 17:13:24,31.12,6.55,5.346,89.0,Good,8.0,18.0
AD-002153,2026-04-29 18:41:12,25.88,6.69,4.27,60.6,Acceptable,7.0,34.7
AD-002154,2026-04-29 18:54:39,10.25,6.72,3.035,78.9,Good,47.5,0.5
AD-002155,2026-04-30 05:47:02,23.19,6.78,5.074,77.6,Good,12.0,2.3
AD-002156,2026-04-30 06:01:31,38.69,6.51,6.257,32.5,Poor,1.0,99.5
AD-002157,2026-04-30 06:05:12,31.06,6.5,4.752,73.8,Acceptable,6.0,48.7
AD-002158,2026-04-30 07:03:09,33.25,6.58,5.934,69.2,Acceptable,5.0,68.0
AD-002159,2026-04-30 07:06:31,13.94,6.48,3.799,28.4,Poor,2.0,81.0
AD-002160,2026-04-30 07:18:46,5.06,6.77,2.35,76.1,Good,120.0,0.5
AD-002161,2026-04-30 07:28:44,22.31,6.82,4.982,70.7,Acceptable,10.0,9.7
AD-002162,2026-04-30 08:24:25,6.0,6.94,2.342,99.7,Good,120.0,0.5
AD-002163,2026-04-30 08:24:43,27.19,5.18,6.156,2.1,Spoiled,0.0,99.5
AD-002164,2026-04-30 08:49:17,34.69,6.8,7.735,55.6,Acceptable,3.5,93.3
AD-002165,2026-04-30 09:15:08,12.31,6.79,3.678,85.0,Good,37.0,0.5
AD-002166,2026-04-30 09:28:44,9.25,6.9,2.825,67.5,Acceptable,47.0,0.5
AD-002167,2026-04-30 19:01:52,2.69,6.97,2.152,86.7,Good,120.0,0.5
AD-002168,2026-04-30 19:28:44,14.69,6.76,3.934,43.3,Poor,9.5,26.0
AD-002169,2026-05-01 06:04:43,27.31,6.52,5.763,85.9,Good,10.5,5.7
AD-002170,2026-05-01 06:07:26,6.0,6.92,2.172,91.3,Good,120.0,0.5
AD-002171,2026-05-01 06:11:24,18.81,5.96,4.241,0.0,Spoiled,0.0,99.5
AD-002172,2026-05-01 06:20:43,36.62,6.14,5.886,26.5,Poor,0.0,99.5
AD-002173,2026-05-01 06:23:38,34.25,4.98,6.577,4.2,Spoiled,0.0,99.5
AD-002174,2026-05-01 06:29:53,34.19,6.71,5.821,84.3,Good,7.0,32.7
AD-002175,2026-05-01 06:36:47,30.38,6.6,5.391,81.9,Good,8.0,19.3
AD-002176,2026-05-01 06:59:14,4.75,6.9,2.149,100.0,Good,120.0,0.5
AD-002177,2026-05-01 07:20:51,19.69,6.79,4.455,75.7,Good,16.5,0.5
AD-002178,2026-05-01 08:23:17,33.06,6.72,4.709,92.6,Good,7.5,22.0
AD-002179,2026-05-01 09:07:18,32.44,6.64,5.61,52.0,Acceptable,3.5,91.3
AD-002180,2026-05-01 09:14:33,17.56,6.71,3.711,46.2,Poor,7.0,39.7
AD-002181,2026-05-01 17:13:24,5.44,6.82,2.289,96.0,Good,120.0,0.5
AD-002182,2026-05-01 18:17:46,13.62,6.57,3.039,32.1,Poor,4.0,71.0
AD-002183,2026-05-01 19:00:54,13.25,6.68,3.782,63.4,Acceptable,23.5,0.5
AD-002184,2026-05-01 19:43:41,9.94,6.92,3.017,51.2,Acceptable,22.0,4.0
AD-002185,2026-05-02 01:18:14,15.38,6.82,3.787,59.9,Acceptable,17.0,2.0
AD-002186,2026-05-02 05:30:27,20.19,6.89,4.153,69.4,Acceptable,11.5,6.0
AD-002187,2026-05-02 05:30:48,14.81,6.15,3.491,1.9,Spoiled,0.0,99.5
AD-002188,2026-05-02 05:31:43,37.25,6.59,6.554,59.7,Acceptable,4.0,88.0
AD-002189,2026-05-02 05:32:15,36.81,6.68,6.548,94.4,Good,7.0,32.7
AD-002190,2026-05-02 06:16:28,35.19,6.53,6.596,100.0,Good,8.0,18.0
AD-002191,2026-05-02 06:23:15,16.31,5.53,3.28,2.1,Spoiled,0.0,99.5
AD-002192,2026-05-02 06:32:28,35.75,6.66,5.078,88.6,Good,7.0,40.7
AD-002193,2026-05-02 06:49:07,32.56,6.63,5.292,88.1,Good,7.5,19.7
AD-002194,2026-05-02 07:00:40,4.31,6.88,2.461,91.7,Good,120.0,0.5
AD-002195,2026-05-02 08:11:55,10.12,6.94,3.414,73.9,Acceptable,47.0,0.5
AD-002196,2026-05-02 08:15:17,14.69,6.84,3.544,90.3,Good,33.0,0.5
AD-002197,2026-05-02 08:37:12,37.75,6.62,6.271,81.3,Good,5.0,67.7
AD-002198,2026-05-02 08:44:26,15.06,6.86,3.621,56.7,Acceptable,16.5,2.0
AD-002199,2026-05-02 08:57:50,32.12,6.58,4.978,84.7,Good,8.0,23.7
AD-002200,2026-05-02 09:29:27,9.75,6.94,2.651,73.3,Acceptable,44.5,0.5
AD-002201,2026-05-02 16:01:53,10.94,6.68,3.244,46.7,Poor,20.0,3.0
AD-002202,2026-05-02 16:07:00,11.25,7.0,3.238,98.6,Good,54.0,0.5
AD-002203,2026-05-02 16:14:03,7.75,6.89,2.395,98.5,Good,113.0,0.5
AD-002204,2026-05-02 16:20:13,39.25,6.46,6.59,39.9,Poor,1.0,99.5
AD-002205,2026-05-02 17:05:42,14.31,6.63,3.604,23.7,Spoiled,0.0,94.3
AD-002206,2026-05-02 18:48:36,34.12,5.99,5.704,1.9,Spoiled,0.0,99.5
AD-002207,2026-05-02 19:12:38,21.56,4.76,5.115,0.2,Spoiled,0.0,99.5
AD-002208,2026-05-03 06:00:29,14.44,6.97,3.953,59.5,Acceptable,15.5,4.0
AD-002209,2026-05-03 06:19:15,30.88,4.94,7.08,0.0,Spoiled,0.0,99.5
AD-002210,2026-05-03 06:38:18,26.44,6.5,6.547,39.0,Poor,2.0,97.0
AD-002211,2026-05-03 06:40:15,7.88,6.76,2.841,46.8,Poor,27.5,3.3
AD-002212,2026-05-03 06:46:32,35.19,6.62,5.638,98.9,Good,8.0,23.3
AD-002213,2026-05-03 07:02:50,37.88,6.47,4.565,72.0,Acceptable,4.5,78.3
AD-002214,2026-05-03 07:24:14,9.62,6.97,3.069,96.8,Good,73.5,0.5
AD-002215,2026-05-03 08:09:26,30.12,6.34,5.948,30.4,Poor,0.5,99.5
AD-002216,2026-05-03 08:48:16,34.25,5.03,6.477,2.0,Spoiled,0.0,99.5
AD-002217,2026-05-03 16:08:57,21.19,4.76,5.256,0.0,Spoiled,0.0,99.5
AD-002218,2026-05-03 17:47:26,7.69,6.91,2.85,91.7,Good,97.5,0.5
AD-002219,2026-05-03 18:31:13,13.19,6.79,3.437,100.0,Good,48.0,0.5
AD-002220,2026-05-03 18:54:43,27.75,4.8,6.179,0.5,Spoiled,0.0,99.5
AD-002221,2026-05-03 19:26:25,9.12,6.82,2.906,100.0,Good,91.0,0.5
AD-002222,2026-05-04 06:09:52,3.62,6.75,2.432,100.0,Good,120.0,0.5
AD-002223,2026-05-04 06:11:25,21.31,6.69,4.603,40.5,Poor,3.0,88.7
AD-002224,2026-05-04 06:33:47,37.69,6.52,5.748,96.3,Good,7.5,29.7
AD-002225,2026-05-04 07:19:33,15.25,6.68,3.681,78.4,Good,26.0,0.5
AD-002226,2026-05-04 07:33:08,36.44,6.7,7.153,100.0,Good,8.0,22.7
AD-002227,2026-05-04 07:36:34,17.31,6.05,4.344,0.0,Spoiled,0.0,99.5
AD-002228,2026-05-04 07:39:01,15.62,5.7,3.982,3.0,Spoiled,0.0,99.5
AD-002229,2026-05-04 07:41:53,36.25,6.45,5.899,88.3,Good,6.0,47.3
AD-002230,2026-05-04 07:51:52,22.0,6.57,4.451,43.3,Poor,3.5,81.0
AD-002231,2026-05-04 07:59:27,5.25,6.9,2.418,90.7,Good,120.0,0.5
AD-002232,2026-05-04 08:12:23,6.38,6.91,2.661,92.2,Good,118.0,0.5
AD-002233,2026-05-04 08:12:41,14.56,6.93,3.525,88.8,Good,32.5,0.5
AD-002234,2026-05-04 08:18:54,34.0,5.97,6.244,0.0,Spoiled,0.0,99.5
AD-002235,2026-05-04 08:29:06,38.81,6.56,6.303,90.6,Good,6.0,53.7
AD-002236,2026-05-04 08:29:34,18.88,6.69,3.543,80.6,Good,17.5,0.5
AD-002237,2026-05-04 17:12:25,35.12,6.58,5.602,80.2,Good,6.0,47.7
AD-002238,2026-05-04 17:16:30,5.56,6.93,2.138,92.2,Good,120.0,0.5
AD-002239,2026-05-04 17:24:55,4.19,6.95,1.885,81.5,Good,120.0,0.5
AD-002240,2026-05-04 17:53:00,14.5,6.68,3.398,63.1,Acceptable,19.5,0.5
AD-002241,2026-05-04 19:26:09,11.25,6.96,3.086,88.4,Good,46.0,0.5
AD-002242,2026-05-04 19:29:02,25.5,6.76,4.822,51.7,Acceptable,5.0,71.0
AD-002243,2026-05-05 06:24:13,30.19,6.84,6.422,94.7,Good,9.0,10.0
AD-002244,2026-05-05 06:41:33,3.38,6.92,2.192,85.9,Good,120.0,0.5
AD-002245,2026-05-05 07:02:51,27.38,6.65,5.236,72.9,Acceptable,7.5,28.7
AD-002246,2026-05-05 07:06:26,35.31,6.6,5.522,85.4,Good,5.5,70.7
AD-002247,2026-05-05 07:31:27,33.69,6.62,5.339,70.8,Acceptable,5.0,69.0
AD-002248,2026-05-05 07:42:57,33.38,6.21,4.862,15.2,Spoiled,0.0,99.5
AD-002249,2026-05-05 07:57:24,36.25,6.65,6.202,79.9,Good,5.0,68.0
AD-002250,2026-05-05 09:19:29,32.69,6.66,5.553,74.7,Acceptable,5.5,58.7
AD-002251,2026-05-05 09:25:06,9.44,6.87,3.142,64.9,Acceptable,39.0,0.5
AD-002252,2026-05-05 16:26:14,10.81,6.82,2.804,88.3,Good,53.5,0.5
AD-002253,2026-05-05 16:34:16,8.12,6.83,3.055,100.0,Good,116.5,0.5
AD-002254,2026-05-05 17:20:26,16.69,6.66,4.312,27.9,Poor,2.0,87.0
AD-002255,2026-05-05 17:58:59,10.25,6.82,3.321,46.8,Poor,23.0,2.3
AD-002256,2026-05-05 18:44:31,13.38,6.84,3.25,97.4,Good,42.5,0.5
AD-002257,2026-05-05 18:55:12,7.94,6.71,2.476,58.2,Acceptable,40.5,0.5
AD-002258,2026-05-05 19:25:03,21.81,4.84,4.524,0.2,Spoiled,0.0,99.5
AD-002259,2026-05-06 00:49:08,25.75,6.15,5.866,18.3,Spoiled,0.0,99.5
AD-002260,2026-05-06 05:32:46,32.81,6.63,5.793,99.2,Good,8.5,14.7
AD-002261,2026-05-06 05:50:39,33.12,6.69,4.913,89.0,Good,7.5,26.0
AD-002262,2026-05-06 06:03:32,13.69,6.82,3.421,85.9,Good,30.5,0.5
AD-002263,2026-05-06 06:35:29,13.19,6.82,3.759,76.5,Good,30.5,0.5
AD-002264,2026-05-06 06:48:04,7.69,6.79,3.079,90.5,Good,93.0,0.5
AD-002265,2026-05-06 06:53:44,35.81,6.65,5.622,82.0,Good,6.5,41.7
AD-002266,2026-05-06 06:58:27,34.31,6.6,5.706,79.8,Good,6.0,54.0
AD-002267,2026-05-06 07:01:44,19.31,4.9,4.839,2.6,Spoiled,0.0,99.5
AD-002268,2026-05-06 07:09:25,37.19,6.74,6.839,84.1,Good,5.5,56.3
AD-002269,2026-05-06 07:35:38,36.62,6.62,5.988,99.2,Good,8.0,18.7
AD-002270,2026-05-06 07:57:15,8.12,6.88,2.546,78.3,Good,68.0,0.5
AD-002271,2026-05-06 08:00:59,29.88,6.61,4.557,89.2,Good,8.5,20.0
AD-002272,2026-05-06 08:18:39,5.94,6.85,2.292,89.5,Good,120.0,0.5
AD-002273,2026-05-06 08:39:59,16.0,6.66,3.618,92.3,Good,29.5,0.5
AD-002274,2026-05-06 08:52:48,27.88,6.64,5.241,60.7,Acceptable,5.5,64.3
AD-002275,2026-05-06 09:27:57,13.69,6.66,3.327,32.8,Poor,5.5,54.7
AD-002276,2026-05-06 16:10:46,29.56,6.59,5.3,65.4,Acceptable,5.5,59.0
AD-002277,2026-05-06 16:39:14,36.12,6.71,6.703,94.6,Good,7.0,35.0
AD-002278,2026-05-06 17:50:36,12.94,6.69,3.788,100.0,Good,47.0,0.5
AD-002279,2026-05-06 18:07:52,34.69,6.59,6.062,82.5,Good,6.5,45.0
AD-002280,2026-05-06 18:58:45,21.44,6.3,5.158,18.5,Spoiled,0.0,99.5
AD-002281,2026-05-06 19:23:50,32.06,6.64,5.603,87.7,Good,7.5,21.3
AD-002282,2026-05-07 00:20:48,19.19,6.1,4.214,19.5,Spoiled,0.0,98.7
AD-002283,2026-05-07 06:19:13,19.06,6.73,3.908,59.1,Acceptable,11.5,6.7
AD-002284,2026-05-07 06:48:09,36.5,6.62,5.921,100.0,Good,9.0,13.3
AD-002285,2026-05-07 07:55:06,9.31,6.88,3.002,84.8,Good,61.5,0.5
AD-002286,2026-05-07 08:09:15,20.5,6.66,4.068,82.1,Good,15.5,0.5
AD-002287,2026-05-07 08:15:09,13.0,5.72,3.996,3.6,Spoiled,0.0,99.5
AD-002288,2026-05-07 09:00:49,7.56,6.3,2.21,17.2,Spoiled,0.0,92.7
AD-002289,2026-05-07 16:20:04,8.88,6.95,3.032,100.0,Good,92.0,0.5
AD-002290,2026-05-07 17:45:18,6.12,7.17,2.908,81.0,Good,120.0,0.5
AD-002291,2026-05-07 18:10:43,5.19,6.76,2.515,99.1,Good,120.0,0.5
AD-002292,2026-05-07 18:22:02,7.25,6.77,2.747,86.2,Good,97.0,0.5
AD-002293,2026-05-07 18:40:36,8.25,6.77,2.641,69.5,Acceptable,54.5,0.5
AD-002294,2026-05-07 18:51:57,25.56,6.65,5.208,73.1,Acceptable,9.5,13.0
AD-002295,2026-05-07 18:55:17,22.62,5.39,5.214,0.0,Spoiled,0.0,99.5
AD-002296,2026-05-07 19:25:58,37.94,6.54,5.709,80.7,Good,5.5,62.7
AD-002297,2026-05-08 05:59:13,35.5,6.53,6.302,90.3,Good,7.0,28.7
AD-002298,2026-05-08 06:04:13,35.12,5.45,6.412,0.1,Spoiled,0.0,99.5
AD-002299,2026-05-08 06:39:58,16.62,6.77,4.1,92.2,Good,27.5,0.5
AD-002300,2026-05-08 06:43:35,9.25,6.87,2.942,47.9,Poor,24.0,4.7
AD-002301,2026-05-08 07:18:24,29.44,6.58,5.684,59.5,Acceptable,5.5,66.0
AD-002302,2026-05-08 07:26:46,13.38,6.7,3.678,66.3,Acceptable,24.5,0.5
AD-002303,2026-05-08 07:47:39,6.5,6.82,1.838,86.5,Good,120.0,0.5
AD-002304,2026-05-08 08:13:32,18.81,6.72,4.21,71.8,Acceptable,14.5,1.7
AD-002305,2026-05-08 08:13:57,28.62,4.76,5.449,0.8,Spoiled,0.0,99.5
AD-002306,2026-05-08 08:58:43,4.81,6.98,2.44,87.5,Good,120.0,0.5
AD-002307,2026-05-08 18:41:23,36.19,6.69,6.017,87.7,Good,6.5,43.0
AD-002308,2026-05-08 19:07:23,33.19,6.64,6.335,72.1,Acceptable,5.5,57.3
AD-002309,2026-05-08 19:17:30,24.0,6.42,4.591,30.8,Poor,1.0,98.7
AD-002310,2026-05-09 05:57:12,15.62,6.73,3.294,53.1,Acceptable,13.5,7.3
AD-002311,2026-05-09 06:04:48,27.75,6.58,4.65,66.1,Acceptable,7.0,40.7
AD-002312,2026-05-09 06:27:38,31.69,5.06,6.271,1.9,Spoiled,0.0,99.5
AD-002313,2026-05-09 06:50:04,15.19,6.65,3.954,67.6,Acceptable,20.5,0.5
AD-002314,2026-05-09 07:15:08,4.94,6.81,2.255,93.6,Good,120.0,0.5
AD-002315,2026-05-09 07:20:30,19.56,5.3,4.801,0.0,Spoiled,0.0,99.5
AD-002316,2026-05-09 07:51:01,5.75,6.94,2.19,99.9,Good,120.0,0.5
AD-002317,2026-05-09 08:04:06,35.5,6.63,6.196,96.3,Good,7.5,25.0
AD-002318,2026-05-09 08:20:03,32.81,5.17,5.633,0.0,Spoiled,0.0,99.5
AD-002319,2026-05-09 08:30:01,13.0,6.1,4.063,0.3,Spoiled,0.0,99.5
AD-002320,2026-05-09 08:56:14,3.69,6.83,2.168,86.3,Good,120.0,0.5
AD-002321,2026-05-09 08:59:57,9.0,6.86,2.716,99.4,Good,79.5,0.5
AD-002322,2026-05-09 09:14:30,17.19,6.69,3.876,69.1,Acceptable,15.5,0.7
AD-002323,2026-05-09 16:16:22,36.38,6.57,5.889,64.3,Acceptable,3.5,91.0
AD-002324,2026-05-09 16:45:05,32.56,6.74,6.096,88.9,Good,7.5,26.7
AD-002325,2026-05-09 17:06:58,27.5,6.55,4.992,56.6,Acceptable,5.0,67.7
AD-002326,2026-05-09 17:55:56,16.5,6.59,3.518,68.1,Acceptable,18.5,0.5
AD-002327,2026-05-09 18:41:01,5.69,6.86,2.121,86.4,Good,120.0,0.5
AD-002328,2026-05-09 18:45:10,21.5,6.46,4.57,31.2,Poor,1.0,97.3
AD-002329,2026-05-10 05:51:17,33.5,6.65,5.337,72.5,Acceptable,5.0,68.0
AD-002330,2026-05-10 06:01:04,4.62,6.9,2.157,99.5,Good,120.0,0.5
AD-002331,2026-05-10 06:03:14,11.12,6.58,3.017,32.0,Poor,4.0,65.3
AD-002332,2026-05-10 06:26:13,5.81,6.93,2.551,77.4,Good,115.5,0.5
AD-002333,2026-05-10 06:40:55,23.0,6.69,6.207,56.7,Acceptable,7.0,39.3
AD-002334,2026-05-10 07:08:05,29.81,5.04,6.314,0.1,Spoiled,0.0,99.5
AD-002335,2026-05-10 07:28:10,5.31,6.84,2.477,98.7,Good,120.0,0.5
AD-002336,2026-05-10 07:32:13,4.5,6.94,2.165,81.5,Good,120.0,0.5
AD-002337,2026-05-10 07:49:14,6.31,6.79,2.686,83.9,Good,104.0,0.5
AD-002338,2026-05-10 07:50:04,28.0,6.74,4.768,75.9,Good,8.0,24.0
AD-002339,2026-05-10 07:50:32,15.94,6.31,4.498,22.7,Spoiled,0.0,95.3
AD-002340,2026-05-10 07:51:05,33.44,6.75,5.328,86.4,Good,7.0,34.0
AD-002341,2026-05-10 08:23:52,28.56,6.69,4.707,74.0,Acceptable,7.0,35.3
AD-002342,2026-05-10 08:31:28,7.38,6.85,2.854,85.0,Good,87.0,0.5
AD-002343,2026-05-10 08:32:51,19.0,6.8,4.623,53.8,Acceptable,9.0,26.7
AD-002344,2026-05-10 08:34:49,28.62,6.74,5.976,81.6,Good,8.5,15.3
AD-002345,2026-05-10 08:55:58,11.81,6.78,3.071,92.1,Good,48.0,0.5
AD-002346,2026-05-10 09:05:56,14.38,6.85,3.475,85.2,Good,30.5,0.5
AD-002347,2026-05-10 09:24:14,10.56,6.72,2.96,100.0,Good,65.5,0.5
AD-002348,2026-05-10 09:27:43,11.19,6.77,3.063,63.0,Acceptable,26.0,0.5
AD-002349,2026-05-10 16:30:35,4.56,6.91,2.497,88.3,Good,120.0,0.5
AD-002350,2026-05-10 16:49:41,14.81,6.77,3.454,100.0,Good,36.5,0.5
AD-002351,2026-05-10 17:07:08,4.31,6.86,2.369,89.5,Good,120.0,0.5
AD-002352,2026-05-10 19:19:14,16.81,5.23,4.607,0.0,Spoiled,0.0,99.5
AD-002353,2026-05-11 06:24:50,22.12,6.51,4.346,45.1,Poor,5.0,67.7
AD-002354,2026-05-11 07:41:43,12.62,6.79,3.212,92.9,Good,43.0,0.5
AD-002355,2026-05-11 07:56:19,6.25,7.08,2.506,83.8,Good,108.5,0.5
AD-002356,2026-05-11 08:43:29,14.12,6.5,3.955,29.4,Poor,1.5,82.7
AD-002357,2026-05-11 08:51:32,37.38,6.52,5.426,90.5,Good,6.5,44.0
AD-002358,2026-05-11 09:14:53,16.44,6.71,3.221,40.2,Poor,6.0,54.0
AD-002359,2026-05-11 16:24:06,13.12,6.2,3.296,7.9,Spoiled,0.0,98.3
AD-002360,2026-05-11 16:37:02,35.19,5.65,5.071,3.6,Spoiled,0.0,99.5
AD-002361,2026-05-11 16:50:34,12.19,6.71,3.537,71.8,Acceptable,33.0,0.5
AD-002362,2026-05-11 19:03:24,8.81,6.76,2.745,98.7,Good,108.5,0.5
AD-002363,2026-05-11 19:03:32,21.5,6.76,4.402,76.9,Good,13.5,1.3
AD-002364,2026-05-11 19:04:56,35.0,6.53,6.05,51.9,Acceptable,2.5,97.3
AD-002365,2026-05-11 19:35:35,12.19,6.14,4.219,2.6,Spoiled,0.0,99.5
AD-002366,2026-05-12 06:35:15,11.38,6.79,2.981,46.4,Poor,16.5,6.3
AD-002367,2026-05-12 06:41:12,11.06,6.77,3.17,57.3,Acceptable,25.5,0.5
AD-002368,2026-05-12 06:45:51,15.12,6.73,3.622,63.1,Acceptable,17.5,0.5
AD-002369,2026-05-12 07:12:54,18.06,6.76,4.688,95.0,Good,22.5,0.5
AD-002370,2026-05-12 07:24:39,31.62,5.17,6.174,0.0,Spoiled,0.0,99.5
AD-002371,2026-05-12 07:39:11,21.62,6.72,4.809,54.9,Acceptable,7.0,36.3
AD-002372,2026-05-12 07:57:58,28.06,6.73,4.237,73.5,Acceptable,8.0,28.3
AD-002373,2026-05-12 08:02:50,31.88,6.68,4.85,94.2,Good,8.5,15.7
AD-002374,2026-05-12 08:12:26,26.88,4.96,6.083,0.0,Spoiled,0.0,99.5
AD-002375,2026-05-12 08:40:54,37.06,6.56,5.398,97.5,Good,8.0,20.3
AD-002376,2026-05-12 08:51:04,11.06,6.8,3.355,49.9,Poor,21.0,3.3
AD-002377,2026-05-12 08:53:12,36.62,6.52,4.55,52.5,Acceptable,2.5,97.7
AD-002378,2026-05-12 08:58:57,21.12,4.92,5.691,0.0,Spoiled,0.0,99.5
AD-002379,2026-05-12 09:22:13,17.56,6.71,3.803,43.6,Poor,7.0,40.0
AD-002380,2026-05-12 16:28:58,6.56,6.74,2.461,86.5,Good,100.0,0.5
AD-002381,2026-05-12 16:31:11,32.88,6.78,6.078,78.8,Good,6.0,48.7
AD-002382,2026-05-12 16:51:53,33.94,6.65,5.558,95.8,Good,8.0,21.7
AD-002383,2026-05-12 18:10:55,5.44,6.88,2.194,91.3,Good,120.0,0.5
AD-002384,2026-05-12 18:59:00,11.5,6.92,3.003,100.0,Good,72.5,0.5
AD-002385,2026-05-13 05:31:52,12.94,6.76,3.425,76.4,Good,31.5,0.5
AD-002386,2026-05-13 05:54:05,6.56,6.89,2.757,77.8,Good,89.5,0.5
AD-002387,2026-05-13 06:28:04,16.31,6.78,3.693,50.4,Acceptable,11.0,14.0
AD-002388,2026-05-13 06:38:10,15.31,6.44,3.871,27.2,Poor,1.0,85.7
AD-002389,2026-05-13 07:06:20,23.38,6.63,4.718,46.7,Poor,4.0,73.0
AD-002390,2026-05-13 07:39:53,30.06,6.74,5.744,86.7,Good,9.0,13.0
AD-002391,2026-05-13 07:40:28,26.5,4.78,6.414,1.8,Spoiled,0.0,99.5
AD-002392,2026-05-13 08:41:39,17.69,6.74,3.989,30.2,Poor,3.0,82.3
AD-002393,2026-05-13 09:03:03,14.56,6.88,3.15,99.0,Good,36.5,0.5
AD-002394,2026-05-13 09:27:00,22.5,6.65,4.122,39.0,Poor,3.0,91.3
AD-002395,2026-05-13 11:25:20,14.31,6.21,4.506,0.0,Spoiled,0.0,99.0
AD-002396,2026-05-13 17:04:46,11.69,7.02,2.974,68.7,Acceptable,30.5,0.5
AD-002397,2026-05-13 17:19:08,32.44,6.63,5.375,70.5,Acceptable,5.0,73.7
AD-002398,2026-05-13 17:52:43,16.38,6.78,4.222,39.2,Poor,6.5,49.3
AD-002399,2026-05-13 17:55:04,15.62,6.75,3.745,41.9,Poor,7.0,41.7
AD-002400,2026-05-13 18:27:25,8.88,7.03,2.744,73.1,Acceptable,52.0,0.5
AD-002401,2026-05-13 18:47:55,31.75,5.63,4.679,0.0,Spoiled,0.0,99.5
AD-002402,2026-05-13 18:50:59,36.88,6.55,5.526,81.7,Good,5.5,69.3
AD-002403,2026-05-13 18:54:19,4.75,6.85,2.19,83.3,Good,120.0,0.5
AD-002404,2026-05-14 01:22:05,15.81,6.74,3.953,72.8,Acceptable,18.5,0.7
AD-002405,2026-05-14 06:09:05,16.19,6.68,3.973,91.3,Good,27.5,0.5
AD-002406,2026-05-14 06:31:28,6.44,6.91,3.511,89.7,Good,108.5,0.5
AD-002407,2026-05-14 06:35:17,18.31,5.21,5.624,0.0,Spoiled,0.0,99.5
AD-002408,2026-05-14 06:37:12,12.25,6.89,3.121,90.0,Good,44.5,0.5
AD-002409,2026-05-14 06:38:49,28.38,6.44,5.267,34.5,Poor,1.0,99.5
AD-002410,2026-05-14 06:42:30,15.0,6.84,3.012,67.5,Acceptable,22.0,0.5
AD-002411,2026-05-14 08:14:45,36.38,5.82,6.514,1.2,Spoiled,0.0,99.5
AD-002412,2026-05-14 08:38:28,12.56,6.77,3.581,69.2,Acceptable,30.0,0.5
AD-002413,2026-05-14 09:04:49,3.56,6.87,2.123,86.0,Good,120.0,0.5
AD-002414,2026-05-14 09:09:09,36.06,6.69,6.323,100.0,Good,7.5,20.0
AD-002415,2026-05-14 09:18:28,25.62,6.72,4.662,63.3,Acceptable,7.5,32.0
AD-002416,2026-05-14 16:18:36,35.56,6.53,5.302,100.0,Good,8.0,22.7
AD-002417,2026-05-14 16:29:51,25.88,6.84,4.752,81.2,Good,10.0,8.0
AD-002418,2026-05-14 16:33:43,6.56,6.97,2.605,86.3,Good,106.5,0.5
AD-002419,2026-05-14 17:08:21,12.56,6.65,3.141,72.6,Acceptable,29.5,0.5
AD-002420,2026-05-14 17:42:12,22.75,6.11,4.476,13.8,Spoiled,0.0,99.3
AD-002421,2026-05-14 18:21:15,36.75,6.57,5.426,87.5,Good,6.5,43.7
AD-002422,2026-05-14 19:10:55,12.5,6.57,3.136,24.6,Spoiled,0.0,85.3
AD-002423,2026-05-15 05:37:53,9.69,6.78,3.156,46.3,Poor,20.5,7.3
AD-002424,2026-05-15 06:36:54,12.38,6.6,3.164,23.8,Spoiled,0.0,81.0
AD-002425,2026-05-15 06:57:49,14.12,6.83,3.602,69.7,Acceptable,23.5,0.5
AD-002426,2026-05-15 07:30:50,24.81,6.65,5.389,63.4,Acceptable,7.0,35.7
AD-002427,2026-05-15 07:48:01,35.81,6.54,5.754,98.9,Good,8.0,19.3
AD-002428,2026-05-15 08:00:07,29.81,6.57,5.056,55.1,Acceptable,4.5,75.7
AD-002429,2026-05-15 08:01:01,9.5,6.79,3.154,100.0,Good,82.0,0.5
AD-002430,2026-05-15 08:12:14,7.25,6.79,2.759,85.0,Good,86.0,0.5
AD-002431,2026-05-15 09:16:26,7.06,6.8,2.433,95.0,Good,115.5,0.5
AD-002432,2026-05-15 16:04:26,28.19,6.66,6.141,90.2,Good,10.5,4.0
AD-002433,2026-05-15 16:46:49,25.81,5.13,5.506,0.0,Spoiled,0.0,99.5
AD-002434,2026-05-15 17:48:24,28.06,6.2,4.888,7.6,Spoiled,0.0,99.5
AD-002435,2026-05-15 17:54:03,29.19,6.57,5.618,49.9,Poor,3.5,88.3
AD-002436,2026-05-15 18:09:47,31.5,6.64,5.106,71.9,Acceptable,6.0,48.7
AD-002437,2026-05-15 18:13:17,21.69,6.64,4.459,73.1,Acceptable,12.5,3.7
AD-002438,2026-05-15 18:15:42,17.94,6.66,3.457,35.6,Poor,3.5,79.0
AD-002439,2026-05-15 18:35:41,35.06,6.53,6.0,83.6,Good,7.0,33.7
AD-002440,2026-05-15 19:00:59,10.06,6.88,2.646,80.6,Good,49.5,0.5
AD-002441,2026-05-16 06:04:56,9.69,6.23,3.225,0.0,Spoiled,0.0,96.0
AD-002442,2026-05-16 06:18:50,12.06,6.82,3.362,75.7,Good,33.5,0.5
AD-002443,2026-05-16 06:48:17,8.25,6.73,2.927,66.9,Acceptable,56.5,0.5
AD-002444,2026-05-16 06:54:21,24.75,5.14,5.479,0.0,Spoiled,0.0,99.5
AD-002445,2026-05-16 07:28:56,14.44,6.82,3.465,95.7,Good,36.5,0.5
AD-002446,2026-05-16 08:03:10,32.81,6.52,5.871,43.3,Poor,2.0,98.3
AD-002447,2026-05-16 08:55:13,33.69,6.56,5.469,96.6,Good,8.0,25.0
AD-002448,2026-05-16 09:19:34,17.44,6.7,4.136,52.2,Acceptable,10.0,17.3
AD-002449,2026-05-16 16:04:52,6.44,6.87,2.4,77.9,Good,92.0,0.5
AD-002450,2026-05-16 17:00:57,37.38,6.64,6.054,76.8,Good,5.0,68.7
AD-002451,2026-05-16 17:15:08,28.31,6.45,5.286,51.3,Acceptable,4.5,78.7
AD-002452,2026-05-16 18:12:32,32.56,6.66,6.271,51.7,Acceptable,3.5,92.7
AD-002453,2026-05-16 18:27:13,20.88,6.67,4.268,58.0,Acceptable,9.5,14.7
AD-002454,2026-05-16 18:27:18,23.62,5.03,5.024,0.0,Spoiled,0.0,99.5
AD-002455,2026-05-16 18:31:11,33.06,6.56,5.177,90.2,Good,7.5,22.0
AD-002456,2026-05-16 18:59:49,5.94,6.96,2.567,89.0,Good,120.0,0.5
AD-002457,2026-05-17 00:16:44,24.0,6.46,4.633,43.7,Poor,4.0,79.3
AD-002458,2026-05-17 02:32:02,7.31,6.92,2.892,81.7,Good,85.0,0.5
AD-002459,2026-05-17 05:42:18,17.31,6.65,4.042,60.7,Acceptable,12.0,6.7
AD-002460,2026-05-17 06:38:23,14.56,6.71,3.937,85.0,Good,29.0,0.5
AD-002461,2026-05-17 07:11:03,14.0,6.8,3.566,63.5,Acceptable,22.0,0.5
AD-002462,2026-05-17 07:33:11,19.5,5.24,4.712,0.0,Spoiled,0.0,99.5
AD-002463,2026-05-17 08:28:54,8.38,6.73,2.432,88.2,Good,79.0,0.5
AD-002464,2026-05-17 08:57:54,6.19,6.95,1.902,83.0,Good,120.0,0.5
AD-002465,2026-05-17 09:03:08,34.5,6.66,5.869,87.6,Good,7.0,31.3
AD-002466,2026-05-17 09:16:28,33.25,6.52,5.443,81.2,Good,7.0,31.7
AD-002467,2026-05-17 16:51:49,30.69,5.06,6.157,0.0,Spoiled,0.0,99.5
AD-002468,2026-05-17 18:11:08,40.0,4.82,7.185,0.0,Spoiled,0.0,99.5
AD-002469,2026-05-17 18:28:10,16.25,6.71,3.398,87.4,Good,24.5,0.5
AD-002470,2026-05-18 05:38:25,10.94,6.81,3.109,34.4,Poor,7.5,48.0
AD-002471,2026-05-18 06:24:40,36.88,6.58,5.225,83.6,Good,5.5,59.7
AD-002472,2026-05-18 07:12:28,27.25,6.57,4.839,47.5,Poor,4.0,79.3
AD-002473,2026-05-18 07:13:30,11.94,6.82,3.261,39.8,Poor,11.0,23.7
AD-002474,2026-05-18 07:42:13,11.5,6.76,3.517,98.5,Good,56.5,0.5
AD-002475,2026-05-18 08:31:47,39.19,6.36,5.827,47.4,Poor,2.0,98.3
AD-002476,2026-05-18 08:50:08,7.44,6.65,2.698,37.3,Poor,20.5,12.0
AD-002477,2026-05-18 09:16:11,20.25,5.32,4.928,2.3,Spoiled,0.0,99.5
AD-002478,2026-05-18 09:17:12,19.62,4.99,4.973,3.3,Spoiled,0.0,99.5
AD-002479,2026-05-18 09:20:41,29.5,6.59,5.062,98.8,Good,10.5,5.3
AD-002480,2026-05-19 00:23:08,23.44,6.26,4.337,20.2,Spoiled,0.0,99.5
AD-002481,2026-05-19 05:40:10,19.88,6.47,4.344,27.4,Poor,1.0,95.3
AD-002482,2026-05-19 05:49:01,25.88,6.72,5.026,77.0,Good,9.5,10.7
AD-002483,2026-05-19 05:50:54,24.06,6.69,4.366,59.7,Acceptable,7.0,33.3
AD-002484,2026-05-19 06:23:02,26.88,6.55,4.921,67.0,Acceptable,7.0,39.3
AD-002485,2026-05-19 06:30:44,14.5,6.54,3.812,38.0,Poor,7.0,47.3
AD-002486,2026-05-19 07:06:58,5.38,6.87,2.277,54.3,Acceptable,60.0,0.5
AD-002487,2026-05-19 07:08:59,16.94,6.85,4.229,74.4,Acceptable,20.0,0.5
AD-002488,2026-05-19 07:09:04,20.69,6.57,4.208,36.7,Poor,3.0,84.3
AD-002489,2026-05-19 07:44:29,36.12,6.45,6.008,34.0,Poor,1.0,99.5
AD-002490,2026-05-19 08:00:48,22.25,6.63,4.43,35.5,Poor,4.0,81.0
AD-002491,2026-05-19 08:07:52,18.5,6.7,4.089,49.7,Poor,7.5,31.7
AD-002492,2026-05-19 08:54:23,14.5,6.84,3.574,80.6,Good,26.5,0.5
AD-002493,2026-05-19 09:05:55,12.88,6.92,2.976,49.4,Poor,16.0,6.7
AD-002494,2026-05-19 09:13:40,34.88,6.62,5.621,85.9,Good,6.5,41.3
AD-002495,2026-05-19 16:04:36,34.0,6.69,5.959,88.0,Good,7.0,35.0
AD-002496,2026-05-19 16:54:28,12.0,6.76,3.089,44.5,Poor,15.0,9.0
AD-002497,2026-05-19 16:55:13,14.62,6.72,3.653,50.9,Acceptable,12.5,12.7
AD-002498,2026-05-19 17:21:09,29.06,6.23,5.507,19.9,Spoiled,0.0,99.5
AD-002499,2026-05-19 17:45:18,15.81,6.86,3.574,94.2,Good,29.5,0.5
AD-002500,2026-05-19 17:56:23,34.81,6.52,6.169,85.5,Good,7.0,35.7
AD-002501,2026-05-20 00:23:28,31.06,6.31,5.814,30.3,Poor,1.0,99.5
AD-002502,2026-05-20 05:36:59,10.56,6.85,3.002,62.7,Acceptable,31.0,0.5
AD-002503,2026-05-20 05:59:55,15.81,6.51,3.92,26.9,Poor,1.5,88.7
AD-002504,2026-05-20 07:08:55,31.19,6.56,5.315,28.9,Poor,0.5,99.5
AD-002505,2026-05-20 07:12:13,14.75,6.89,3.351,86.0,Good,29.0,0.5
AD-002506,2026-05-20 07:48:51,27.38,6.18,6.168,22.7,Spoiled,0.0,99.5
AD-002507,2026-05-20 08:43:11,23.56,6.69,5.124,92.6,Good,14.0,0.5
AD-002508,2026-05-20 09:02:20,35.06,6.49,5.478,64.1,Acceptable,3.5,88.3
AD-002509,2026-05-20 18:00:37,10.12,6.96,2.924,99.1,Good,63.5,0.5
AD-002510,2026-05-20 18:09:14,7.81,6.99,2.356,79.4,Good,67.0,0.5
AD-002511,2026-05-20 18:18:26,14.69,6.86,3.491,93.8,Good,36.5,0.5
AD-002512,2026-05-20 18:25:29,6.81,6.79,2.368,86.2,Good,112.0,0.5
AD-002513,2026-05-20 18:34:12,35.75,6.58,6.071,80.1,Good,5.0,66.0
AD-002514,2026-05-20 19:07:07,16.94,6.75,3.764,65.5,Acceptable,16.5,0.5
AD-002515,2026-05-20 19:13:06,35.62,6.65,7.898,54.4,Acceptable,3.0,98.0
AD-002516,2026-05-21 05:51:20,33.81,6.59,5.563,91.5,Good,7.5,26.0
AD-002517,2026-05-21 06:54:17,4.94,6.9,2.328,83.7,Good,120.0,0.5
AD-002518,2026-05-21 06:55:17,34.44,6.68,4.848,81.7,Good,6.0,48.0
AD-002519,2026-05-21 06:57:11,19.38,6.65,4.248,78.9,Good,16.0,0.5
AD-002520,2026-05-21 07:10:41,35.06,6.64,5.736,94.7,Good,7.5,28.3
AD-002521,2026-05-21 07:14:40,22.25,5.46,4.479,0.9,Spoiled,0.0,99.5
AD-002522,2026-05-21 07:26:58,12.06,6.75,3.502,57.6,Acceptable,22.5,0.5
AD-002523,2026-05-21 07:32:16,34.06,6.62,5.672,90.9,Good,7.5,26.7
AD-002524,2026-05-21 08:06:55,32.75,6.69,4.828,92.9,Good,7.5,26.0
AD-002525,2026-05-21 08:41:57,15.88,6.65,3.558,79.3,Good,25.5,0.5
AD-002526,2026-05-21 17:29:07,7.5,6.83,2.589,82.6,Good,79.0,0.5
AD-002527,2026-05-21 18:03:17,27.88,6.77,4.997,53.3,Acceptable,4.0,83.7
AD-002528,2026-05-21 18:27:18,25.19,6.66,4.982,83.3,Good,10.5,5.3
AD-002529,2026-05-21 18:30:15,7.94,6.88,2.786,85.5,Good,76.0,0.5
AD-002530,2026-05-21 18:46:55,4.56,7.08,2.635,80.6,Good,120.0,0.5
AD-002531,2026-05-21 19:26:01,3.88,6.98,2.024,82.6,Good,120.0,0.5
AD-002532,2026-05-22 00:08:57,19.0,5.44,5.201,0.6,Spoiled,0.0,99.5
AD-002533,2026-05-22 06:31:22,2.81,6.91,2.015,96.3,Good,120.0,0.5
AD-002534,2026-05-22 06:44:30,27.31,6.53,4.947,61.9,Acceptable,6.5,47.3
AD-002535,2026-05-22 06:54:38,20.94,6.66,4.203,66.5,Acceptable,12.0,2.3
AD-002536,2026-05-22 06:58:28,10.69,6.9,3.408,96.9,Good,58.5,0.5
AD-002537,2026-05-22 07:02:24,15.06,6.79,3.689,63.8,Acceptable,17.5,0.5
AD-002538,2026-05-22 07:33:48,28.94,5.29,5.836,0.3,Spoiled,0.0,99.5
AD-002539,2026-05-22 07:36:34,14.5,6.77,3.874,76.9,Good,25.0,0.5
AD-002540,2026-05-22 07:37:29,36.0,6.48,6.241,87.9,Good,6.5,41.0
AD-002541,2026-05-22 07:59:56,21.25,6.69,4.402,49.0,Poor,6.5,44.0
AD-002542,2026-05-22 08:22:59,13.06,6.54,3.607,18.0,Spoiled,0.0,96.7
AD-002543,2026-05-22 08:49:40,36.62,6.52,6.191,95.7,Good,7.0,27.7
AD-002544,2026-05-22 15:03:03,33.38,5.84,6.387,0.0,Spoiled,0.0,99.5
AD-002545,2026-05-22 16:34:35,12.0,6.65,3.268,49.0,Poor,17.0,4.7
AD-002546,2026-05-22 16:56:37,25.69,5.92,5.214,0.0,Spoiled,0.0,99.5
AD-002547,2026-05-22 18:20:47,25.75,6.77,3.993,72.7,Acceptable,9.0,15.3
AD-002548,2026-05-23 05:51:52,15.94,6.7,3.86,32.9,Poor,4.5,68.0
AD-002549,2026-05-23 06:02:15,20.81,6.55,3.67,36.2,Poor,3.5,77.3
AD-002550,2026-05-23 06:16:24,21.19,6.6,4.429,45.7,Poor,5.0,69.0
AD-002551,2026-05-23 06:31:59,11.94,6.77,3.347,67.1,Acceptable,31.0,0.5
AD-002552,2026-05-23 06:46:01,11.25,6.8,3.303,100.0,Good,60.0,0.5
AD-002553,2026-05-23 06:51:06,4.12,6.94,2.299,95.1,Good,120.0,0.5
AD-002554,2026-05-23 07:25:48,18.5,6.92,4.225,66.4,Acceptable,13.5,2.3
AD-002555,2026-05-23 07:50:06,35.62,6.45,6.446,82.2,Good,6.0,54.7
AD-002556,2026-05-23 07:59:35,38.56,6.47,5.51,47.0,Poor,2.0,99.5
AD-002557,2026-05-23 08:20:03,29.5,6.64,5.859,81.2,Good,7.5,30.3
AD-002558,2026-05-23 08:49:50,13.69,6.07,3.757,0.0,Spoiled,0.0,99.5
AD-002559,2026-05-23 09:08:23,32.5,6.49,5.508,96.3,Good,8.5,11.7
AD-002560,2026-05-23 16:10:52,17.12,6.76,3.861,49.1,Poor,9.0,25.0
AD-002561,2026-05-23 16:24:42,4.94,6.82,2.011,90.5,Good,120.0,0.5
AD-002562,2026-05-23 16:27:01,28.56,6.77,6.076,71.5,Acceptable,7.0,34.7
AD-002563,2026-05-23 18:54:54,7.44,6.88,2.456,82.2,Good,89.0,0.5
AD-002564,2026-05-23 18:59:49,7.0,7.11,2.705,84.3,Good,101.5,0.5
AD-002565,2026-05-24 05:31:37,5.19,6.82,2.337,99.1,Good,120.0,0.5
AD-002566,2026-05-24 05:39:24,7.94,6.75,2.4,97.4,Good,101.0,0.5
AD-002567,2026-05-24 05:52:13,29.44,6.56,5.175,63.5,Acceptable,5.5,57.0
AD-002568,2026-05-24 05:58:19,14.38,6.84,4.276,48.5,Poor,13.0,7.3
AD-002569,2026-05-24 06:07:54,4.19,6.85,1.949,95.0,Good,120.0,0.5
AD-002570,2026-05-24 06:47:55,15.44,6.75,3.591,68.7,Acceptable,18.5,0.7
AD-002571,2026-05-24 06:52:11,23.88,6.59,3.603,45.6,Poor,4.0,81.7
AD-002572,2026-05-24 07:23:22,29.75,4.74,6.432,2.5,Spoiled,0.0,99.5
AD-002573,2026-05-24 07:27:59,16.69,6.51,3.812,30.1,Poor,1.0,91.0
AD-002574,2026-05-24 07:31:56,20.0,6.66,4.498,84.6,Good,17.0,0.5
AD-002575,2026-05-24 07:42:10,13.56,6.71,3.414,79.8,Good,31.5,0.5
AD-002576,2026-05-24 07:44:33,18.38,6.77,4.893,50.9,Acceptable,8.5,22.3
AD-002577,2026-05-24 08:16:51,11.0,6.94,3.304,99.3,Good,66.5,0.5
AD-002578,2026-05-24 08:30:14,33.38,6.52,5.6,73.9,Acceptable,5.5,61.0
AD-002579,2026-05-24 08:51:57,27.38,6.67,4.388,59.2,Acceptable,6.0,48.7
AD-002580,2026-05-24 08:57:34,31.12,5.78,6.16,0.1,Spoiled,0.0,99.5
AD-002581,2026-05-24 16:07:59,26.69,5.22,5.474,0.0,Spoiled,0.0,99.5
AD-002582,2026-05-24 16:25:22,31.12,6.64,4.484,95.5,Good,8.5,12.7
AD-002583,2026-05-24 17:01:55,27.5,5.3,5.358,0.0,Spoiled,0.0,99.5
AD-002584,2026-05-24 18:17:03,37.56,4.83,6.316,0.5,Spoiled,0.0,99.5
AD-002585,2026-05-25 06:16:48,11.5,6.74,3.264,58.9,Acceptable,26.0,0.5
AD-002586,2026-05-25 06:34:02,25.56,5.12,5.524,1.6,Spoiled,0.0,99.5
AD-002587,2026-05-25 06:55:25,16.12,6.77,3.89,75.4,Good,21.0,0.5
AD-002588,2026-05-25 07:08:36,24.19,5.08,4.891,0.0,Spoiled,0.0,99.5
AD-002589,2026-05-25 07:24:28,35.56,5.31,6.616,0.0,Spoiled,0.0,99.5
AD-002590,2026-05-25 07:42:27,15.69,6.63,4.2,43.1,Poor,8.0,40.7
AD-002591,2026-05-25 07:48:14,4.19,6.88,2.258,79.1,Good,120.0,0.5
AD-002592,2026-05-25 07:52:39,13.56,6.82,3.159,47.4,Poor,13.5,11.0
AD-002593,2026-05-25 08:26:44,16.12,6.88,4.489,85.2,Good,24.5,0.5
AD-002594,2026-05-25 08:46:47,17.62,6.78,4.417,70.1,Acceptable,15.5,1.0
AD-002595,2026-05-25 09:18:49,9.5,6.89,3.086,91.9,Good,69.5,0.5
AD-002596,2026-05-25 16:56:58,21.0,6.6,4.878,66.2,Acceptable,11.0,6.3
AD-002597,2026-05-25 18:08:47,12.81,6.63,3.198,56.9,Acceptable,19.5,1.3
AD-002598,2026-05-25 18:24:06,8.69,6.88,3.418,68.1,Acceptable,54.5,0.5
AD-002599,2026-05-25 18:55:37,28.5,6.68,7.018,63.1,Acceptable,5.5,61.0
AD-002600,2026-05-25 19:02:47,10.31,6.48,3.029,20.2,Spoiled,0.0,95.7
AD-002601,2026-05-25 19:08:21,32.25,6.54,5.091,51.0,Acceptable,3.0,94.0
AD-002602,2026-05-26 05:30:19,39.19,6.55,6.044,75.9,Good,4.5,78.3
AD-002603,2026-05-26 05:35:15,13.31,6.78,3.687,37.3,Poor,7.5,46.3
AD-002604,2026-05-26 05:43:50,14.5,5.52,3.437,2.0,Spoiled,0.0,99.5
AD-002605,2026-05-26 06:16:07,4.81,6.78,2.473,97.5,Good,120.0,0.5
AD-002606,2026-05-26 06:27:46,17.62,5.34,4.574,0.0,Spoiled,0.0,99.5
AD-002607,2026-05-26 06:42:38,21.06,6.6,4.483,67.0,Acceptable,11.5,7.7
AD-002608,2026-05-26 07:10:10,34.94,6.69,5.976,100.0,Good,9.5,7.7
AD-002609,2026-05-26 07:20:50,20.88,6.68,4.114,65.0,Acceptable,10.0,11.3
AD-002610,2026-05-26 07:29:31,12.06,6.78,3.056,88.4,Good,46.0,0.5
AD-002611,2026-05-26 08:11:23,9.31,6.85,3.13,76.6,Good,49.5,0.5
AD-002612,2026-05-26 08:37:08,18.69,5.89,4.458,2.0,Spoiled,0.0,99.5
AD-002613,2026-05-26 08:50:04,17.06,6.54,3.677,39.8,Poor,4.5,58.7
AD-002614,2026-05-26 08:53:14,24.19,6.59,4.815,51.9,Acceptable,6.0,53.0
AD-002615,2026-05-26 08:54:00,27.44,6.72,4.464,81.2,Good,9.5,11.0
AD-002616,2026-05-26 17:33:00,24.56,6.69,4.85,42.1,Poor,4.0,81.7
AD-002617,2026-05-26 18:26:34,31.31,6.51,5.43,82.3,Good,7.5,27.7
AD-002618,2026-05-26 18:37:31,32.19,6.6,5.341,64.7,Acceptable,5.5,63.7
AD-002619,2026-05-26 18:47:59,11.5,6.66,3.59,32.0,Poor,2.0,72.3
AD-002620,2026-05-26 18:48:55,34.94,6.65,6.036,99.8,Good,8.0,21.7
AD-002621,2026-05-26 18:54:57,40.38,5.0,7.253,0.0,Spoiled,0.0,99.5
AD-002622,2026-05-26 19:03:26,5.06,6.81,2.223,93.1,Good,120.0,0.5
AD-002623,2026-05-27 05:42:21,2.75,6.95,2.14,91.0,Good,120.0,0.5
AD-002624,2026-05-27 06:01:10,26.94,6.65,4.669,61.4,Acceptable,5.5,59.7
AD-002625,2026-05-27 06:28:58,33.06,6.73,5.532,91.2,Good,7.5,26.0
AD-002626,2026-05-27 08:35:48,29.69,6.5,5.536,43.5,Poor,2.5,97.3
AD-002627,2026-05-27 08:48:38,6.0,6.88,2.602,91.4,Good,120.0,0.5
AD-002628,2026-05-27 09:05:56,21.25,6.62,4.211,43.4,Poor,5.0,71.7
AD-002629,2026-05-27 09:08:03,16.94,6.79,3.622,55.2,Acceptable,12.5,5.7
AD-002630,2026-05-27 09:28:43,13.69,6.83,2.712,56.6,Acceptable,16.0,4.3
AD-002631,2026-05-27 18:33:21,7.06,6.84,2.631,99.6,Good,113.5,0.5
AD-002632,2026-05-27 19:05:40,11.38,6.83,3.324,91.4,Good,45.0,0.5
AD-002633,2026-05-27 19:08:08,14.19,6.77,3.577,64.6,Acceptable,20.0,0.5
AD-002634,2026-05-28 06:02:36,10.88,6.39,3.002,14.5,Spoiled,0.0,97.7
AD-002635,2026-05-28 06:11:57,20.12,6.69,4.223,72.5,Acceptable,13.0,3.0
AD-002636,2026-05-28 06:28:20,8.19,6.8,2.598,93.6,Good,92.5,0.5
AD-002637,2026-05-28 06:28:53,11.12,6.82,3.024,81.5,Good,45.0,0.5
AD-002638,2026-05-28 06:42:04,6.06,6.87,2.521,90.4,Good,120.0,0.5
AD-002639,2026-05-28 07:02:54,35.62,6.63,5.848,89.8,Good,7.0,35.7
AD-002640,2026-05-28 07:13:17,34.69,6.61,4.97,80.6,Good,6.0,47.3
AD-002641,2026-05-28 07:24:40,32.06,6.58,5.304,41.9,Poor,2.0,97.7
AD-002642,2026-05-28 07:34:05,17.75,6.86,3.85,54.0,Acceptable,9.0,20.7
AD-002643,2026-05-28 07:56:08,30.5,5.0,5.313,0.1,Spoiled,0.0,99.5
AD-002644,2026-05-28 08:03:28,4.38,7.01,2.045,84.2,Good,120.0,0.5
AD-002645,2026-05-28 08:04:30,19.38,6.72,3.783,56.7,Acceptable,9.5,19.0
AD-002646,2026-05-28 08:06:25,31.94,6.49,5.23,80.1,Good,7.5,27.3
AD-002647,2026-05-28 08:21:21,12.56,6.72,3.258,77.8,Good,31.5,0.5
AD-002648,2026-05-28 08:39:31,13.81,6.88,4.04,66.4,Acceptable,22.5,0.5
AD-002649,2026-05-28 08:50:44,29.38,6.42,5.654,30.8,Poor,1.5,99.5
AD-002650,2026-05-28 08:57:15,38.06,6.42,5.902,100.0,Good,8.0,14.7
AD-002651,2026-05-28 09:28:17,26.0,4.88,5.57,0.0,Spoiled,0.0,99.5
AD-002652,2026-05-28 09:28:48,35.94,6.62,5.482,100.0,Good,8.5,14.7
AD-002653,2026-05-28 16:30:30,34.75,5.68,5.871,0.0,Spoiled,0.0,99.5
AD-002654,2026-05-28 16:44:09,21.12,6.62,4.279,58.3,Acceptable,8.0,23.7
AD-002655,2026-05-28 17:13:53,10.94,6.97,3.871,85.2,Good,53.5,0.5
AD-002656,2026-05-28 18:01:11,21.69,6.33,4.706,28.2,Poor,0.5,97.3
AD-002657,2026-05-28 18:50:52,8.62,6.76,3.002,89.8,Good,80.5,0.5
AD-002658,2026-05-28 19:01:13,23.19,6.71,5.564,50.3,Acceptable,6.0,56.7
AD-002659,2026-05-28 19:10:08,14.44,6.71,3.374,77.0,Good,27.0,0.5
AD-002660,2026-05-29 05:30:18,9.94,6.68,3.124,96.7,Good,69.5,0.5
AD-002661,2026-05-29 05:38:35,12.81,6.19,3.351,5.5,Spoiled,0.0,99.0
AD-002662,2026-05-29 05:43:35,17.5,6.75,3.559,78.7,Good,18.5,0.5
AD-002663,2026-05-29 06:31:17,5.88,6.96,2.921,83.8,Good,118.0,0.5
AD-002664,2026-05-29 06:48:46,4.56,6.96,2.188,92.7,Good,120.0,0.5
AD-002665,2026-05-29 07:51:44,27.12,6.36,5.561,32.3,Poor,1.0,99.3
AD-002666,2026-05-29 07:53:00,6.25,6.79,2.607,75.1,Good,104.5,0.5
AD-002667,2026-05-29 08:28:21,12.5,6.87,3.077,75.8,Good,34.5,0.5
AD-002668,2026-05-29 08:32:07,5.88,6.92,2.403,91.7,Good,120.0,0.5
AD-002669,2026-05-29 08:33:35,19.12,6.81,4.172,58.7,Acceptable,10.5,9.7
AD-002670,2026-05-29 09:05:51,31.19,6.54,5.152,69.4,Acceptable,6.0,43.3
AD-002671,2026-05-29 09:28:46,12.69,6.74,3.331,45.5,Poor,14.0,11.7
AD-002672,2026-05-29 16:12:14,7.56,6.87,2.727,96.1,Good,95.0,0.5
AD-002673,2026-05-29 16:41:23,9.12,6.41,3.127,23.3,Spoiled,1.5,72.7
AD-002674,2026-05-29 17:26:43,36.62,6.58,5.62,98.7,Good,7.5,26.3
AD-002675,2026-05-29 18:43:49,30.19,6.57,5.572,51.4,Acceptable,3.5,90.0
AD-002676,2026-05-29 18:56:37,11.56,6.89,3.4,81.1,Good,43.0,0.5
AD-002677,2026-05-30 02:40:04,9.06,6.66,2.873,32.4,Poor,7.0,50.7
AD-002678,2026-05-30 03:27:47,5.56,6.97,2.821,99.0,Good,120.0,0.5
AD-002679,2026-05-30 06:02:07,26.5,6.64,4.863,75.1,Good,8.5,15.3
AD-002680,2026-05-30 06:16:31,23.56,6.44,4.626,34.1,Poor,2.0,94.0
AD-002681,2026-05-30 06:23:33,11.25,6.81,2.798,60.8,Acceptable,31.5,0.5
AD-002682,2026-05-30 06:53:30,20.56,6.89,4.244,95.4,Good,19.0,0.5
AD-002683,2026-05-30 07:12:17,34.44,6.66,6.028,84.1,Good,7.0,30.3
AD-002684,2026-05-30 07:20:58,14.94,6.74,4.057,75.0,Acceptable,24.5,0.5
AD-002685,2026-05-30 07:24:14,16.0,6.79,3.694,76.4,Good,21.5,0.5
AD-002686,2026-05-30 07:34:00,35.12,6.75,6.732,100.0,Good,9.0,13.3
AD-002687,2026-05-30 08:47:48,18.5,6.79,4.081,66.3,Acceptable,13.5,1.3
AD-002688,2026-05-30 09:01:02,29.56,6.61,5.32,99.5,Good,11.0,3.7
AD-002689,2026-05-30 09:11:23,7.06,6.74,2.741,78.1,Good,82.5,0.5
AD-002690,2026-05-30 16:57:56,9.81,6.64,3.005,18.4,Spoiled,0.0,81.7
AD-002691,2026-05-30 17:19:08,37.81,6.68,7.8,97.2,Good,8.5,12.0
AD-002692,2026-05-30 18:11:58,2.81,6.82,2.247,81.7,Good,120.0,0.5
AD-002693,2026-05-31 05:36:38,17.06,6.82,4.984,71.1,Acceptable,16.5,0.7
AD-002694,2026-05-31 06:10:04,21.25,6.48,4.748,29.8,Poor,1.5,95.0
AD-002695,2026-05-31 06:11:38,22.62,5.04,5.009,0.2,Spoiled,0.0,99.5
AD-002696,2026-05-31 06:44:46,4.44,6.83,2.118,76.2,Good,120.0,0.5
AD-002697,2026-05-31 06:53:50,15.69,6.67,3.587,91.3,Good,28.0,0.5
AD-002698,2026-05-31 07:23:37,31.75,6.59,4.928,75.9,Good,6.5,40.3
AD-002699,2026-05-31 07:52:43,14.38,5.33,3.831,1.3,Spoiled,0.0,99.5
AD-002700,2026-05-31 08:09:01,31.5,5.34,6.346,1.1,Spoiled,0.0,99.5
AD-002701,2026-05-31 08:27:34,3.81,6.94,2.144,98.0,Good,120.0,0.5
AD-002702,2026-05-31 08:33:22,20.19,6.79,4.321,74.3,Acceptable,15.5,1.0
AD-002703,2026-05-31 08:55:59,29.0,6.57,5.196,46.0,Poor,3.5,91.0
AD-002704,2026-05-31 08:59:50,14.88,6.79,3.224,82.9,Good,28.0,0.5
AD-002705,2026-05-31 09:00:57,14.31,6.94,3.413,76.5,Good,29.0,0.5
AD-002706,2026-05-31 09:21:25,6.75,6.75,2.559,93.7,Good,106.0,0.5
AD-002707,2026-05-31 09:25:45,36.94,6.6,6.26,99.5,Good,7.5,28.3
AD-002708,2026-05-31 16:08:10,25.19,6.52,4.56,47.9,Poor,4.5,80.7
AD-002709,2026-05-31 16:10:40,14.56,6.73,3.726,59.1,Acceptable,18.5,0.7
AD-002710,2026-05-31 16:26:28,23.75,6.38,4.967,22.0,Spoiled,0.0,99.5
AD-002711,2026-05-31 17:54:44,5.25,6.92,2.294,99.5,Good,120.0,0.5
AD-002712,2026-05-31 18:01:38,18.06,6.72,3.849,25.7,Poor,0.5,95.0
AD-002713,2026-05-31 18:07:38,12.75,6.77,2.877,81.5,Good,38.5,0.5
AD-002714,2026-05-31 18:14:13,8.62,6.8,2.59,100.0,Good,92.5,0.5
AD-002715,2026-05-31 18:39:11,27.31,6.1,4.96,0.0,Spoiled,0.0,99.5
AD-002716,2026-05-31 19:13:11,27.81,6.68,5.03,73.9,Acceptable,7.0,36.0
AD-002717,2026-06-01 05:34:54,7.44,6.75,2.244,35.0,Poor,15.5,25.0
AD-002718,2026-06-01 05:50:30,11.19,6.93,2.803,93.6,Good,52.0,0.5
AD-002719,2026-06-01 05:52:07,35.56,6.65,6.741,89.3,Good,7.0,33.0
AD-002720,2026-06-01 06:09:51,27.0,6.58,5.477,60.2,Acceptable,5.5,57.7
AD-002721,2026-06-01 06:10:43,8.56,6.84,2.917,91.6,Good,76.5,0.5
AD-002722,2026-06-01 07:17:44,18.06,6.67,4.547,57.0,Acceptable,11.0,10.7
AD-002723,2026-06-01 07:29:58,32.5,6.59,5.731,75.8,Good,6.0,54.7
AD-002724,2026-06-01 07:57:36,14.38,5.83,3.966,0.8,Spoiled,0.0,99.5
AD-002725,2026-06-01 08:19:26,14.06,6.82,3.845,92.2,Good,35.0,0.5
AD-002726,2026-06-01 08:50:09,35.38,6.58,6.072,82.6,Good,6.5,47.0
AD-002727,2026-06-01 09:17:13,17.56,6.84,4.063,42.7,Poor,6.5,56.7
AD-002728,2026-06-01 12:03:36,29.12,5.13,7.846,2.0,Spoiled,0.0,99.5
AD-002729,2026-06-01 16:26:18,29.94,6.69,5.469,98.5,Good,10.5,5.0
AD-002730,2026-06-01 16:49:55,9.25,6.77,3.135,84.6,Good,60.5,0.5
AD-002731,2026-06-01 16:54:40,11.25,6.92,3.367,98.2,Good,57.0,0.5
AD-002732,2026-06-01 17:58:46,14.56,6.62,3.305,35.3,Poor,5.5,52.3
AD-002733,2026-06-01 18:39:17,11.38,6.79,2.761,76.6,Good,38.5,0.5
AD-002734,2026-06-01 19:11:01,17.0,6.78,4.026,63.8,Acceptable,15.5,1.0
AD-002735,2026-06-01 19:13:34,35.88,6.68,5.871,73.7,Acceptable,5.0,78.7
AD-002736,2026-06-01 19:29:25,16.25,6.81,4.326,82.8,Good,23.0,0.5
AD-002737,2026-06-02 05:32:53,22.25,6.79,4.721,85.5,Good,15.0,0.7
AD-002738,2026-06-02 05:35:03,4.75,6.84,2.311,84.4,Good,120.0,0.5
AD-002739,2026-06-02 06:04:01,27.69,5.35,5.632,1.1,Spoiled,0.0,99.5
AD-002740,2026-06-02 06:29:34,29.56,4.78,5.835,0.0,Spoiled,0.0,99.5
AD-002741,2026-06-02 06:43:26,28.0,5.04,6.007,2.1,Spoiled,0.0,99.5
AD-002742,2026-06-02 06:56:30,30.56,6.63,4.93,89.9,Good,8.5,14.7
AD-002743,2026-06-02 07:13:11,24.69,5.06,5.595,0.0,Spoiled,0.0,99.5
AD-002744,2026-06-02 07:36:31,9.81,6.84,3.139,98.0,Good,82.5,0.5
AD-002745,2026-06-02 07:58:13,25.31,4.91,5.201,0.0,Spoiled,0.0,99.5
AD-002746,2026-06-02 08:04:05,9.5,6.89,3.2,94.3,Good,70.0,0.5
AD-002747,2026-06-02 08:04:39,6.56,6.86,2.423,55.3,Acceptable,55.0,0.5
AD-002748,2026-06-02 08:43:07,8.81,6.74,3.201,92.1,Good,80.0,0.5
AD-002749,2026-06-02 08:50:01,13.62,6.2,3.605,14.9,Spoiled,0.0,99.0
AD-002750,2026-06-02 08:53:58,29.56,6.23,5.624,23.8,Spoiled,0.0,99.5
AD-002751,2026-06-02 08:57:36,22.38,6.76,4.32,54.3,Acceptable,6.5,43.3
AD-002752,2026-06-02 09:06:11,30.19,6.71,5.355,88.9,Good,9.0,13.0
AD-002753,2026-06-02 16:29:15,15.25,6.86,3.968,84.0,Good,26.5,0.5
AD-002754,2026-06-02 17:23:35,11.5,6.65,3.314,35.6,Poor,8.0,42.3
AD-002755,2026-06-02 17:51:11,29.62,5.65,5.812,0.1,Spoiled,0.0,99.5
AD-002756,2026-06-02 18:14:12,11.44,6.82,2.822,88.1,Good,45.0,0.5
AD-002757,2026-06-02 19:06:52,3.31,6.78,2.692,65.0,Acceptable,120.0,0.5
AD-002758,2026-06-02 21:20:21,22.38,6.77,4.114,70.3,Acceptable,10.5,8.0
AD-002759,2026-06-03 00:13:16,34.5,6.67,6.106,76.5,Good,5.5,64.0
AD-002760,2026-06-03 05:37:20,20.69,6.7,3.997,79.1,Good,14.5,0.7
AD-002761,2026-06-03 05:41:56,29.44,6.62,5.741,88.5,Good,8.5,15.3
AD-002762,2026-06-03 05:57:42,16.56,6.83,3.558,63.2,Acceptable,16.5,1.3
AD-002763,2026-06-03 05:58:10,30.25,6.76,5.216,70.3,Acceptable,6.0,48.0
AD-002764,2026-06-03 06:02:32,8.06,6.84,3.178,72.2,Acceptable,64.0,0.5
AD-002765,2026-06-03 06:05:00,4.62,6.9,2.39,91.0,Good,120.0,0.5
AD-002766,2026-06-03 06:06:37,5.69,6.83,2.362,100.0,Good,120.0,0.5
AD-002767,2026-06-03 06:26:17,27.19,6.58,4.297,63.3,Acceptable,6.0,49.7
AD-002768,2026-06-03 07:01:34,12.31,6.73,3.736,79.6,Good,38.0,0.5
AD-002769,2026-06-03 07:19:52,26.69,6.74,6.195,94.4,Good,12.0,3.0
AD-002770,2026-06-03 07:22:29,36.25,6.56,5.975,91.0,Good,6.0,54.0
AD-002771,2026-06-03 07:49:24,4.5,6.83,2.075,90.4,Good,120.0,0.5
AD-002772,2026-06-03 08:08:29,18.25,6.66,4.328,73.9,Acceptable,16.0,0.5
AD-002773,2026-06-03 09:09:08,32.75,6.54,5.299,92.4,Good,8.5,15.0
AD-002774,2026-06-03 09:14:08,17.0,6.66,3.655,72.5,Acceptable,20.0,0.5
AD-002775,2026-06-03 09:28:24,34.5,6.41,5.669,48.9,Poor,3.0,96.3
AD-002776,2026-06-03 16:33:00,22.56,6.75,4.31,66.1,Acceptable,11.0,5.3
AD-002777,2026-06-03 16:49:23,24.88,6.57,4.749,45.6,Poor,4.0,83.7
AD-002778,2026-06-03 16:54:37,15.19,6.94,4.028,78.4,Good,24.5,0.5
AD-002779,2026-06-03 18:27:57,35.62,6.67,4.858,92.5,Good,7.5,29.3
AD-002780,2026-06-04 01:50:53,38.31,5.08,6.597,0.0,Spoiled,0.0,99.5
AD-002781,2026-06-04 05:32:15,27.56,6.63,4.404,56.4,Acceptable,5.0,66.7
AD-002782,2026-06-04 05:49:46,7.88,6.75,2.897,83.9,Good,83.0,0.5
AD-002783,2026-06-04 06:28:24,37.69,6.58,5.461,86.9,Good,6.5,46.7
AD-002784,2026-06-04 08:02:12,30.06,6.03,6.267,0.0,Spoiled,0.0,99.5
AD-002785,2026-06-04 08:21:04,26.38,5.3,6.148,0.0,Spoiled,0.0,99.5
AD-002786,2026-06-04 08:35:27,9.44,6.82,2.773,63.8,Acceptable,37.5,0.5
AD-002787,2026-06-04 09:18:19,35.19,6.62,5.914,84.2,Good,6.0,48.3
AD-002788,2026-06-04 09:24:01,27.12,6.55,4.313,47.4,Poor,3.5,85.3
AD-002789,2026-06-04 16:12:30,35.44,4.89,6.599,0.0,Spoiled,0.0,99.5
AD-002790,2026-06-04 16:17:37,17.69,6.64,3.411,76.0,Good,17.5,0.5
AD-002791,2026-06-04 16:25:23,6.62,6.95,2.461,70.8,Acceptable,81.0,0.5
AD-002792,2026-06-04 17:21:32,32.19,6.72,5.072,74.0,Acceptable,6.0,52.0
AD-002793,2026-06-04 18:37:00,29.88,5.43,5.36,0.0,Spoiled,0.0,99.5
AD-002794,2026-06-04 18:43:24,10.69,6.89,2.918,85.1,Good,52.5,0.5
AD-002795,2026-06-04 19:07:13,10.06,6.21,4.102,1.7,Spoiled,0.0,99.5
AD-002796,2026-06-05 06:12:00,15.81,6.24,3.528,12.3,Spoiled,0.0,99.3
AD-002797,2026-06-05 06:21:59,29.5,6.55,5.036,89.4,Good,9.5,9.3
AD-002798,2026-06-05 06:24:02,31.62,6.67,6.035,78.0,Good,6.0,55.3
AD-002799,2026-06-05 06:35:42,6.0,6.88,2.526,91.0,Good,120.0,0.5
AD-002800,2026-06-05 06:59:32,6.88,6.9,2.385,83.5,Good,90.5,0.5
AD-002801,2026-06-05 07:57:10,8.38,6.75,2.785,98.1,Good,90.0,0.5
AD-002802,2026-06-05 07:58:32,7.75,6.89,2.83,93.1,Good,88.5,0.5
AD-002803,2026-06-05 09:10:33,14.75,6.34,3.902,30.0,Poor,0.0,93.0
AD-002804,2026-06-05 09:25:29,16.75,5.64,3.977,0.0,Spoiled,0.0,99.5
AD-002805,2026-06-05 16:02:53,8.56,6.89,2.384,100.0,Good,103.5,0.5
AD-002806,2026-06-05 16:28:07,35.31,6.69,6.517,100.0,Good,9.0,12.3
AD-002807,2026-06-05 16:41:25,26.94,6.76,4.969,65.5,Acceptable,7.0,35.0
AD-002808,2026-06-05 17:32:18,30.19,6.77,6.677,95.8,Good,10.0,9.0
AD-002809,2026-06-05 17:43:19,10.94,6.91,2.837,79.1,Good,42.0,0.5
AD-002810,2026-06-05 18:09:34,13.5,6.87,3.743,85.5,Good,33.5,0.5
AD-002811,2026-06-05 18:17:41,31.06,4.98,6.547,2.2,Spoiled,0.0,99.5
AD-002812,2026-06-05 19:02:40,37.06,6.75,6.148,100.0,Good,7.5,25.0
AD-002813,2026-06-05 19:08:14,12.44,6.76,3.735,48.1,Poor,13.0,12.3
AD-002814,2026-06-05 19:27:46,7.81,6.99,3.354,85.8,Good,91.5,0.5
AD-002815,2026-06-06 05:31:23,8.69,6.88,2.594,78.9,Good,64.0,0.5
AD-002816,2026-06-06 05:51:41,4.75,6.94,2.425,90.3,Good,120.0,0.5
AD-002817,2026-06-06 05:53:27,9.81,6.57,3.078,34.0,Poor,5.5,54.0
AD-002818,2026-06-06 06:13:24,11.31,6.85,3.218,80.4,Good,41.0,0.5
AD-002819,2026-06-06 07:01:43,10.5,6.71,2.754,61.7,Acceptable,33.0,0.5
AD-002820,2026-06-06 07:14:39,30.75,6.64,4.977,58.4,Acceptable,4.5,77.7
AD-002821,2026-06-06 07:14:51,7.62,6.76,2.411,86.0,Good,76.0,0.5
AD-002822,2026-06-06 07:16:36,32.69,6.53,5.023,54.5,Acceptable,4.0,86.0
AD-002823,2026-06-06 07:17:31,5.56,6.9,2.596,91.2,Good,120.0,0.5
AD-002824,2026-06-06 07:30:00,11.56,6.77,3.271,43.2,Poor,16.5,6.0
AD-002825,2026-06-06 07:41:46,32.12,6.61,5.591,83.6,Good,7.5,24.3
AD-002826,2026-06-06 08:35:08,4.69,6.81,2.166,82.3,Good,120.0,0.5
AD-002827,2026-06-06 08:57:41,22.88,5.09,5.116,2.4,Spoiled,0.0,99.5
AD-002828,2026-06-06 09:01:59,6.25,6.81,2.687,93.1,Good,120.0,0.5
AD-002829,2026-06-06 11:45:27,27.06,6.32,5.26,32.6,Poor,1.0,99.5
AD-002830,2026-06-06 16:05:47,7.5,6.86,2.737,99.5,Good,100.0,0.5
AD-002831,2026-06-06 16:32:23,10.81,6.83,3.101,63.3,Acceptable,32.0,0.5
AD-002832,2026-06-06 16:51:55,26.12,6.64,5.96,33.2,Poor,2.0,96.0
AD-002833,2026-06-06 17:02:46,30.06,6.65,5.425,85.4,Good,8.0,19.7
AD-002834,2026-06-06 19:00:30,7.06,6.89,2.699,89.4,Good,96.0,0.5
AD-002835,2026-06-06 19:25:04,30.19,5.05,6.095,1.0,Spoiled,0.0,99.5
AD-002836,2026-06-06 21:07:14,30.12,6.65,5.542,60.7,Acceptable,5.0,70.3
AD-002837,2026-06-07 05:41:06,25.25,6.72,4.543,77.0,Good,10.5,7.7
AD-002838,2026-06-07 06:04:19,29.25,6.8,4.843,72.7,Acceptable,7.0,37.7
AD-002839,2026-06-07 06:36:23,13.06,6.96,3.31,48.2,Poor,10.5,22.3
AD-002840,2026-06-07 06:48:15,34.5,6.54,5.401,70.8,Acceptable,5.5,60.3
AD-002841,2026-06-07 06:57:17,8.56,6.82,2.531,85.8,Good,67.5,0.5
AD-002842,2026-06-07 07:06:04,29.31,6.69,5.23,76.4,Good,7.5,26.3
AD-002843,2026-06-07 07:08:50,9.69,6.77,2.699,88.0,Good,69.5,0.5
AD-002844,2026-06-07 07:28:30,21.06,6.65,4.765,41.1,Poor,4.0,75.7
AD-002845,2026-06-07 07:34:32,34.94,5.03,6.743,0.0,Spoiled,0.0,99.5
AD-002846,2026-06-07 07:51:19,13.44,6.85,3.522,89.2,Good,34.0,0.5
AD-002847,2026-06-07 08:01:34,28.25,6.68,5.119,71.0,Acceptable,7.0,37.3
AD-002848,2026-06-07 08:18:45,35.5,6.69,5.625,95.2,Good,7.5,24.7
AD-002849,2026-06-07 08:23:14,4.19,6.97,2.106,87.5,Good,120.0,0.5
AD-002850,2026-06-07 08:40:01,18.5,6.79,3.391,82.2,Good,20.5,0.5
AD-002851,2026-06-07 09:13:33,36.81,6.66,6.098,84.5,Good,5.5,66.0
AD-002852,2026-06-07 09:27:22,9.81,6.8,2.605,99.7,Good,76.5,0.5
AD-002853,2026-06-07 16:46:23,14.38,6.46,3.442,23.5,Spoiled,0.5,85.3
AD-002854,2026-06-07 16:50:36,29.12,6.39,5.151,30.7,Poor,1.0,99.5
AD-002855,2026-06-07 17:00:59,14.44,6.56,3.767,47.9,Poor,13.0,12.3
AD-002856,2026-06-07 17:50:24,9.25,6.81,2.839,94.3,Good,76.5,0.5
AD-002857,2026-06-07 17:53:53,29.81,6.63,5.345,100.0,Good,10.5,3.7
AD-002858,2026-06-07 19:03:30,6.94,6.92,2.636,80.4,Good,94.5,0.5
AD-002859,2026-06-07 19:18:14,5.56,6.99,2.858,61.5,Acceptable,74.5,0.5
AD-002860,2026-06-08 05:44:58,20.0,5.24,4.858,0.2,Spoiled,0.0,99.5
AD-002861,2026-06-08 05:53:43,31.12,6.71,5.98,61.7,Acceptable,5.0,69.3
AD-002862,2026-06-08 05:59:37,18.38,6.68,4.461,78.1,Good,18.0,0.5
AD-002863,2026-06-08 06:17:27,15.12,6.76,3.912,71.3,Acceptable,22.5,0.5
AD-002864,2026-06-08 07:24:03,5.0,7.01,2.491,96.9,Good,120.0,0.5
AD-002865,2026-06-08 08:04:09,5.94,6.87,2.276,78.3,Good,97.5,0.5
AD-002866,2026-06-08 08:05:32,13.31,6.82,3.277,45.4,Poor,12.5,9.7
AD-002867,2026-06-08 09:00:04,27.38,6.56,5.667,70.2,Acceptable,7.5,25.7
AD-002868,2026-06-08 16:07:55,35.31,6.77,7.684,88.9,Good,7.0,36.0
AD-002869,2026-06-08 16:51:54,11.38,6.78,3.145,65.9,Acceptable,34.0,0.5
AD-002870,2026-06-08 16:53:14,37.56,6.62,5.776,82.9,Good,6.5,45.0
AD-002871,2026-06-08 16:57:29,38.5,6.67,5.948,84.4,Good,6.0,56.3
AD-002872,2026-06-08 16:58:44,28.62,6.74,5.648,85.9,Good,9.0,15.3
AD-002873,2026-06-08 17:00:48,11.0,6.86,2.873,58.0,Acceptable,23.5,1.0
AD-002874,2026-06-08 17:30:58,26.81,6.72,4.0,87.4,Good,10.0,5.3
AD-002875,2026-06-08 19:25:18,36.81,6.71,5.855,81.6,Good,5.5,63.3
AD-002876,2026-06-09 05:44:15,15.12,6.7,3.41,64.9,Acceptable,18.5,0.7
AD-002877,2026-06-09 05:51:39,21.25,6.65,5.996,36.1,Poor,2.5,89.0
AD-002878,2026-06-09 07:27:16,13.5,6.71,3.202,37.2,Poor,7.0,43.0
AD-002879,2026-06-09 08:01:33,16.56,6.8,4.093,64.4,Acceptable,15.5,1.7
AD-002880,2026-06-09 08:19:25,34.06,6.76,5.522,100.0,Good,8.0,17.3
AD-002881,2026-06-09 08:37:17,35.06,6.59,6.036,99.0,Good,8.0,18.0
AD-002882,2026-06-09 09:01:21,4.38,6.94,2.259,96.5,Good,120.0,0.5
AD-002883,2026-06-09 09:05:04,17.44,6.82,4.111,66.5,Acceptable,14.5,1.3
AD-002884,2026-06-09 09:11:22,34.81,6.58,5.023,98.6,Good,8.5,17.0
AD-002885,2026-06-09 09:21:58,12.62,6.79,3.611,64.8,Acceptable,24.0,0.5
AD-002886,2026-06-09 09:26:23,12.69,6.32,4.035,0.0,Spoiled,0.0,99.5
AD-002887,2026-06-09 16:01:40,9.0,6.78,2.35,44.8,Poor,24.0,4.0
AD-002888,2026-06-09 18:14:27,12.88,6.79,4.376,70.0,Acceptable,28.5,0.5
AD-002889,2026-06-09 18:53:39,29.0,6.67,5.239,100.0,Good,11.5,3.3
AD-002890,2026-06-10 06:26:00,31.31,6.58,4.89,71.9,Acceptable,6.0,50.0
AD-002891,2026-06-10 06:36:10,35.56,4.89,5.654,0.0,Spoiled,0.0,99.5
AD-002892,2026-06-10 07:04:17,16.56,6.8,3.848,79.2,Good,21.0,0.5
AD-002893,2026-06-10 07:05:29,27.25,6.44,4.877,41.0,Poor,2.5,95.3
AD-002894,2026-06-10 07:15:30,4.81,6.91,2.223,100.0,Good,120.0,0.5
AD-002895,2026-06-10 07:28:54,9.56,6.82,2.688,100.0,Good,86.0,0.5
AD-002896,2026-06-10 07:35:14,8.38,6.91,2.835,99.1,Good,104.0,0.5
AD-002897,2026-06-10 07:37:03,9.75,6.85,3.071,87.8,Good,55.0,0.5
AD-002898,2026-06-10 07:44:22,31.19,6.7,4.852,77.2,Good,6.5,38.0
AD-002899,2026-06-10 07:57:49,11.31,6.86,3.325,59.0,Acceptable,28.5,0.5
AD-002900,2026-06-10 07:58:29,36.19,5.23,6.154,4.5,Spoiled,0.0,99.5
AD-002901,2026-06-10 08:06:03,5.62,6.79,2.25,98.6,Good,120.0,0.5
AD-002902,2026-06-10 08:28:42,9.0,6.74,2.945,70.9,Acceptable,50.5,0.5
AD-002903,2026-06-10 08:47:14,6.62,6.93,2.406,50.7,Acceptable,36.5,1.7
AD-002904,2026-06-10 08:53:07,8.62,6.79,3.069,94.9,Good,87.0,0.5
AD-002905,2026-06-10 16:16:10,37.0,6.69,5.565,82.6,Good,5.5,61.0
AD-002906,2026-06-11 05:49:18,13.25,6.77,3.686,85.6,Good,36.0,0.5
AD-002907,2026-06-11 06:19:19,36.19,6.49,5.733,85.0,Good,6.0,55.0
AD-002908,2026-06-11 06:22:14,11.25,5.69,3.443,0.0,Spoiled,0.0,99.5
AD-002909,2026-06-11 07:28:33,32.25,6.49,5.533,93.8,Good,8.5,18.3
AD-002910,2026-06-11 08:46:58,21.44,6.68,4.627,67.7,Acceptable,11.0,4.0
AD-002911,2026-06-11 09:05:56,36.81,6.51,7.379,34.4,Poor,0.5,99.5
AD-002912,2026-06-11 16:32:32,4.0,6.87,1.983,100.0,Good,120.0,0.5
AD-002913,2026-06-11 16:41:00,34.06,6.64,6.627,76.2,Good,6.5,44.0
AD-002914,2026-06-11 16:50:56,32.19,6.54,5.606,83.3,Good,8.0,26.0
AD-002915,2026-06-11 17:03:25,37.25,6.58,6.796,77.3,Good,4.5,76.0
AD-002916,2026-06-11 17:18:47,26.12,6.88,4.422,75.2,Good,9.0,13.3
AD-002917,2026-06-11 17:53:12,8.31,6.82,3.095,97.6,Good,90.0,0.5
AD-002918,2026-06-11 18:53:01,29.56,5.02,5.805,2.4,Spoiled,0.0,99.5
AD-002919,2026-06-11 19:18:39,14.19,6.78,3.71,92.7,Good,34.0,0.5
AD-002920,2026-06-12 05:45:38,9.69,6.74,3.104,58.8,Acceptable,36.5,0.5
AD-002921,2026-06-12 05:49:03,10.38,6.8,3.286,52.8,Acceptable,27.0,0.7
AD-002922,2026-06-12 06:34:54,10.31,6.9,3.258,75.0,Acceptable,44.0,0.5
AD-002923,2026-06-12 06:39:10,5.38,6.84,2.444,98.9,Good,120.0,0.5
AD-002924,2026-06-12 06:51:37,30.88,6.74,4.532,57.5,Acceptable,4.5,82.0
AD-002925,2026-06-12 07:04:14,33.5,4.99,6.392,2.1,Spoiled,0.0,99.5
AD-002926,2026-06-12 07:16:06,6.12,6.67,2.592,98.4,Good,120.0,0.5
AD-002927,2026-06-12 07:23:43,6.44,6.92,2.385,80.0,Good,100.5,0.5
AD-002928,2026-06-12 07:29:40,5.0,6.85,2.166,98.5,Good,120.0,0.5
AD-002929,2026-06-12 08:03:13,9.81,6.96,2.727,77.0,Good,52.5,0.5
AD-002930,2026-06-12 08:08:47,11.12,6.82,3.325,88.0,Good,49.5,0.5
AD-002931,2026-06-12 08:39:56,15.38,6.74,3.706,86.5,Good,27.0,0.5
AD-002932,2026-06-12 08:49:57,31.88,5.57,6.15,0.4,Spoiled,0.0,99.5
AD-002933,2026-06-12 08:57:58,10.75,6.67,4.19,89.4,Good,51.5,0.5
AD-002934,2026-06-12 09:08:45,36.19,6.65,6.058,92.3,Good,7.0,38.3
AD-002935,2026-06-12 16:08:32,6.25,6.86,2.184,80.6,Good,112.5,0.5
AD-002936,2026-06-12 16:14:19,15.62,5.86,4.086,0.0,Spoiled,0.0,99.5
AD-002937,2026-06-12 17:03:23,36.88,6.56,5.396,75.1,Good,5.5,60.0
AD-002938,2026-06-12 18:14:24,11.75,6.81,3.259,60.6,Acceptable,23.5,1.0
AD-002939,2026-06-12 18:22:50,28.38,6.69,5.222,73.7,Acceptable,7.5,30.0
AD-002940,2026-06-12 18:34:16,33.38,6.51,6.415,78.0,Good,6.0,51.7
AD-002941,2026-06-12 19:03:32,9.31,6.79,3.171,100.0,Good,86.0,0.5
AD-002942,2026-06-12 19:09:48,14.81,6.84,3.497,43.1,Poor,9.5,27.0
AD-002943,2026-06-12 19:25:04,5.56,6.91,2.334,97.3,Good,120.0,0.5
AD-002944,2026-06-12 19:25:09,16.25,6.8,5.671,71.9,Acceptable,19.0,0.5
AD-002945,2026-06-13 05:41:35,17.88,6.86,4.753,51.9,Acceptable,11.5,10.3
AD-002946,2026-06-13 05:52:31,12.81,6.89,3.17,77.2,Good,32.5,0.5
AD-002947,2026-06-13 05:58:08,10.75,6.42,3.045,21.8,Spoiled,0.0,82.7
AD-002948,2026-06-13 05:59:20,36.31,6.56,5.965,74.1,Acceptable,4.5,76.7
AD-002949,2026-06-13 06:09:33,8.25,6.91,2.884,89.4,Good,80.5,0.5
AD-002950,2026-06-13 06:19:39,24.06,6.61,4.911,32.5,Poor,2.5,94.3
AD-002951,2026-06-13 06:27:59,13.19,6.4,3.294,30.1,Poor,1.0,83.7
AD-002952,2026-06-13 06:46:49,22.06,6.8,4.548,57.6,Acceptable,7.5,34.0
AD-002953,2026-06-13 06:57:56,34.12,6.67,5.063,80.3,Good,6.0,52.0
AD-002954,2026-06-13 07:47:30,23.75,5.23,6.192,2.2,Spoiled,0.0,99.5
AD-002955,2026-06-13 08:11:08,33.88,6.66,6.085,82.3,Good,6.5,41.0
AD-002956,2026-06-13 08:46:31,33.0,6.63,5.333,100.0,Good,9.0,11.0
AD-002957,2026-06-13 08:52:57,11.81,6.73,3.593,98.2,Good,55.0,0.5
AD-002958,2026-06-13 08:54:53,28.06,6.88,6.386,73.1,Acceptable,7.0,35.0
AD-002959,2026-06-13 08:56:12,37.12,6.66,6.661,86.2,Good,6.0,49.3
AD-002960,2026-06-13 09:26:29,7.62,6.83,2.566,78.4,Good,78.0,0.5
AD-002961,2026-06-13 16:12:16,14.81,6.61,3.295,37.3,Poor,5.0,63.0
AD-002962,2026-06-13 16:20:40,5.38,6.99,2.508,84.5,Good,120.0,0.5
AD-002963,2026-06-13 17:02:10,22.38,4.81,4.979,0.0,Spoiled,0.0,99.5
AD-002964,2026-06-13 17:08:40,5.38,6.99,2.029,84.0,Good,120.0,0.5
AD-002965,2026-06-13 18:53:19,7.88,6.99,2.597,79.1,Good,77.0,0.5
AD-002966,2026-06-13 23:18:42,16.56,6.77,4.576,50.5,Acceptable,10.0,14.0
AD-002967,2026-06-14 05:31:17,13.06,6.78,2.96,77.5,Good,34.5,0.5
AD-002968,2026-06-14 05:40:06,16.5,6.8,4.012,69.0,Acceptable,20.0,0.5
AD-002969,2026-06-14 05:46:54,12.25,6.41,3.327,25.6,Poor,0.0,87.0
AD-002970,2026-06-14 05:50:19,38.06,6.71,5.869,99.4,Good,7.0,30.0
AD-002971,2026-06-14 06:09:07,11.31,6.54,3.263,33.3,Poor,5.0,58.7
AD-002972,2026-06-14 06:30:42,13.0,6.99,3.555,81.9,Good,33.0,0.5
AD-002973,2026-06-14 06:45:30,12.56,6.64,3.581,34.6,Poor,6.0,52.0
AD-002974,2026-06-14 06:50:51,8.06,6.84,2.768,67.0,Acceptable,50.5,0.5
AD-002975,2026-06-14 06:51:21,8.69,6.74,2.631,89.4,Good,75.5,0.5
AD-002976,2026-06-14 07:08:36,10.56,6.75,3.158,90.1,Good,54.0,0.5
AD-002977,2026-06-14 07:21:11,19.31,5.08,4.985,1.4,Spoiled,0.0,99.5
AD-002978,2026-06-14 07:23:33,32.25,6.73,5.7,95.3,Good,8.5,17.7
AD-002979,2026-06-14 17:20:18,7.0,6.81,2.499,59.0,Acceptable,46.0,0.5
AD-002980,2026-06-14 17:53:14,33.44,6.6,6.171,83.2,Good,7.0,32.7
AD-002981,2026-06-14 18:04:30,35.88,6.72,7.762,89.6,Good,7.0,29.0
AD-002982,2026-06-14 18:51:28,16.44,6.62,3.561,35.1,Poor,4.0,72.0
AD-002983,2026-06-14 18:52:56,11.12,6.85,3.353,91.8,Good,54.0,0.5
AD-002984,2026-06-14 18:58:50,35.5,6.57,6.726,46.4,Poor,2.5,99.0
AD-002985,2026-06-15 07:58:04,10.19,6.89,3.588,77.3,Good,54.0,0.5
AD-002986,2026-06-15 08:40:29,34.88,6.6,5.688,66.1,Acceptable,4.5,81.3
AD-002987,2026-06-15 08:42:48,5.44,6.92,2.127,95.8,Good,120.0,0.5
AD-002988,2026-06-15 08:42:50,5.56,6.81,2.699,73.3,Acceptable,105.5,0.5
AD-002989,2026-06-15 08:49:39,32.12,6.67,5.843,99.2,Good,9.0,9.0
AD-002990,2026-06-15 09:29:16,20.69,4.99,5.197,0.7,Spoiled,0.0,99.5
AD-002991,2026-06-15 10:04:33,32.19,6.79,5.497,96.9,Good,9.0,10.7
AD-002992,2026-06-15 16:05:52,26.5,6.47,5.037,27.8,Poor,1.0,98.3
AD-002993,2026-06-15 16:35:17,16.69,6.67,3.499,52.8,Acceptable,10.0,20.0
AD-002994,2026-06-15 16:51:20,19.5,5.43,4.58,0.0,Spoiled,0.0,99.5
AD-002995,2026-06-15 18:01:36,8.19,6.86,3.283,66.0,Acceptable,48.0,0.5
AD-002996,2026-06-15 18:54:51,6.44,6.98,2.737,81.0,Good,89.0,0.5
AD-002997,2026-06-16 06:03:50,6.0,6.93,2.618,98.5,Good,120.0,0.5
AD-002998,2026-06-16 06:13:34,32.5,5.92,5.291,2.9,Spoiled,0.0,99.5
AD-002999,2026-06-16 06:26:06,17.0,6.54,3.816,32.5,Poor,4.0,72.3
AD-003000,2026-06-16 06:34:40,14.69,6.83,3.422,100.0,Good,40.5,0.5
AD-003001,2026-06-16 06:37:19,19.75,6.87,4.545,92.7,Good,20.5,0.5
AD-003002,2026-06-16 06:45:48,7.38,6.85,2.679,100.0,Good,120.0,0.5
AD-003003,2026-06-16 06:48:09,35.38,6.49,4.907,81.6,Good,6.0,51.3
AD-003004,2026-06-16 07:01:54,32.5,6.44,5.501,100.0,Good,9.5,9.7
AD-003005,2026-06-16 07:13:34,12.94,6.71,3.772,34.7,Poor,7.0,42.0
AD-003006,2026-06-16 07:58:24,14.75,6.16,3.722,12.2,Spoiled,0.0,99.5
AD-003007,2026-06-16 08:12:11,8.62,6.77,3.565,95.1,Good,84.0,0.5
AD-003008,2026-06-16 08:34:06,10.5,7.02,3.125,77.4,Good,50.5,0.5
AD-003009,2026-06-16 08:34:46,24.81,6.4,4.34,29.5,Poor,1.0,98.0
AD-003010,2026-06-16 08:38:58,28.56,6.73,5.063,84.2,Good,9.0,10.7
AD-003011,2026-06-16 09:10:00,6.5,6.89,2.78,98.0,Good,120.0,0.5
AD-003012,2026-06-16 09:13:15,37.12,6.61,6.691,92.0,Good,6.5,44.0
AD-003013,2026-06-16 09:24:29,3.94,6.91,2.494,96.0,Good,120.0,0.5
AD-003014,2026-06-16 09:28:06,5.62,6.99,2.973,100.0,Good,120.0,0.5
AD-003015,2026-06-16 16:09:01,15.12,6.74,3.736,76.4,Good,25.0,0.5
AD-003016,2026-06-16 16:36:33,6.38,7.0,3.042,100.0,Good,120.0,0.5
AD-003017,2026-06-16 17:28:19,32.69,5.54,6.657,0.5,Spoiled,0.0,99.5
AD-003018,2026-06-16 17:53:15,10.88,6.81,3.231,99.6,Good,58.0,0.5
AD-003019,2026-06-17 05:32:59,28.0,6.59,4.805,92.3,Good,11.0,3.0
AD-003020,2026-06-17 05:47:09,30.44,6.76,5.278,81.8,Good,7.5,25.0
AD-003021,2026-06-17 06:18:14,17.88,6.91,4.263,77.7,Good,18.5,0.5
AD-003022,2026-06-17 06:41:13,12.81,6.59,3.153,30.6,Poor,2.5,74.7
AD-003023,2026-06-17 06:42:51,12.69,6.84,2.926,78.8,Good,32.5,0.5
AD-003024,2026-06-17 06:56:43,6.94,6.91,2.598,92.6,Good,114.0,0.5
AD-003025,2026-06-17 07:44:11,26.12,6.67,4.607,53.2,Acceptable,5.0,64.3
AD-003026,2026-06-17 08:05:39,28.19,5.04,6.293,1.5,Spoiled,0.0,99.5
AD-003027,2026-06-17 08:07:29,26.94,5.19,4.922,0.4,Spoiled,0.0,99.5
AD-003028,2026-06-17 08:27:31,26.81,6.5,5.145,59.7,Acceptable,5.5,59.3
AD-003029,2026-06-17 08:53:51,35.19,6.19,6.067,26.4,Poor,0.0,99.5
AD-003030,2026-06-17 09:14:58,6.12,6.76,2.353,99.5,Good,120.0,0.5
AD-003031,2026-06-17 09:20:38,25.19,6.76,4.829,96.0,Good,14.0,1.0
AD-003032,2026-06-17 16:24:51,35.19,5.22,6.926,1.1,Spoiled,0.0,99.5
AD-003033,2026-06-17 16:38:30,17.88,6.77,3.925,57.7,Acceptable,10.5,11.3
AD-003034,2026-06-17 17:11:05,23.06,6.78,4.694,56.9,Acceptable,7.5,29.0
AD-003035,2026-06-17 17:24:23,28.94,6.7,4.031,79.2,Good,8.0,22.7
AD-003036,2026-06-17 18:55:06,16.75,6.67,5.067,62.6,Acceptable,15.5,0.7
AD-003037,2026-06-18 05:39:41,4.62,6.97,2.132,74.2,Acceptable,120.0,0.5
AD-003038,2026-06-18 05:45:32,12.75,6.92,3.392,99.3,Good,47.0,0.5
AD-003039,2026-06-18 05:45:42,32.19,6.59,4.646,73.0,Acceptable,6.0,48.3
AD-003040,2026-06-18 06:28:30,15.12,6.47,3.453,25.2,Poor,0.0,90.0
AD-003041,2026-06-18 06:58:32,15.81,6.8,3.501,87.0,Good,27.0,0.5
AD-003042,2026-06-18 07:11:03,29.5,5.73,5.381,0.0,Spoiled,0.0,99.5
AD-003043,2026-06-18 07:38:58,18.75,6.68,4.103,64.0,Acceptable,13.0,3.7
AD-003044,2026-06-18 08:01:53,10.12,6.75,3.024,94.2,Good,67.0,0.5
AD-003045,2026-06-18 08:57:11,22.5,6.44,4.441,32.5,Poor,1.5,97.0
AD-003046,2026-06-18 16:08:52,36.12,6.65,6.219,90.9,Good,6.5,38.7
AD-003047,2026-06-18 16:22:39,10.12,6.93,3.44,92.3,Good,61.5,0.5
AD-003048,2026-06-18 17:40:04,10.5,6.9,3.015,59.1,Acceptable,33.0,0.5
AD-003049,2026-06-18 18:19:32,36.25,6.56,5.919,83.2,Good,5.5,61.3
AD-003050,2026-06-18 18:50:49,27.0,5.19,5.157,0.0,Spoiled,0.0,99.5
AD-003051,2026-06-19 06:14:47,14.38,6.79,4.031,36.6,Poor,5.5,51.3
AD-003052,2026-06-19 06:21:19,37.0,6.66,6.131,88.8,Good,7.0,35.0
AD-003053,2026-06-19 06:42:40,30.12,6.69,5.366,86.2,Good,8.5,19.3
AD-003054,2026-06-19 06:45:16,33.56,6.13,5.802,31.0,Poor,0.0,99.5
AD-003055,2026-06-19 07:22:16,11.69,6.49,3.769,30.2,Poor,3.0,74.7
AD-003056,2026-06-19 07:44:53,9.5,6.77,2.99,95.5,Good,70.5,0.5
AD-003057,2026-06-19 07:56:38,7.12,6.78,2.799,90.2,Good,105.5,0.5
AD-003058,2026-06-19 07:58:06,9.56,6.92,3.166,65.8,Acceptable,40.0,0.5
AD-003059,2026-06-19 09:18:43,15.75,6.85,3.793,57.1,Acceptable,15.5,1.3
AD-003060,2026-06-19 09:22:37,16.56,6.76,3.328,77.4,Good,22.5,0.5
AD-003061,2026-06-19 10:42:43,4.38,6.79,1.752,82.8,Good,120.0,0.5
AD-003062,2026-06-19 14:58:53,29.0,5.21,6.244,0.0,Spoiled,0.0,99.5
AD-003063,2026-06-19 16:28:03,5.44,6.89,2.501,74.5,Acceptable,120.0,0.5
AD-003064,2026-06-19 19:13:51,14.25,6.74,3.624,81.7,Good,29.0,0.5
AD-003065,2026-06-19 19:14:26,11.62,6.85,3.475,98.6,Good,56.0,0.5
AD-003066,2026-06-20 05:48:45,24.31,6.66,4.195,74.3,Acceptable,10.0,9.7
AD-003067,2026-06-20 05:54:22,20.44,6.77,3.132,68.6,Acceptable,12.0,5.7
AD-003068,2026-06-20 05:59:23,10.06,6.85,3.983,83.6,Good,58.5,0.5
AD-003069,2026-06-20 06:02:40,34.31,6.53,5.959,76.6,Good,5.5,57.0
AD-003070,2026-06-20 06:17:33,17.0,6.92,5.128,57.9,Acceptable,12.5,3.3
AD-003071,2026-06-20 06:31:38,8.31,6.82,2.844,99.9,Good,89.5,0.5
AD-003072,2026-06-20 06:48:39,7.5,6.77,2.995,77.8,Good,74.0,0.5
AD-003073,2026-06-20 06:54:12,14.75,6.81,3.882,100.0,Good,38.5,0.5
AD-003074,2026-06-20 07:29:19,14.0,6.91,3.936,71.0,Acceptable,25.5,0.5
AD-003075,2026-06-20 07:35:40,19.31,6.75,3.919,71.4,Acceptable,15.5,0.5
AD-003076,2026-06-20 07:46:57,36.12,6.57,4.479,61.4,Acceptable,3.5,91.0
AD-003077,2026-06-20 07:51:05,35.25,6.65,6.952,90.1,Good,7.0,28.7
AD-003078,2026-06-20 08:16:09,32.81,6.51,5.104,83.7,Good,8.5,20.7
AD-003079,2026-06-20 08:40:49,36.44,6.61,6.144,93.4,Good,7.5,28.3
AD-003080,2026-06-20 09:06:44,6.38,6.75,2.324,87.0,Good,113.0,0.5
AD-003081,2026-06-20 09:10:00,13.94,6.83,3.0,87.9,Good,32.5,0.5
AD-003082,2026-06-20 16:32:17,27.94,6.44,5.719,33.2,Poor,1.0,99.0
AD-003083,2026-06-20 16:33:09,39.94,4.86,7.582,1.6,Spoiled,0.0,99.5
AD-003084,2026-06-20 18:20:36,34.06,6.57,5.704,77.6,Good,6.0,46.3
AD-003085,2026-06-20 18:27:59,37.0,6.63,5.975,88.0,Good,6.5,41.3
AD-003086,2026-06-20 18:30:31,16.12,6.86,3.809,63.2,Acceptable,17.0,2.3
AD-003087,2026-06-20 18:58:56,9.06,6.54,3.019,27.4,Poor,4.5,54.3
AD-003088,2026-06-21 00:45:49,9.06,6.91,2.706,96.2,Good,75.0,0.5
AD-003089,2026-06-21 05:54:25,39.31,5.14,7.176,2.5,Spoiled,0.0,99.5
AD-003090,2026-06-21 06:10:01,7.12,6.85,3.222,77.2,Good,79.0,0.5
AD-003091,2026-06-21 06:26:57,24.38,6.64,4.652,57.5,Acceptable,6.5,49.3
AD-003092,2026-06-21 06:42:49,20.19,4.95,4.887,0.0,Spoiled,0.0,99.5
AD-003093,2026-06-21 06:46:03,6.06,6.83,2.508,86.0,Good,120.0,0.5
AD-003094,2026-06-21 07:36:25,30.44,4.91,7.77,0.6,Spoiled,0.0,99.5
AD-003095,2026-06-21 07:40:27,29.44,6.61,5.877,69.3,Acceptable,6.0,49.3
AD-003096,2026-06-21 08:30:00,15.0,6.85,4.969,82.1,Good,28.5,0.5
AD-003097,2026-06-21 08:36:09,15.5,6.87,3.597,93.2,Good,30.5,0.5
AD-003098,2026-06-21 09:16:37,4.0,6.78,2.338,100.0,Good,120.0,0.5
AD-003099,2026-06-21 09:26:51,13.19,6.37,3.682,12.0,Spoiled,0.0,98.7
AD-003100,2026-06-21 09:54:03,26.5,6.29,5.177,22.1,Spoiled,0.0,99.3
AD-003101,2026-06-21 16:31:31,12.38,6.73,3.421,39.7,Poor,11.0,23.0
AD-003102,2026-06-21 16:54:06,6.62,7.03,2.674,94.5,Good,120.0,0.5
AD-003103,2026-06-21 17:25:42,6.44,6.88,2.52,100.0,Good,120.0,0.5
AD-003104,2026-06-21 17:53:27,20.25,6.73,3.928,66.0,Acceptable,11.5,7.3
AD-003105,2026-06-21 18:35:08,6.81,6.62,3.211,25.1,Poor,0.0,74.3
AD-003106,2026-06-21 19:06:04,16.12,6.74,3.596,100.0,Good,32.0,0.5
AD-003107,2026-06-21 19:19:15,10.12,6.66,3.065,44.2,Poor,16.0,11.3
AD-003108,2026-06-22 05:25:46,7.5,6.83,2.452,96.7,Good,98.5,0.5
AD-003109,2026-06-22 05:46:05,11.19,6.87,3.35,91.7,Good,46.0,0.5
AD-003110,2026-06-22 05:52:52,6.12,6.78,2.688,46.6,Poor,45.5,2.7
AD-003111,2026-06-22 06:15:42,11.38,6.82,3.155,71.2,Acceptable,34.5,0.5
AD-003112,2026-06-22 06:41:36,9.75,6.91,2.851,59.2,Acceptable,29.0,0.5
AD-003113,2026-06-22 06:51:45,36.12,6.57,7.391,87.7,Good,6.0,50.3
AD-003114,2026-06-22 07:02:53,34.31,6.56,5.617,94.3,Good,8.0,20.0
AD-003115,2026-06-22 07:24:07,33.56,6.63,5.586,83.2,Good,6.5,37.0
AD-003116,2026-06-22 07:38:33,11.0,6.92,2.751,100.0,Good,70.0,0.5
AD-003117,2026-06-22 07:39:20,31.38,5.26,6.382,0.1,Spoiled,0.0,99.5
AD-003118,2026-06-22 07:43:28,33.75,6.62,5.479,82.5,Good,6.5,39.0
AD-003119,2026-06-22 07:56:28,9.0,6.99,2.781,80.1,Good,61.0,0.5
AD-003120,2026-06-22 08:04:54,11.31,6.81,3.075,50.2,Acceptable,19.5,5.7
AD-003121,2026-06-22 08:09:09,8.0,6.75,2.993,41.4,Poor,24.0,6.0
AD-003122,2026-06-22 08:20:46,14.38,6.8,3.455,56.1,Acceptable,15.0,3.0
AD-003123,2026-06-22 08:41:01,12.62,6.62,3.59,38.5,Poor,8.0,35.0
AD-003124,2026-06-22 08:41:30,10.44,6.86,3.208,66.5,Acceptable,33.0,0.5
AD-003125,2026-06-22 08:49:08,13.81,6.7,3.615,62.0,Acceptable,19.5,2.0
AD-003126,2026-06-22 09:20:28,38.06,6.43,6.376,87.1,Good,5.5,62.0
AD-003127,2026-06-22 09:27:14,17.31,6.75,3.871,50.9,Acceptable,9.0,21.0
AD-003128,2026-06-22 16:03:37,10.38,6.87,2.954,85.9,Good,48.0,0.5
AD-003129,2026-06-22 16:43:13,32.25,6.85,4.974,84.0,Good,6.5,41.0
AD-003130,2026-06-22 16:45:33,6.31,7.03,3.225,98.4,Good,120.0,0.5
AD-003131,2026-06-22 18:24:43,28.31,6.71,6.497,90.9,Good,10.0,2.3
AD-003132,2026-06-22 18:28:50,12.56,6.76,3.355,82.2,Good,34.5,0.5
AD-003133,2026-06-22 18:29:55,19.56,6.46,3.991,29.5,Poor,3.0,84.7
AD-003134,2026-06-22 18:54:04,34.5,6.58,6.101,95.9,Good,7.5,22.7
AD-003135,2026-06-22 18:58:33,37.25,6.7,5.756,79.7,Good,6.0,50.0
AD-003136,2026-06-22 19:11:49,10.62,6.84,3.881,38.0,Poor,12.0,22.0
AD-003137,2026-06-22 19:20:33,27.56,5.19,5.653,2.6,Spoiled,0.0,99.5
AD-003138,2026-06-23 00:34:01,16.44,6.76,3.493,91.0,Good,28.0,0.5
AD-003139,2026-06-23 06:24:53,24.94,6.6,4.876,44.8,Poor,4.0,78.0
AD-003140,2026-06-23 06:28:24,15.69,6.87,3.486,77.3,Good,24.0,0.5
AD-003141,2026-06-23 06:33:42,8.5,6.82,3.004,100.0,Good,100.0,0.5
AD-003142,2026-06-23 06:51:56,34.19,6.48,5.326,68.4,Acceptable,5.0,68.0
AD-003143,2026-06-23 07:05:07,24.94,5.11,5.141,0.0,Spoiled,0.0,99.5
AD-003144,2026-06-23 07:14:33,35.88,6.61,5.658,95.8,Good,7.5,27.0
AD-003145,2026-06-23 07:14:37,34.88,5.03,7.138,0.0,Spoiled,0.0,99.5
AD-003146,2026-06-23 07:19:39,8.31,6.79,2.918,63.3,Acceptable,44.0,0.5
AD-003147,2026-06-23 07:31:22,3.62,6.95,2.162,96.8,Good,120.0,0.5
AD-003148,2026-06-23 07:37:02,9.75,6.86,2.796,93.7,Good,69.0,0.5
AD-003149,2026-06-23 07:41:38,16.75,6.78,4.063,63.0,Acceptable,15.0,1.7
AD-003150,2026-06-23 08:34:42,19.31,6.81,4.058,67.7,Acceptable,14.0,1.0
AD-003151,2026-06-23 09:06:42,8.88,6.76,2.892,44.2,Poor,21.5,6.3
AD-003152,2026-06-23 09:20:15,15.06,6.78,3.316,50.5,Acceptable,12.0,13.0
AD-003153,2026-06-23 09:24:05,28.5,6.66,4.548,67.0,Acceptable,6.0,51.0
AD-003154,2026-06-23 16:59:50,10.19,6.32,3.205,16.7,Spoiled,0.0,93.7
AD-003155,2026-06-23 18:31:15,35.19,6.2,5.7,35.7,Poor,1.0,99.5
AD-003156,2026-06-24 03:41:07,21.5,5.26,5.468,0.0,Spoiled,0.0,99.5
AD-003157,2026-06-24 05:31:51,17.06,5.13,3.75,1.3,Spoiled,0.0,99.5
AD-003158,2026-06-24 05:34:27,8.62,6.89,3.023,51.8,Acceptable,32.5,2.0
AD-003159,2026-06-24 05:35:59,15.0,6.74,3.615,58.6,Acceptable,16.5,2.0
AD-003160,2026-06-24 05:40:13,10.25,6.96,3.717,90.7,Good,66.5,0.5
AD-003161,2026-06-24 05:48:30,33.31,6.69,5.651,81.9,Good,6.5,39.3
AD-003162,2026-06-24 05:57:06,27.31,6.56,4.854,55.9,Acceptable,5.5,62.0
AD-003163,2026-06-24 06:29:43,25.12,6.68,5.058,69.6,Acceptable,8.5,15.7
AD-003164,2026-06-24 06:29:43,6.88,6.97,2.533,100.0,Good,120.0,0.5
AD-003165,2026-06-24 06:50:12,12.25,6.79,4.375,76.3,Good,33.5,0.5
AD-003166,2026-06-24 06:59:32,4.56,6.97,2.304,90.9,Good,120.0,0.5
AD-003167,2026-06-24 07:30:55,13.81,6.78,3.546,86.1,Good,35.5,0.5
AD-003168,2026-06-24 07:32:53,7.69,6.78,2.957,82.5,Good,76.5,0.5
AD-003169,2026-06-24 07:49:28,10.25,6.81,3.29,95.5,Good,62.0,0.5
AD-003170,2026-06-24 08:19:43,9.19,6.83,2.782,100.0,Good,97.0,0.5
AD-003171,2026-06-24 08:44:55,36.88,6.49,6.258,84.3,Good,5.5,62.3
AD-003172,2026-06-24 09:02:36,13.19,6.68,3.588,58.1,Acceptable,21.0,1.0
AD-003173,2026-06-24 09:04:49,13.25,6.94,3.351,75.9,Good,30.0,0.5
AD-003174,2026-06-24 09:28:28,9.69,6.57,2.828,26.7,Poor,0.0,83.0
AD-003175,2026-06-24 16:38:28,7.12,6.91,2.846,56.6,Acceptable,45.0,0.5
AD-003176,2026-06-24 17:01:31,13.88,6.92,4.554,63.9,Acceptable,21.5,0.5
AD-003177,2026-06-24 17:07:08,31.06,6.48,5.103,57.1,Acceptable,4.5,76.7
AD-003178,2026-06-24 17:19:07,5.19,6.99,2.516,89.8,Good,120.0,0.5
AD-003179,2026-06-24 17:46:49,14.06,6.59,3.871,76.5,Good,27.0,0.5
AD-003180,2026-06-24 19:28:45,14.56,6.58,3.707,26.3,Poor,0.5,89.3
AD-003181,2026-06-25 05:55:44,11.75,6.84,3.252,80.4,Good,39.0,0.5
AD-003182,2026-06-25 06:24:38,13.06,6.6,3.134,49.8,Poor,16.0,5.7
AD-003183,2026-06-25 06:38:54,12.62,6.82,3.307,86.3,Good,37.0,0.5
AD-003184,2026-06-25 06:53:26,15.94,6.65,3.934,56.2,Acceptable,13.0,6.0
AD-003185,2026-06-25 06:59:05,29.88,6.78,5.027,79.1,Good,7.5,25.3
AD-003186,2026-06-25 07:22:55,20.94,5.29,4.742,0.0,Spoiled,0.0,99.5
AD-003187,2026-06-25 07:49:29,14.88,6.84,3.594,89.9,Good,32.0,0.5
AD-003188,2026-06-25 08:06:50,7.94,6.83,2.626,92.8,Good,96.5,0.5
AD-003189,2026-06-25 08:27:17,13.69,6.85,3.754,92.1,Good,35.5,0.5
AD-003190,2026-06-25 09:09:35,10.69,6.43,3.306,23.2,Spoiled,0.0,88.7
AD-003191,2026-06-25 14:52:24,27.0,6.6,4.602,76.2,Good,8.5,12.7
AD-003192,2026-06-25 15:43:09,31.25,6.71,6.008,86.7,Good,8.5,16.7
AD-003193,2026-06-25 16:24:25,30.44,6.42,4.835,35.9,Poor,1.5,99.0
AD-003194,2026-06-25 16:28:06,33.62,6.47,5.763,40.3,Poor,1.5,99.5
AD-003195,2026-06-25 18:37:14,6.0,6.76,2.292,100.0,Good,120.0,0.5
AD-003196,2026-06-25 19:05:07,21.62,6.64,4.868,39.7,Poor,3.5,81.7
AD-003197,2026-06-25 19:05:10,33.81,6.44,5.955,52.6,Acceptable,3.0,95.7
AD-003198,2026-06-25 19:26:24,17.62,6.89,4.203,78.8,Good,19.0,0.5
AD-003199,2026-06-26 05:49:26,11.06,6.36,3.127,20.9,Spoiled,0.0,93.7
AD-003200,2026-06-26 06:05:41,4.0,6.91,2.607,100.0,Good,120.0,0.5
AD-003201,2026-06-26 06:22:53,29.94,6.59,5.776,62.0,Acceptable,5.5,68.3
AD-003202,2026-06-26 06:53:37,10.5,6.66,3.22,28.8,Poor,0.5,75.7
AD-003203,2026-06-26 07:17:01,7.06,6.85,2.312,82.1,Good,83.5,0.5
AD-003204,2026-06-26 07:55:23,21.44,5.18,5.036,3.3,Spoiled,0.0,99.5
AD-003205,2026-06-26 07:55:44,7.56,6.75,3.38,99.6,Good,118.5,0.5
AD-003206,2026-06-26 08:19:30,6.0,6.87,2.321,78.0,Good,120.0,0.5
AD-003207,2026-06-26 08:31:48,11.31,6.91,3.386,81.1,Good,46.0,0.5
AD-003208,2026-06-26 08:34:57,33.44,6.09,5.771,26.2,Poor,0.0,99.5
AD-003209,2026-06-26 08:38:36,27.88,6.61,4.507,88.5,Good,10.5,4.0
AD-003210,2026-06-26 09:24:12,35.38,6.67,5.807,87.2,Good,6.5,44.3
AD-003211,2026-06-26 09:25:16,36.0,6.68,5.731,95.8,Good,7.0,32.0
AD-003212,2026-06-26 09:26:07,12.44,6.76,3.467,32.9,Poor,7.5,40.3
AD-003213,2026-06-26 09:27:18,14.19,6.85,3.496,62.8,Acceptable,21.5,0.5
AD-003214,2026-06-26 09:29:12,5.44,6.89,2.639,80.5,Good,120.0,0.5
AD-003215,2026-06-26 09:32:08,5.94,6.86,2.318,86.1,Good,119.5,0.5
AD-003216,2026-06-26 09:32:48,18.56,6.77,3.871,59.2,Acceptable,11.0,14.0
AD-003217,2026-06-26 17:18:08,8.25,7.0,3.64,74.7,Acceptable,65.5,0.5
AD-003218,2026-06-26 17:48:16,18.38,6.78,3.718,71.2,Acceptable,14.5,1.7
AD-003219,2026-06-26 18:26:45,37.62,6.6,6.926,84.2,Good,5.5,60.0
AD-003220,2026-06-27 05:41:21,37.44,6.5,6.041,90.8,Good,6.0,49.0
AD-003221,2026-06-27 06:08:01,33.25,5.3,6.203,3.2,Spoiled,0.0,99.5
AD-003222,2026-06-27 06:13:32,36.88,4.82,6.362,4.7,Spoiled,0.0,99.5
AD-003223,2026-06-27 06:16:45,8.88,6.92,3.747,73.7,Acceptable,53.5,0.5
AD-003224,2026-06-27 06:32:53,33.19,6.56,6.714,65.7,Acceptable,4.5,77.3
AD-003225,2026-06-27 06:36:51,17.31,6.82,3.788,83.3,Good,20.5,0.5
AD-003226,2026-06-27 07:12:01,23.44,6.61,3.909,84.5,Good,13.5,0.7
AD-003227,2026-06-27 08:40:51,7.5,6.83,2.476,100.0,Good,119.0,0.5
AD-003228,2026-06-27 09:04:30,28.88,4.72,7.779,0.7,Spoiled,0.0,99.5
AD-003229,2026-06-27 09:12:39,34.5,6.6,5.55,61.9,Acceptable,4.0,87.3
AD-003230,2026-06-27 16:54:35,13.12,7.02,3.329,93.0,Good,39.5,0.5
AD-003231,2026-06-27 17:19:24,33.06,5.16,6.592,1.3,Spoiled,0.0,99.5
AD-003232,2026-06-28 05:35:28,8.69,6.86,2.719,67.4,Acceptable,54.5,0.5
AD-003233,2026-06-28 06:36:40,36.44,6.66,6.027,86.4,Good,6.0,46.0
AD-003234,2026-06-28 07:18:07,34.75,6.64,6.781,84.6,Good,6.5,36.3
AD-003235,2026-06-28 07:40:08,27.12,6.6,4.915,56.5,Acceptable,5.0,66.7
AD-003236,2026-06-28 08:05:01,18.0,6.67,4.056,81.7,Good,20.5,0.5
AD-003237,2026-06-28 08:18:33,12.0,6.78,3.021,99.2,Good,56.5,0.5
AD-003238,2026-06-28 08:19:28,26.94,6.73,5.062,81.3,Good,10.5,6.3
AD-003239,2026-06-28 09:22:25,4.62,6.93,2.367,90.0,Good,120.0,0.5
AD-003240,2026-06-28 14:02:41,33.69,6.63,5.65,94.0,Good,8.0,22.0
AD-003241,2026-06-28 17:03:56,3.56,6.83,1.876,97.7,Good,120.0,0.5
AD-003242,2026-06-29 04:39:02,6.62,6.86,2.293,92.9,Good,120.0,0.5
AD-003243,2026-06-29 05:44:23,5.94,6.75,2.591,53.1,Acceptable,59.0,0.5
AD-003244,2026-06-29 06:02:30,30.0,6.54,6.202,100.0,Good,11.5,2.7
AD-003245,2026-06-29 06:18:09,17.56,6.86,4.802,74.8,Acceptable,19.5,0.5
AD-003246,2026-06-29 06:20:53,20.0,6.68,4.747,33.1,Poor,1.5,94.7
AD-003247,2026-06-29 06:29:11,34.06,6.59,5.726,72.3,Acceptable,5.0,69.7
AD-003248,2026-06-29 06:43:57,16.94,6.82,3.715,86.2,Good,23.5,0.5
AD-003249,2026-06-29 08:01:46,9.38,6.83,2.707,93.3,Good,71.5,0.5
AD-003250,2026-06-29 08:13:15,6.81,6.9,2.727,98.9,Good,120.0,0.5
AD-003251,2026-06-29 09:16:20,37.62,6.58,6.86,82.4,Good,5.5,68.7
AD-003252,2026-06-29 10:58:50,37.06,6.59,6.859,79.9,Good,5.5,57.7
AD-003253,2026-06-29 16:14:12,40.19,5.83,6.518,0.0,Spoiled,0.0,99.5
AD-003254,2026-06-29 16:34:16,16.25,6.75,3.919,53.7,Acceptable,9.5,19.7
AD-003255,2026-06-29 16:56:07,29.88,6.62,5.628,80.2,Good,7.5,31.0
AD-003256,2026-06-29 20:44:59,15.31,6.23,4.524,6.2,Spoiled,0.0,99.5
AD-003257,2026-06-30 05:46:45,33.81,6.42,6.282,30.8,Poor,0.5,99.5
AD-003258,2026-06-30 06:19:01,32.62,6.58,7.888,88.8,Good,8.0,23.7
AD-003259,2026-06-30 06:54:52,10.75,6.77,2.971,97.1,Good,56.5,0.5
AD-003260,2026-06-30 06:55:06,15.25,6.71,3.234,41.6,Poor,8.5,35.3
AD-003261,2026-06-30 07:18:07,30.0,6.64,4.826,74.2,Acceptable,7.0,38.0
AD-003262,2026-06-30 07:34:18,13.75,6.8,3.315,65.0,Acceptable,22.0,0.5
AD-003263,2026-06-30 07:52:55,11.25,6.78,3.294,55.0,Acceptable,24.5,1.0
AD-003264,2026-06-30 07:56:09,15.19,6.71,3.31,63.5,Acceptable,18.0,0.5
AD-003265,2026-06-30 08:45:09,31.62,5.03,6.716,0.0,Spoiled,0.0,99.5
AD-003266,2026-06-30 17:17:09,18.38,6.79,3.317,77.2,Good,18.0,0.5
AD-003267,2026-07-01 06:04:39,34.62,6.61,5.664,80.8,Good,6.0,53.0
AD-003268,2026-07-01 06:25:06,34.75,6.37,6.331,44.8,Poor,2.0,98.7
AD-003269,2026-07-01 06:26:31,29.5,6.6,5.611,79.0,Good,8.0,20.0
AD-003270,2026-07-01 06:33:16,4.31,6.87,2.515,78.9,Good,120.0,0.5
AD-003271,2026-07-01 06:45:08,29.38,6.68,5.987,63.8,Acceptable,6.0,53.0
AD-003272,2026-07-01 06:54:01,19.0,6.45,4.119,39.3,Poor,5.5,52.3
AD-003273,2026-07-01 07:47:20,5.56,6.86,2.651,99.8,Good,120.0,0.5
AD-003274,2026-07-01 08:01:00,20.0,6.86,4.14,57.4,Acceptable,10.0,18.0
AD-003275,2026-07-01 08:04:55,14.5,5.8,4.225,0.0,Spoiled,0.0,99.5
AD-003276,2026-07-01 08:05:30,15.94,5.81,4.069,0.0,Spoiled,0.0,99.5
AD-003277,2026-07-01 08:15:46,11.62,6.78,3.317,98.1,Good,51.5,0.5
AD-003278,2026-07-01 08:19:27,5.94,6.71,1.92,98.4,Good,120.0,0.5
AD-003279,2026-07-01 08:21:24,5.88,6.8,2.656,88.7,Good,120.0,0.5
AD-003280,2026-07-01 08:22:06,8.44,6.92,2.848,100.0,Good,94.5,0.5
AD-003281,2026-07-01 08:55:12,11.62,6.68,3.399,32.5,Poor,5.5,52.3
AD-003282,2026-07-01 09:16:34,36.81,6.57,5.576,69.6,Acceptable,4.5,80.0
AD-003283,2026-07-01 11:48:57,21.44,6.32,4.229,31.6,Poor,1.5,94.7
AD-003284,2026-07-01 16:24:27,29.12,6.36,5.72,29.9,Poor,1.0,99.5
AD-003285,2026-07-01 18:33:27,15.5,6.86,4.78,92.1,Good,31.0,0.5
AD-003286,2026-07-01 18:37:43,34.88,6.53,5.743,100.0,Good,10.0,7.7
AD-003287,2026-07-01 19:03:42,8.88,6.83,3.128,81.4,Good,65.0,0.5
AD-003288,2026-07-01 19:19:41,27.5,6.68,5.453,45.1,Poor,3.0,89.7
AD-003289,2026-07-01 19:27:19,10.69,6.79,3.271,97.5,Good,61.5,0.5
AD-003290,2026-07-01 19:27:49,12.88,5.95,3.726,0.0,Spoiled,0.0,99.0
AD-003291,2026-07-02 05:57:31,38.38,6.56,5.331,42.6,Poor,1.5,99.5
AD-003292,2026-07-02 06:32:29,22.12,6.84,4.393,77.2,Good,13.0,1.3
AD-003293,2026-07-02 06:37:41,18.81,6.75,4.442,93.6,Good,22.5,0.5
AD-003294,2026-07-02 06:46:14,10.69,6.81,2.967,83.1,Good,49.0,0.5
AD-003295,2026-07-02 06:55:54,12.69,6.8,3.926,88.7,Good,41.5,0.5
AD-003296,2026-07-02 07:36:16,33.31,6.59,6.36,66.1,Acceptable,4.5,76.0
AD-003297,2026-07-02 08:25:40,32.19,6.46,4.805,74.5,Acceptable,6.0,52.3
AD-003298,2026-07-02 08:35:34,38.56,5.36,7.03,0.4,Spoiled,0.0,99.5
AD-003299,2026-07-02 08:42:06,40.0,4.81,7.708,3.0,Spoiled,0.0,99.5
AD-003300,2026-07-02 08:44:38,12.06,6.82,3.264,72.9,Acceptable,32.0,0.5
AD-003301,2026-07-02 09:17:04,12.19,6.67,3.551,49.5,Poor,16.0,8.3
AD-003302,2026-07-02 16:15:27,20.94,6.7,4.533,59.1,Acceptable,9.0,13.3
AD-003303,2026-07-02 16:15:28,6.75,6.82,3.462,100.0,Good,114.5,0.5
AD-003304,2026-07-02 16:36:06,3.25,6.8,3.071,100.0,Good,120.0,0.5
AD-003305,2026-07-02 17:07:45,6.12,6.88,2.523,88.2,Good,120.0,0.5
AD-003306,2026-07-02 17:22:13,17.81,6.73,4.263,65.1,Acceptable,15.0,1.0
AD-003307,2026-07-02 17:59:53,14.75,6.81,3.238,68.5,Acceptable,22.0,0.5
AD-003308,2026-07-02 18:19:05,24.19,6.44,4.543,32.8,Poor,2.0,95.0
AD-003309,2026-07-02 18:30:13,12.88,6.81,3.359,98.8,Good,48.5,0.5
AD-003310,2026-07-02 18:30:51,22.81,5.26,5.029,0.0,Spoiled,0.0,99.5
AD-003311,2026-07-02 18:36:15,13.31,5.54,3.844,0.0,Spoiled,0.0,99.5
AD-003312,2026-07-02 18:59:27,33.88,6.56,5.376,72.7,Acceptable,5.5,60.7
AD-003313,2026-07-02 19:02:30,18.0,6.76,3.624,58.3,Acceptable,11.0,8.3
AD-003314,2026-07-03 05:06:32,30.38,6.63,5.552,77.9,Good,7.5,24.3
AD-003315,2026-07-03 05:30:48,29.44,5.13,6.481,0.8,Spoiled,0.0,99.5
AD-003316,2026-07-03 05:54:49,16.06,6.71,3.784,99.2,Good,31.0,0.5
AD-003317,2026-07-03 06:15:16,16.56,6.87,3.574,57.6,Acceptable,13.0,6.3
AD-003318,2026-07-03 07:08:04,17.75,5.53,4.53,0.1,Spoiled,0.0,99.5
AD-003319,2026-07-03 07:39:02,8.62,6.86,2.659,42.2,Poor,21.5,9.3
AD-003320,2026-07-03 07:47:54,18.25,6.66,3.851,51.5,Acceptable,9.0,22.3
AD-003321,2026-07-03 08:03:02,7.62,6.94,2.783,68.0,Acceptable,70.5,0.5
AD-003322,2026-07-03 08:13:06,4.62,6.82,2.056,79.0,Good,120.0,0.5
AD-003323,2026-07-03 08:58:52,10.81,6.73,2.993,35.6,Poor,8.5,29.7
AD-003324,2026-07-03 09:15:54,20.81,5.69,4.657,3.5,Spoiled,0.0,99.5
AD-003325,2026-07-03 09:19:27,28.88,5.09,6.219,3.9,Spoiled,0.0,99.5
AD-003326,2026-07-03 10:16:22,32.25,5.35,7.49,0.0,Spoiled,0.0,99.5
AD-003327,2026-07-03 16:35:30,10.25,6.79,2.771,46.9,Poor,21.0,5.7
AD-003328,2026-07-03 16:56:08,19.12,5.16,4.699,0.0,Spoiled,0.0,99.5
AD-003329,2026-07-03 18:10:52,26.19,6.5,5.457,36.1,Poor,1.5,98.7
AD-003330,2026-07-03 18:30:56,35.5,6.72,5.913,97.7,Good,8.0,21.0
AD-003331,2026-07-03 18:38:30,26.44,6.8,4.8,67.1,Acceptable,7.5,30.0
AD-003332,2026-07-03 19:13:56,6.75,6.84,2.618,94.8,Good,111.5,0.5
AD-003333,2026-07-04 02:13:37,30.88,6.25,5.117,31.9,Poor,0.5,99.5
AD-003334,2026-07-04 05:40:38,16.56,6.86,4.046,61.5,Acceptable,15.5,1.7
AD-003335,2026-07-04 05:47:37,20.25,6.77,3.777,65.1,Acceptable,11.0,5.3
AD-003336,2026-07-04 06:16:51,9.12,6.87,2.753,89.1,Good,75.0,0.5
AD-003337,2026-07-04 06:24:10,13.94,6.72,3.471,55.0,Acceptable,16.0,3.0
AD-003338,2026-07-04 06:33:33,10.19,6.74,2.723,82.1,Good,50.0,0.5
AD-003339,2026-07-04 06:34:37,17.56,6.79,3.835,82.0,Good,20.0,0.5
AD-003340,2026-07-04 07:02:54,18.31,6.77,4.889,53.4,Acceptable,10.0,14.0
AD-003341,2026-07-04 07:04:43,17.62,6.81,3.779,41.3,Poor,6.0,51.7
AD-003342,2026-07-04 07:08:34,30.38,6.63,4.89,85.9,Good,8.0,16.3
AD-003343,2026-07-04 07:19:13,10.0,6.91,2.935,71.3,Acceptable,44.5,0.5
AD-003344,2026-07-04 07:55:19,27.12,6.65,4.943,46.1,Poor,3.0,92.0
AD-003345,2026-07-04 08:06:21,8.06,6.77,2.698,52.0,Acceptable,35.5,0.7
AD-003346,2026-07-04 08:18:05,9.38,6.65,3.087,49.9,Poor,25.5,1.3
AD-003347,2026-07-04 08:42:50,11.5,6.79,2.819,74.5,Acceptable,37.5,0.5
AD-003348,2026-07-04 08:47:13,7.69,6.86,3.386,100.0,Good,111.5,0.5
AD-003349,2026-07-04 08:55:01,3.06,6.96,2.358,75.4,Good,120.0,0.5
AD-003350,2026-07-04 09:19:30,20.25,5.15,4.576,3.1,Spoiled,0.0,99.5
AD-003351,2026-07-04 16:30:49,7.31,6.64,2.912,41.2,Poor,25.0,12.3
AD-003352,2026-07-04 16:44:50,25.94,6.67,4.025,84.2,Good,10.5,4.0
AD-003353,2026-07-04 17:56:46,19.31,6.62,4.465,50.3,Acceptable,8.0,25.3
AD-003354,2026-07-04 18:50:14,20.75,5.13,5.073,1.8,Spoiled,0.0,99.5
AD-003355,2026-07-04 23:14:34,11.25,6.85,3.073,69.9,Acceptable,40.5,0.5
AD-003356,2026-07-05 05:37:07,8.69,6.99,3.011,79.2,Good,61.0,0.5
AD-003357,2026-07-05 06:10:23,11.81,6.65,2.935,93.9,Good,53.5,0.5
AD-003358,2026-07-05 07:20:48,5.75,6.96,2.584,96.5,Good,120.0,0.5
AD-003359,2026-07-05 07:27:22,31.06,6.83,5.26,92.5,Good,8.5,18.0
AD-003360,2026-07-05 07:45:14,13.88,6.8,4.698,39.8,Poor,8.0,40.0
AD-003361,2026-07-05 07:46:53,34.0,6.65,5.18,96.7,Good,9.5,9.7
AD-003362,2026-07-05 08:10:21,4.12,6.79,2.245,90.8,Good,120.0,0.5
AD-003363,2026-07-05 08:23:42,24.19,5.8,6.578,0.0,Spoiled,0.0,99.5
AD-003364,2026-07-05 08:25:40,18.44,6.79,4.503,72.0,Acceptable,16.5,0.7
AD-003365,2026-07-05 08:53:05,35.06,5.22,6.329,2.0,Spoiled,0.0,99.5
AD-003366,2026-07-05 09:05:49,6.0,6.81,2.265,76.1,Good,90.0,0.5
AD-003367,2026-07-05 16:04:32,8.62,6.83,2.601,91.6,Good,78.5,0.5
AD-003368,2026-07-05 16:35:06,7.81,6.9,2.87,65.5,Acceptable,52.5,0.5
AD-003369,2026-07-05 17:24:54,20.19,6.5,3.968,45.7,Poor,6.5,45.0
AD-003370,2026-07-05 17:55:17,29.19,6.67,5.66,68.9,Acceptable,6.5,36.7
AD-003371,2026-07-05 18:13:14,14.94,6.72,4.04,43.3,Poor,9.0,28.7
AD-003372,2026-07-05 18:47:41,34.94,6.54,4.856,76.8,Good,5.5,65.0
AD-003373,2026-07-05 19:15:16,9.0,6.7,3.109,59.4,Acceptable,43.0,0.5
AD-003374,2026-07-06 05:37:53,12.0,6.74,3.212,95.7,Good,48.5,0.5
AD-003375,2026-07-06 07:16:07,8.38,6.75,2.895,83.5,Good,72.0,0.5
AD-003376,2026-07-06 07:45:17,30.0,6.69,5.476,91.6,Good,10.0,5.7
AD-003377,2026-07-06 07:59:18,10.81,6.4,3.451,16.1,Spoiled,0.0,94.3
AD-003378,2026-07-06 08:28:21,6.62,6.96,2.515,99.1,Good,120.0,0.5
AD-003379,2026-07-06 08:28:47,37.5,5.98,7.687,2.6,Spoiled,0.0,99.5
AD-003380,2026-07-06 08:30:02,8.06,6.81,2.552,99.9,Good,94.5,0.5
AD-003381,2026-07-06 08:52:40,23.06,5.08,4.812,1.2,Spoiled,0.0,99.5
AD-003382,2026-07-06 09:20:34,24.31,6.75,5.053,89.5,Good,14.0,0.5
AD-003383,2026-07-06 09:26:28,28.12,6.59,5.3,67.4,Acceptable,7.0,35.0
AD-003384,2026-07-06 13:21:20,22.19,6.71,4.601,54.1,Acceptable,6.5,52.0
AD-003385,2026-07-06 16:14:32,9.56,6.64,3.284,44.6,Poor,19.0,6.7
AD-003386,2026-07-06 17:30:33,33.88,6.53,5.603,48.7,Poor,2.5,97.7
AD-003387,2026-07-06 17:41:58,39.19,4.45,8.207,0.0,Spoiled,0.0,99.5
AD-003388,2026-07-06 18:19:26,16.31,6.79,3.869,64.6,Acceptable,16.0,1.0
AD-003389,2026-07-06 18:50:27,23.75,6.53,4.49,44.2,Poor,3.5,84.0
AD-003390,2026-07-07 05:57:29,30.25,6.72,5.182,82.7,Good,8.0,20.3
AD-003391,2026-07-07 06:03:25,35.81,6.63,6.721,84.1,Good,6.5,42.7
AD-003392,2026-07-07 06:09:30,13.44,6.83,3.576,42.6,Poor,11.0,18.0
AD-003393,2026-07-07 06:15:10,15.69,6.77,3.999,77.7,Good,23.5,0.5
AD-003394,2026-07-07 06:22:05,26.19,5.75,5.344,0.6,Spoiled,0.0,99.5
AD-003395,2026-07-07 06:22:13,35.06,5.29,5.917,0.0,Spoiled,0.0,99.5
AD-003396,2026-07-07 06:28:54,34.19,6.57,5.793,77.1,Good,6.0,55.3
AD-003397,2026-07-07 06:50:42,7.31,6.84,2.532,99.7,Good,112.0,0.5
AD-003398,2026-07-07 07:12:17,23.62,4.94,5.26,0.0,Spoiled,0.0,99.5
AD-003399,2026-07-07 07:24:01,16.0,6.67,3.505,68.2,Acceptable,18.0,0.5
AD-003400,2026-07-07 07:46:57,16.31,6.84,4.75,73.7,Acceptable,20.0,0.5
AD-003401,2026-07-07 08:20:19,8.44,6.75,2.846,91.2,Good,84.5,0.5
AD-003402,2026-07-07 08:36:09,28.56,6.61,4.576,54.5,Acceptable,4.0,88.0
AD-003403,2026-07-07 09:15:04,31.81,6.53,5.106,73.4,Acceptable,6.5,44.7
AD-003404,2026-07-07 09:19:01,26.5,6.62,5.232,43.0,Poor,3.5,84.7
AD-003405,2026-07-07 09:22:55,19.19,6.72,5.197,42.9,Poor,5.5,57.0
AD-003406,2026-07-07 09:29:37,15.12,6.71,3.586,97.3,Good,33.5,0.5
AD-003407,2026-07-07 16:14:45,36.62,5.05,6.79,0.1,Spoiled,0.0,99.5
AD-003408,2026-07-07 16:25:05,9.38,6.89,2.767,87.1,Good,71.5,0.5
AD-003409,2026-07-07 16:40:31,31.0,6.44,5.414,91.6,Good,9.0,14.3
AD-003410,2026-07-07 19:21:35,34.25,6.59,6.676,97.6,Good,8.0,23.3
AD-003411,2026-07-07 19:25:05,32.31,6.7,5.986,93.9,Good,8.5,15.7
AD-003412,2026-07-08 05:31:42,18.75,6.85,3.951,49.5,Poor,8.5,26.3
AD-003413,2026-07-08 05:39:02,14.94,6.65,3.681,62.0,Acceptable,17.0,1.7
AD-003414,2026-07-08 05:40:54,23.88,6.73,4.366,76.8,Good,10.5,7.0
AD-003415,2026-07-08 05:42:30,15.19,6.72,3.672,64.6,Acceptable,17.5,1.0
AD-003416,2026-07-08 05:56:14,16.12,6.82,4.029,71.4,Acceptable,19.5,0.5
AD-003417,2026-07-08 06:00:07,31.88,6.6,5.888,64.1,Acceptable,5.0,75.7
AD-003418,2026-07-08 06:04:16,11.88,6.86,3.075,86.2,Good,41.5,0.5
AD-003419,2026-07-08 06:47:45,31.12,6.58,4.743,70.2,Acceptable,6.0,53.0
AD-003420,2026-07-08 06:56:12,15.94,6.68,3.786,35.7,Poor,4.5,66.7
AD-003421,2026-07-08 07:07:35,13.12,6.79,3.761,36.2,Poor,5.0,62.0
AD-003422,2026-07-08 08:31:48,5.75,6.88,2.665,53.5,Acceptable,52.5,0.5
AD-003423,2026-07-08 08:41:56,24.62,5.24,5.388,0.0,Spoiled,0.0,99.5
AD-003424,2026-07-08 09:00:31,27.12,5.88,5.146,0.0,Spoiled,0.0,99.5
AD-003425,2026-07-08 09:29:12,8.94,6.81,3.032,95.9,Good,76.5,0.5
AD-003426,2026-07-08 16:20:33,12.25,6.68,2.88,79.5,Good,34.5,0.5
AD-003427,2026-07-08 16:52:33,18.81,6.78,3.518,76.4,Good,17.0,0.5
AD-003428,2026-07-08 17:29:50,34.81,6.61,6.746,52.7,Acceptable,3.5,92.0
AD-003429,2026-07-08 18:59:41,12.75,6.66,3.657,35.2,Poor,7.5,43.3
AD-003430,2026-07-08 19:19:13,36.44,6.62,6.265,94.8,Good,7.5,26.3
AD-003431,2026-07-08 19:28:02,36.88,6.59,5.623,98.9,Good,8.0,23.3
AD-003432,2026-07-09 05:56:26,13.69,5.97,3.871,0.0,Spoiled,0.0,99.5
AD-003433,2026-07-09 06:58:28,24.25,5.34,6.36,0.0,Spoiled,0.0,99.5
AD-003434,2026-07-09 07:14:00,25.75,6.63,5.024,79.5,Good,9.5,12.0
AD-003435,2026-07-09 07:24:46,24.5,6.32,5.589,28.9,Poor,0.5,98.3
AD-003436,2026-07-09 07:39:27,5.56,6.74,2.326,30.4,Poor,14.0,36.0
AD-003437,2026-07-09 08:01:05,31.56,6.52,5.428,57.2,Acceptable,4.5,77.0
AD-003438,2026-07-09 08:28:54,7.69,6.82,2.64,99.6,Good,108.0,0.5
AD-003439,2026-07-09 08:46:22,28.94,6.73,5.467,94.4,Good,11.0,5.0
AD-003440,2026-07-09 08:47:51,8.94,6.84,3.017,90.4,Good,70.0,0.5
AD-003441,2026-07-09 09:02:33,4.25,6.74,2.414,90.4,Good,120.0,0.5
AD-003442,2026-07-09 09:18:34,15.94,6.82,4.35,91.0,Good,28.5,0.5
AD-003443,2026-07-09 17:16:15,8.69,6.79,2.855,78.4,Good,65.0,0.5
AD-003444,2026-07-09 18:38:25,24.75,6.72,4.496,69.0,Acceptable,9.0,12.7
AD-003445,2026-07-10 06:28:24,35.81,6.53,6.241,98.3,Good,7.0,27.0
AD-003446,2026-07-10 06:49:00,12.12,6.63,3.116,36.1,Poor,8.0,36.7
AD-003447,2026-07-10 07:20:29,29.5,6.78,5.024,84.7,Good,9.0,13.0
AD-003448,2026-07-10 07:20:39,33.25,4.87,6.229,0.0,Spoiled,0.0,99.5
AD-003449,2026-07-10 07:28:51,15.56,6.6,3.794,84.2,Good,26.0,0.5
AD-003450,2026-07-10 07:37:46,5.5,6.98,3.096,82.8,Good,120.0,0.5
AD-003451,2026-07-10 08:15:18,16.75,6.65,5.088,34.9,Poor,4.0,66.7
AD-003452,2026-07-10 08:31:46,6.88,6.81,3.126,97.5,Good,120.0,0.5
AD-003453,2026-07-10 08:59:16,35.25,6.65,7.223,77.8,Good,5.5,63.0
AD-003454,2026-07-10 08:59:29,33.69,6.69,5.713,81.2,Good,6.5,38.7
AD-003455,2026-07-10 09:06:07,14.12,6.63,3.361,95.7,Good,38.0,0.5
AD-003456,2026-07-10 09:16:52,10.0,6.76,3.095,56.4,Acceptable,28.5,0.7
AD-003457,2026-07-10 16:18:44,24.12,6.67,4.569,61.6,Acceptable,7.5,33.7
AD-003458,2026-07-10 16:29:48,30.69,4.84,6.066,0.0,Spoiled,0.0,99.5
AD-003459,2026-07-10 16:49:36,14.88,6.76,3.494,46.9,Poor,12.0,8.0
AD-003460,2026-07-10 17:20:46,28.5,6.68,5.425,83.0,Good,9.0,13.7
AD-003461,2026-07-10 17:37:19,26.69,6.69,5.194,51.5,Acceptable,5.0,67.7
AD-003462,2026-07-10 17:39:41,33.19,6.59,5.233,100.0,Good,10.0,9.3
AD-003463,2026-07-10 17:58:26,39.88,5.21,7.588,0.0,Spoiled,0.0,99.5
AD-003464,2026-07-10 18:01:01,32.38,6.62,5.67,81.8,Good,6.5,44.7
AD-003465,2026-07-10 18:15:05,33.44,6.63,5.986,46.7,Poor,2.0,99.5
AD-003466,2026-07-10 18:58:01,14.44,6.79,3.182,63.7,Acceptable,22.0,0.5
AD-003467,2026-07-10 19:22:29,13.19,6.55,3.16,28.5,Poor,3.5,67.7
AD-003468,2026-07-10 20:27:00,3.62,7.02,1.949,97.3,Good,120.0,0.5
AD-003469,2026-07-10 22:32:10,25.38,6.56,4.967,53.7,Acceptable,5.5,57.0
AD-003470,2026-07-11 05:31:41,30.62,6.7,5.311,52.2,Acceptable,4.0,83.3
AD-003471,2026-07-11 05:39:52,36.56,6.58,5.997,81.7,Good,5.5,58.7
AD-003472,2026-07-11 05:40:59,16.62,6.8,3.917,44.0,Poor,6.5,47.7
AD-003473,2026-07-11 05:57:16,27.19,6.55,4.902,40.5,Poor,2.5,95.0
AD-003474,2026-07-11 06:58:35,11.19,6.79,3.25,91.2,Good,53.0,0.5
AD-003475,2026-07-11 06:59:07,26.56,6.69,5.301,81.4,Good,9.0,14.3
AD-003476,2026-07-11 07:03:33,11.06,6.74,3.617,58.6,Acceptable,27.0,0.5
AD-003477,2026-07-11 07:29:17,10.62,6.84,3.353,96.0,Good,60.0,0.5
AD-003478,2026-07-11 07:42:09,14.88,6.76,4.648,86.1,Good,31.5,0.5
AD-003479,2026-07-11 08:25:40,35.44,6.53,6.19,75.6,Good,5.0,65.7
AD-003480,2026-07-11 08:34:58,32.19,4.83,6.212,0.0,Spoiled,0.0,99.5
AD-003481,2026-07-11 08:41:11,17.06,6.59,3.984,31.7,Poor,2.0,83.7
AD-003482,2026-07-11 08:51:36,14.31,6.89,3.822,85.3,Good,31.5,0.5
AD-003483,2026-07-11 09:04:23,8.31,6.89,2.421,90.3,Good,82.0,0.5
AD-003484,2026-07-11 16:24:13,20.0,6.52,4.272,34.9,Poor,3.0,82.3
AD-003485,2026-07-11 16:27:30,8.0,7.03,3.27,100.0,Good,100.0,0.5
AD-003486,2026-07-11 16:37:55,19.25,6.82,3.485,60.5,Acceptable,11.5,8.7
AD-003487,2026-07-11 16:55:40,15.38,5.65,3.681,0.9,Spoiled,0.0,99.5
AD-003488,2026-07-11 17:02:09,16.31,6.84,3.365,94.1,Good,26.0,0.5
AD-003489,2026-07-11 17:23:05,36.19,6.55,4.722,85.3,Good,6.5,47.0
AD-003490,2026-07-11 17:31:22,11.06,6.91,3.277,63.8,Acceptable,32.5,0.5
AD-003491,2026-07-11 17:46:51,22.06,5.31,6.169,0.1,Spoiled,0.0,99.5
AD-003492,2026-07-11 18:43:32,12.19,6.42,3.058,10.9,Spoiled,0.0,99.3
AD-003493,2026-07-12 06:09:55,7.0,6.84,2.466,96.6,Good,105.5,0.5
AD-003494,2026-07-12 06:15:56,29.19,6.68,5.029,76.8,Good,7.5,27.3
AD-003495,2026-07-12 06:31:01,17.0,6.67,4.13,64.7,Acceptable,12.0,6.7
AD-003496,2026-07-12 06:58:03,36.62,6.65,5.889,100.0,Good,8.0,19.7
AD-003497,2026-07-12 07:09:42,13.75,6.84,3.462,98.1,Good,40.5,0.5
AD-003498,2026-07-12 07:10:20,5.88,6.96,3.071,77.4,Good,111.5,0.5
AD-003499,2026-07-12 07:25:58,11.25,6.82,2.896,92.2,Good,51.0,0.5
AD-003500,2026-07-12 07:26:13,14.88,6.74,3.235,57.9,Acceptable,15.5,2.7
AD-003501,2026-07-12 07:32:58,14.69,6.79,3.569,39.6,Poor,7.0,43.0
AD-003502,2026-07-12 08:40:07,22.62,6.65,4.827,55.7,Acceptable,7.5,32.7
AD-003503,2026-07-12 08:57:18,34.0,6.72,5.745,72.1,Acceptable,5.0,67.7
AD-003504,2026-07-12 09:13:53,5.5,6.93,2.506,86.4,Good,120.0,0.5
AD-003505,2026-07-12 09:14:42,18.56,6.72,3.9,40.9,Poor,6.0,54.7
AD-003506,2026-07-12 09:25:32,35.44,6.65,5.838,45.3,Poor,1.5,99.5
AD-003507,2026-07-12 09:29:33,10.5,6.66,3.093,28.4,Poor,0.5,75.3
AD-003508,2026-07-12 16:36:51,19.38,6.59,4.646,67.3,Acceptable,12.5,4.7
AD-003509,2026-07-12 17:35:24,13.94,6.8,3.499,89.5,Good,32.5,0.5
AD-003510,2026-07-12 18:34:05,24.31,5.08,5.535,1.1,Spoiled,0.0,99.5
AD-003511,2026-07-12 19:05:30,8.19,6.87,2.855,96.3,Good,87.5,0.5
AD-003512,2026-07-12 19:14:13,6.31,6.82,2.436,85.1,Good,114.5,0.5
AD-003513,2026-07-12 22:51:48,15.31,6.83,3.284,65.3,Acceptable,18.0,0.5
AD-003514,2026-07-13 06:15:50,5.25,6.87,2.453,95.6,Good,120.0,0.5
AD-003515,2026-07-13 06:17:08,24.5,4.64,5.947,0.0,Spoiled,0.0,99.5
AD-003516,2026-07-13 07:16:07,13.69,6.82,3.304,73.3,Acceptable,27.5,0.5
AD-003517,2026-07-13 07:22:34,5.81,6.59,2.108,30.8,Poor,10.5,41.7
AD-003518,2026-07-13 08:08:02,36.06,6.51,6.382,76.4,Good,6.0,56.0
AD-003519,2026-07-13 08:16:55,12.75,6.71,3.289,37.8,Poor,8.5,35.0
AD-003520,2026-07-13 08:30:02,31.19,6.69,5.847,50.8,Acceptable,3.5,91.3
AD-003521,2026-07-13 08:36:52,7.06,6.78,2.293,74.0,Acceptable,76.0,0.5
AD-003522,2026-07-13 08:53:26,24.0,6.8,4.779,84.8,Good,12.5,1.3
AD-003523,2026-07-13 09:04:41,35.38,6.67,5.444,65.8,Acceptable,4.0,85.3
AD-003524,2026-07-13 09:29:29,8.81,6.73,3.197,75.1,Good,55.0,0.5
AD-003525,2026-07-13 12:44:01,13.25,6.58,3.454,27.5,Poor,0.5,86.7
AD-003526,2026-07-13 12:52:00,13.88,6.77,3.478,59.1,Acceptable,19.5,0.5
AD-003527,2026-07-13 16:01:43,14.94,6.72,3.645,63.8,Acceptable,21.0,0.7
AD-003528,2026-07-13 17:25:12,15.81,6.63,3.481,61.4,Acceptable,14.0,4.0
AD-003529,2026-07-13 17:46:55,5.81,6.98,2.154,84.4,Good,120.0,0.5
AD-003530,2026-07-13 17:49:53,17.06,6.82,3.483,71.8,Acceptable,18.5,0.5
AD-003531,2026-07-13 17:51:10,12.88,6.39,3.271,12.9,Spoiled,0.0,98.3
AD-003532,2026-07-13 18:54:38,6.5,6.89,2.477,96.3,Good,120.0,0.5
AD-003533,2026-07-13 18:59:51,6.0,6.95,2.939,86.3,Good,118.0,0.5
AD-003534,2026-07-13 19:02:14,8.19,7.0,2.883,91.7,Good,98.5,0.5
AD-003535,2026-07-14 06:17:33,3.5,6.86,2.514,83.4,Good,120.0,0.5
AD-003536,2026-07-14 06:20:51,19.94,6.71,4.262,51.6,Acceptable,7.5,35.0
AD-003537,2026-07-14 06:45:50,33.75,6.59,5.929,91.6,Good,7.5,23.3
AD-003538,2026-07-14 07:10:58,4.81,6.9,2.915,86.4,Good,120.0,0.5
AD-003539,2026-07-14 07:26:51,27.44,6.7,5.117,88.4,Good,11.0,3.0
AD-003540,2026-07-14 07:34:09,24.12,6.62,4.589,44.5,Poor,3.5,86.0
AD-003541,2026-07-14 07:56:51,15.06,6.73,3.14,70.6,Acceptable,22.5,0.5
AD-003542,2026-07-14 08:07:19,7.62,6.89,2.344,89.9,Good,92.0,0.5
AD-003543,2026-07-14 08:15:53,3.25,6.88,2.248,100.0,Good,120.0,0.5
AD-003544,2026-07-14 08:26:22,36.62,6.6,6.41,71.2,Acceptable,4.5,75.3
AD-003545,2026-07-14 08:36:22,6.56,6.76,2.516,94.0,Good,120.0,0.5
AD-003546,2026-07-14 09:15:05,5.69,6.84,2.475,96.2,Good,120.0,0.5
AD-003547,2026-07-14 09:20:02,36.31,6.54,5.504,100.0,Good,7.0,22.7
AD-003548,2026-07-14 09:23:59,32.94,6.56,5.787,98.1,Good,9.5,6.3
AD-003549,2026-07-14 09:28:09,9.81,6.91,3.067,96.5,Good,70.5,0.5
AD-003550,2026-07-14 17:11:26,16.12,6.88,3.641,82.8,Good,23.0,0.5
AD-003551,2026-07-14 17:14:06,33.38,6.61,5.706,46.3,Poor,2.5,99.5
AD-003552,2026-07-14 17:50:17,15.06,6.83,3.53,86.4,Good,29.5,0.5
AD-003553,2026-07-14 17:52:13,11.94,6.55,3.701,32.0,Poor,4.5,64.7
AD-003554,2026-07-14 18:27:46,6.62,6.8,2.351,78.0,Good,86.0,0.5
AD-003555,2026-07-15 06:02:54,25.88,6.63,5.1,74.2,Acceptable,8.5,16.3
AD-003556,2026-07-15 06:12:29,4.5,6.86,2.623,100.0,Good,120.0,0.5
AD-003557,2026-07-15 06:14:50,10.44,6.72,3.686,97.4,Good,60.5,0.5
AD-003558,2026-07-15 06:36:17,16.0,6.77,3.468,53.2,Acceptable,11.0,16.3
AD-003559,2026-07-15 07:27:56,20.5,6.24,4.661,22.3,Spoiled,0.0,98.7
AD-003560,2026-07-15 07:28:33,19.94,6.58,3.959,98.0,Good,24.0,0.5
AD-003561,2026-07-15 08:03:15,28.0,6.56,5.75,48.6,Poor,4.0,81.7
AD-003562,2026-07-15 08:06:20,11.69,6.77,4.413,82.9,Good,41.0,0.5
AD-003563,2026-07-15 08:24:30,26.94,6.54,5.448,76.1,Good,8.5,15.0
AD-003564,2026-07-15 08:50:49,5.0,6.87,2.341,88.3,Good,120.0,0.5
AD-003565,2026-07-15 08:58:07,19.75,4.96,4.539,4.3,Spoiled,0.0,99.5
AD-003566,2026-07-15 16:19:17,28.31,5.03,6.492,0.0,Spoiled,0.0,99.5
AD-003567,2026-07-15 17:35:55,34.25,6.71,5.438,99.6,Good,9.0,12.3
AD-003568,2026-07-16 05:55:26,30.5,4.89,5.856,1.1,Spoiled,0.0,99.5
AD-003569,2026-07-16 06:05:28,21.69,5.28,5.235,0.0,Spoiled,0.0,99.5
AD-003570,2026-07-16 06:29:30,21.12,5.59,4.878,0.0,Spoiled,0.0,99.5
AD-003571,2026-07-16 06:31:02,35.88,6.68,5.599,75.1,Good,5.0,68.7
AD-003572,2026-07-16 06:53:33,5.5,6.77,2.25,92.6,Good,120.0,0.5
AD-003573,2026-07-16 07:45:56,34.38,6.66,6.118,89.2,Good,7.5,27.3
AD-003574,2026-07-16 07:58:30,4.69,6.75,2.431,96.0,Good,120.0,0.5
AD-003575,2026-07-16 08:16:43,23.62,6.72,4.49,73.4,Acceptable,9.5,14.0
AD-003576,2026-07-16 08:33:02,12.94,6.82,3.375,93.9,Good,42.0,0.5
AD-003577,2026-07-16 08:45:18,34.25,6.61,6.434,74.4,Acceptable,5.5,68.7
AD-003578,2026-07-16 08:46:33,8.81,6.76,3.444,83.9,Good,65.0,0.5
AD-003579,2026-07-16 08:57:19,16.25,5.9,4.529,1.6,Spoiled,0.0,99.5
AD-003580,2026-07-16 09:06:04,23.38,5.06,5.328,0.8,Spoiled,0.0,99.5
AD-003581,2026-07-16 16:17:47,17.0,6.23,3.604,0.0,Spoiled,0.0,99.5
AD-003582,2026-07-16 16:21:20,12.44,6.71,3.235,33.8,Poor,8.0,36.3
AD-003583,2026-07-16 16:24:49,35.12,6.71,5.212,80.4,Good,5.5,56.7
AD-003584,2026-07-16 16:31:58,13.31,6.77,3.66,65.7,Acceptable,23.5,0.5
AD-003585,2026-07-16 16:42:54,13.56,6.91,3.196,79.7,Good,28.5,0.5
AD-003586,2026-07-16 17:01:06,17.31,5.41,4.175,0.2,Spoiled,0.0,99.5
AD-003587,2026-07-16 17:29:40,33.38,6.63,5.67,68.9,Acceptable,5.0,70.7
AD-003588,2026-07-16 18:00:59,8.94,6.73,2.705,29.8,Poor,4.5,50.0
AD-003589,2026-07-16 18:07:19,28.0,6.46,5.032,54.2,Acceptable,4.5,72.3
AD-003590,2026-07-16 18:39:13,25.88,6.43,5.729,20.2,Spoiled,0.0,99.5
AD-003591,2026-07-16 22:35:42,17.31,6.77,4.044,99.9,Good,29.5,0.5
AD-003592,2026-07-17 05:34:46,20.94,6.85,4.28,71.8,Acceptable,13.0,2.7
AD-003593,2026-07-17 06:03:58,14.38,6.75,3.647,81.7,Good,28.0,0.5
AD-003594,2026-07-17 06:28:41,33.12,6.51,6.481,99.5,Good,10.0,6.7
AD-003595,2026-07-17 06:33:19,30.81,5.62,6.397,1.7,Spoiled,0.0,99.5
AD-003596,2026-07-17 06:43:49,17.69,6.68,3.398,69.1,Acceptable,15.0,1.3
AD-003597,2026-07-17 07:05:43,38.38,4.95,7.222,0.6,Spoiled,0.0,99.5
AD-003598,2026-07-17 08:00:58,31.81,6.65,4.968,91.5,Good,8.0,22.7
AD-003599,2026-07-17 08:36:08,12.5,6.89,3.479,100.0,Good,50.5,0.5
AD-003600,2026-07-17 08:37:38,15.31,6.6,4.608,59.2,Acceptable,16.5,0.5
AD-003601,2026-07-17 09:04:30,7.38,6.87,2.693,88.7,Good,92.0,0.5
AD-003602,2026-07-17 09:14:25,12.44,6.81,3.352,41.1,Poor,13.0,11.3
AD-003603,2026-07-17 09:16:25,17.38,6.66,3.85,39.2,Poor,6.0,54.3
AD-003604,2026-07-17 09:47:52,25.56,6.09,5.582,4.8,Spoiled,0.0,99.5
AD-003605,2026-07-17 10:44:34,8.94,6.91,2.843,100.0,Good,86.0,0.5
AD-003606,2026-07-17 16:28:45,9.12,6.86,2.047,70.4,Acceptable,46.0,0.5
AD-003607,2026-07-17 16:31:04,24.44,6.57,5.221,100.0,Good,15.0,0.5
AD-003608,2026-07-17 16:47:30,17.5,6.81,3.678,82.8,Good,22.0,0.5
AD-003609,2026-07-17 18:07:08,32.62,6.54,5.629,78.9,Good,6.5,42.3
AD-003610,2026-07-17 18:44:35,7.19,6.92,2.925,99.1,Good,120.0,0.5
AD-003611,2026-07-17 19:04:05,36.19,6.65,5.734,93.1,Good,6.5,42.7
AD-003612,2026-07-18 05:33:09,16.5,6.51,3.766,46.1,Poor,7.5,40.3
AD-003613,2026-07-18 05:48:14,17.69,6.84,4.009,58.2,Acceptable,11.0,11.7
AD-003614,2026-07-18 05:55:17,27.12,6.8,4.72,76.0,Good,8.5,19.0
AD-003615,2026-07-18 06:15:53,31.44,6.58,4.703,70.4,Acceptable,5.5,61.3
AD-003616,2026-07-18 06:27:43,35.12,6.57,6.508,93.1,Good,8.0,23.0
AD-003617,2026-07-18 06:28:35,8.69,6.75,3.044,100.0,Good,104.5,0.5
AD-003618,2026-07-18 07:10:10,9.88,6.83,2.952,92.4,Good,60.5,0.5
AD-003619,2026-07-18 07:24:14,17.38,6.79,3.965,73.2,Acceptable,18.0,0.5
AD-003620,2026-07-18 07:27:15,17.94,6.63,4.223,45.1,Poor,7.5,35.0
AD-003621,2026-07-18 07:34:16,14.94,6.86,3.746,75.0,Acceptable,27.5,0.5
AD-003622,2026-07-18 09:12:56,22.94,6.84,4.532,74.5,Acceptable,11.5,5.3
AD-003623,2026-07-18 16:07:37,14.19,6.81,4.388,44.2,Poor,9.0,31.0
AD-003624,2026-07-18 16:16:30,34.31,6.55,6.076,49.1,Poor,3.0,97.0
AD-003625,2026-07-18 16:21:03,13.0,6.97,3.455,87.1,Good,39.0,0.5
AD-003626,2026-07-18 16:41:48,33.31,6.62,5.787,67.9,Acceptable,5.0,76.0
AD-003627,2026-07-18 16:53:02,24.56,5.2,5.79,0.1,Spoiled,0.0,99.5
AD-003628,2026-07-18 17:54:35,13.19,6.65,3.498,75.7,Good,32.0,0.5
AD-003629,2026-07-18 18:33:32,27.5,6.61,5.983,50.6,Acceptable,4.0,79.7
AD-003630,2026-07-19 06:31:45,29.0,6.44,4.806,45.5,Poor,3.0,94.3
AD-003631,2026-07-19 06:37:50,33.81,6.52,6.135,91.1,Good,8.0,23.3
AD-003632,2026-07-19 06:53:55,32.94,6.57,5.702,70.1,Acceptable,5.0,64.3
AD-003633,2026-07-19 06:57:31,18.06,4.95,4.846,1.6,Spoiled,0.0,99.5
AD-003634,2026-07-19 07:10:14,9.38,6.84,2.777,67.1,Acceptable,44.0,0.5
AD-003635,2026-07-19 07:14:25,12.12,6.8,3.602,25.2,Poor,0.0,84.0
AD-003636,2026-07-19 07:15:58,9.31,6.63,2.713,36.2,Poor,9.5,37.7
AD-003637,2026-07-19 08:27:25,31.81,6.66,5.728,83.8,Good,7.0,32.7
AD-003638,2026-07-19 08:32:11,9.62,6.82,2.429,100.0,Good,83.0,0.5
AD-003639,2026-07-19 08:48:28,33.81,6.68,5.439,91.4,Good,7.5,25.7
AD-003640,2026-07-19 09:25:22,6.44,6.85,2.677,94.9,Good,120.0,0.5
AD-003641,2026-07-19 09:26:02,12.44,6.7,3.367,62.4,Acceptable,24.5,0.5
AD-003642,2026-07-19 14:34:54,10.88,6.91,2.839,66.2,Acceptable,34.5,0.5
AD-003643,2026-07-19 16:44:06,13.88,6.84,3.36,70.6,Acceptable,24.0,0.7
AD-003644,2026-07-19 18:23:29,24.88,5.06,5.097,0.0,Spoiled,0.0,99.5
AD-003645,2026-07-19 18:39:24,11.12,6.79,2.707,50.1,Acceptable,20.0,3.0
AD-003646,2026-07-19 18:39:54,36.12,6.51,5.021,78.3,Good,5.5,57.3
AD-003647,2026-07-19 19:08:33,7.31,6.92,2.759,91.3,Good,104.5,0.5
AD-003648,2026-07-20 00:10:58,32.69,5.31,5.699,0.0,Spoiled,0.0,99.5
AD-003649,2026-07-20 05:32:03,21.62,6.7,4.77,46.5,Poor,4.5,69.0
AD-003650,2026-07-20 06:03:08,21.19,6.32,5.206,25.4,Poor,0.5,97.3
AD-003651,2026-07-20 06:06:48,30.12,6.59,5.438,37.0,Poor,2.0,97.7
AD-003652,2026-07-20 06:09:05,16.62,6.76,3.927,86.0,Good,24.0,0.5
AD-003653,2026-07-20 06:41:50,14.06,6.82,3.394,67.6,Acceptable,23.5,0.5
AD-003654,2026-07-20 06:59:10,36.62,6.52,6.257,97.3,Good,8.5,12.0
AD-003655,2026-07-20 06:59:17,7.25,6.7,2.485,97.2,Good,117.0,0.5
AD-003656,2026-07-20 07:05:57,8.81,6.83,2.536,93.0,Good,80.0,0.5
AD-003657,2026-07-20 07:07:08,12.38,6.8,3.01,55.2,Acceptable,16.5,5.3
AD-003658,2026-07-20 07:49:52,34.75,6.54,6.425,82.4,Good,6.5,43.3
AD-003659,2026-07-20 08:37:52,28.94,4.68,5.469,0.0,Spoiled,0.0,99.5
AD-003660,2026-07-20 08:57:42,15.56,6.66,3.509,26.5,Poor,2.0,77.7
AD-003661,2026-07-20 09:06:11,10.94,6.78,2.965,85.1,Good,46.0,0.5
AD-003662,2026-07-20 09:17:30,27.81,4.82,5.495,0.0,Spoiled,0.0,99.5
AD-003663,2026-07-20 09:25:36,36.31,6.61,5.951,100.0,Good,9.5,5.3
AD-003664,2026-07-20 14:24:19,37.19,6.49,5.645,100.0,Good,7.5,25.0
AD-003665,2026-07-20 17:31:56,36.12,6.55,6.204,92.9,Good,7.5,29.7
AD-003666,2026-07-20 18:00:58,32.06,5.26,5.981,2.8,Spoiled,0.0,99.5
AD-003667,2026-07-21 05:38:31,28.81,5.91,5.138,0.0,Spoiled,0.0,99.5
AD-003668,2026-07-21 06:36:13,13.69,6.7,3.347,28.7,Poor,2.5,75.0
AD-003669,2026-07-21 06:37:43,25.94,6.26,5.395,20.8,Spoiled,0.0,99.5
AD-003670,2026-07-21 06:53:16,10.81,6.94,2.815,99.0,Good,60.5,0.5
AD-003671,2026-07-21 07:41:35,28.62,6.71,5.025,85.1,Good,9.5,11.3
AD-003672,2026-07-21 07:58:29,27.94,6.63,5.143,82.3,Good,9.5,8.7
AD-003673,2026-07-21 07:59:54,32.81,6.68,5.504,94.3,Good,8.5,16.7
AD-003674,2026-07-21 08:47:07,33.25,5.16,6.508,0.0,Spoiled,0.0,99.5
AD-003675,2026-07-21 09:11:26,4.94,6.98,2.505,45.6,Poor,46.5,4.0
AD-003676,2026-07-21 09:15:33,10.56,6.79,2.985,56.5,Acceptable,24.5,0.5
AD-003677,2026-07-21 09:27:12,6.56,6.54,3.837,26.7,Poor,4.0,52.7
AD-003678,2026-07-21 16:06:10,14.38,6.76,4.682,70.0,Acceptable,23.5,0.5
AD-003679,2026-07-21 17:00:23,12.44,6.79,3.317,83.7,Good,43.0,0.5
AD-003680,2026-07-21 17:15:45,36.5,6.64,5.238,73.6,Acceptable,5.5,56.7
AD-003681,2026-07-21 18:01:38,25.88,4.92,5.191,0.0,Spoiled,0.0,99.5
AD-003682,2026-07-21 18:34:58,4.75,6.84,2.445,96.2,Good,120.0,0.5
AD-003683,2026-07-21 18:54:16,14.25,6.77,3.279,65.6,Acceptable,20.5,0.5
AD-003684,2026-07-21 19:02:49,7.62,6.83,2.809,95.5,Good,103.5,0.5
AD-003685,2026-07-21 19:13:42,22.56,6.44,4.645,35.6,Poor,2.5,88.0
AD-003686,2026-07-22 06:10:10,31.94,6.64,5.505,96.8,Good,10.5,3.7
AD-003687,2026-07-22 06:14:39,36.56,6.65,5.68,82.3,Good,5.5,65.3
AD-003688,2026-07-22 06:31:28,13.94,6.67,3.444,55.6,Acceptable,17.0,4.3
AD-003689,2026-07-22 06:48:59,32.38,6.58,5.531,96.5,Good,9.0,12.7
AD-003690,2026-07-22 06:49:45,18.88,6.49,4.516,35.8,Poor,3.0,82.7
AD-003691,2026-07-22 07:11:33,21.56,5.66,4.484,1.5,Spoiled,0.0,99.5
AD-003692,2026-07-22 07:22:59,18.19,6.73,4.278,48.9,Poor,7.5,36.0
AD-003693,2026-07-22 08:09:59,34.12,6.65,5.836,68.9,Acceptable,5.0,71.7
AD-003694,2026-07-22 08:20:00,22.12,5.58,5.067,1.5,Spoiled,0.0,99.5
AD-003695,2026-07-22 08:39:17,26.38,5.0,5.046,0.0,Spoiled,0.0,99.5
AD-003696,2026-07-22 08:49:33,20.06,6.65,4.137,47.8,Poor,6.0,51.0
AD-003697,2026-07-22 08:51:34,10.62,6.9,3.706,85.6,Good,49.0,0.5
AD-003698,2026-07-22 09:00:46,27.19,6.69,4.774,71.3,Acceptable,7.0,35.7
AD-003699,2026-07-22 09:02:15,37.19,4.91,6.197,0.6,Spoiled,0.0,99.5
AD-003700,2026-07-22 09:26:53,32.88,6.59,5.684,67.6,Acceptable,5.0,75.0
AD-003701,2026-07-22 16:00:52,8.12,7.04,3.418,91.3,Good,83.0,0.5
AD-003702,2026-07-22 16:05:44,25.5,5.0,5.347,0.0,Spoiled,0.0,99.5
AD-003703,2026-07-22 16:50:10,21.38,5.38,5.253,0.0,Spoiled,0.0,99.5
AD-003704,2026-07-22 17:34:21,28.0,6.59,5.264,60.0,Acceptable,5.5,59.0
AD-003705,2026-07-22 18:00:50,35.0,6.59,5.971,73.4,Acceptable,5.0,68.7
AD-003706,2026-07-22 18:07:39,32.56,6.7,6.462,90.7,Good,7.5,26.3
AD-003707,2026-07-22 18:29:09,34.69,6.62,6.325,88.3,Good,7.0,40.7
AD-003708,2026-07-22 19:04:03,24.81,5.74,5.056,0.0,Spoiled,0.0,99.5
AD-003709,2026-07-23 06:10:32,10.62,6.78,3.081,83.5,Good,47.0,0.5
AD-003710,2026-07-23 07:11:52,11.19,6.85,3.088,51.1,Acceptable,22.5,0.5
AD-003711,2026-07-23 07:47:25,8.12,7.02,2.788,95.8,Good,97.0,0.5
AD-003712,2026-07-23 08:07:34,39.94,4.69,7.661,0.0,Spoiled,0.0,99.5
AD-003713,2026-07-23 08:15:14,29.94,6.68,5.419,65.4,Acceptable,5.5,57.7
AD-003714,2026-07-23 08:15:34,35.75,6.65,5.175,87.9,Good,7.5,19.7
AD-003715,2026-07-23 08:17:49,11.12,6.73,2.835,97.2,Good,55.5,0.5
AD-003716,2026-07-23 08:18:32,16.75,6.95,4.168,43.4,Poor,8.5,32.3
AD-003717,2026-07-23 08:30:26,21.38,6.64,6.091,22.6,Spoiled,0.0,99.5
AD-003718,2026-07-23 08:49:36,23.81,6.59,4.921,46.6,Poor,4.0,80.0
AD-003719,2026-07-23 08:56:27,15.0,6.82,3.228,67.9,Acceptable,22.5,0.5
AD-003720,2026-07-23 09:20:29,32.5,6.64,5.697,77.8,Good,6.5,45.0
AD-003721,2026-07-23 09:25:16,14.5,6.8,3.901,78.0,Good,25.5,0.5
AD-003722,2026-07-23 11:06:33,30.81,6.57,5.426,84.7,Good,8.0,18.3
AD-003723,2026-07-23 16:01:21,31.19,6.69,5.694,81.3,Good,7.5,29.0
AD-003724,2026-07-23 16:18:39,6.81,6.96,2.667,97.4,Good,113.0,0.5
AD-003725,2026-07-23 18:06:08,17.44,6.47,4.335,20.4,Spoiled,0.0,98.7
AD-003726,2026-07-23 18:22:26,18.81,6.77,4.537,64.6,Acceptable,13.0,2.7
AD-003727,2026-07-24 07:21:08,3.19,6.9,1.97,88.1,Good,120.0,0.5
AD-003728,2026-07-24 07:31:18,15.56,6.84,3.432,72.0,Acceptable,23.0,0.5
AD-003729,2026-07-24 08:04:09,27.88,6.7,5.083,85.1,Good,9.5,13.0
AD-003730,2026-07-24 08:07:05,20.81,6.66,4.049,76.8,Good,13.5,2.3
AD-003731,2026-07-24 08:21:19,33.75,6.6,5.584,82.6,Good,6.5,43.7
AD-003732,2026-07-24 08:53:07,9.81,6.8,3.084,93.4,Good,67.5,0.5
AD-003733,2026-07-24 09:04:35,9.31,6.84,3.038,64.2,Acceptable,39.0,0.5
AD-003734,2026-07-24 09:23:22,7.69,6.91,3.09,100.0,Good,115.0,0.5
AD-003735,2026-07-24 09:28:14,36.25,6.74,5.634,100.0,Good,7.5,20.0
AD-003736,2026-07-24 10:20:03,14.19,6.88,3.66,68.0,Acceptable,24.5,0.5
AD-003737,2026-07-24 13:16:22,31.06,6.65,4.884,92.5,Good,8.5,16.3
AD-003738,2026-07-24 14:26:16,37.94,6.55,5.453,84.2,Good,6.0,51.0
AD-003739,2026-07-24 16:35:27,36.56,6.63,5.528,90.7,Good,7.0,35.3
AD-003740,2026-07-24 16:58:10,27.44,5.29,5.19,0.0,Spoiled,0.0,99.5
AD-003741,2026-07-24 18:39:50,9.12,6.65,2.835,38.2,Poor,13.5,25.0
AD-003742,2026-07-24 18:51:42,20.19,6.78,4.243,47.6,Poor,5.5,56.3
AD-003743,2026-07-24 19:14:16,3.06,6.91,2.377,100.0,Good,120.0,0.5
AD-003744,2026-07-25 05:44:00,28.12,6.73,5.291,77.9,Good,9.0,13.3
AD-003745,2026-07-25 06:03:51,25.44,6.71,5.225,55.9,Acceptable,6.0,48.0
AD-003746,2026-07-25 06:17:03,22.31,6.74,4.488,95.9,Good,18.0,0.5
AD-003747,2026-07-25 06:22:07,15.94,6.78,4.301,76.3,Good,21.5,0.5
AD-003748,2026-07-25 06:53:03,16.38,6.74,3.693,75.4,Good,20.0,0.5
AD-003749,2026-07-25 06:54:13,11.0,6.83,2.875,100.0,Good,61.0,0.5
AD-003750,2026-07-25 07:00:31,34.25,6.61,5.309,93.1,Good,7.5,23.0
AD-003751,2026-07-25 07:04:11,34.81,5.14,6.332,0.0,Spoiled,0.0,99.5
AD-003752,2026-07-25 07:07:22,8.81,6.65,2.559,41.3,Poor,18.0,12.0
AD-003753,2026-07-25 07:34:03,16.75,6.71,3.58,53.4,Acceptable,11.0,12.0
AD-003754,2026-07-25 08:19:11,37.06,6.65,6.58,98.6,Good,9.5,7.3
AD-003755,2026-07-25 08:21:27,16.25,5.6,4.574,0.0,Spoiled,0.0,99.5
AD-003756,2026-07-25 08:41:33,34.62,6.75,6.637,87.6,Good,6.5,37.3
AD-003757,2026-07-25 08:57:07,28.44,6.74,4.974,97.5,Good,11.5,2.0
AD-003758,2026-07-25 16:07:26,14.56,6.76,3.557,97.7,Good,37.0,0.5
AD-003759,2026-07-25 16:34:42,4.0,6.83,2.038,94.7,Good,120.0,0.5
AD-003760,2026-07-25 16:44:03,3.5,6.89,2.114,89.4,Good,120.0,0.5
AD-003761,2026-07-25 16:58:03,17.44,6.71,4.199,84.6,Good,22.0,0.5
AD-003762,2026-07-25 16:58:53,14.38,6.39,3.711,27.2,Poor,2.0,81.3
AD-003763,2026-07-25 17:05:08,24.88,6.74,4.958,74.7,Acceptable,10.0,9.0
AD-003764,2026-07-25 17:24:56,10.5,6.82,3.029,100.0,Good,68.5,0.5
AD-003765,2026-07-25 17:32:25,9.25,6.89,3.159,81.4,Good,57.5,0.5
AD-003766,2026-07-25 18:39:13,20.19,6.23,4.214,21.4,Spoiled,0.0,98.7
AD-003767,2026-07-25 18:45:06,15.81,6.81,3.342,44.3,Poor,7.5,37.3
AD-003768,2026-07-26 05:42:03,6.69,6.83,2.519,83.9,Good,101.5,0.5
AD-003769,2026-07-26 06:46:45,39.0,5.02,7.245,2.1,Spoiled,0.0,99.5
AD-003770,2026-07-26 07:54:45,32.81,6.56,5.827,76.6,Good,6.0,50.7
AD-003771,2026-07-26 07:58:34,34.75,6.51,5.399,86.0,Good,7.0,33.7
AD-003772,2026-07-26 08:38:53,28.75,6.63,6.457,92.0,Good,10.0,5.7
AD-003773,2026-07-26 08:45:06,31.38,6.63,5.749,76.4,Good,7.0,38.3
AD-003774,2026-07-26 15:25:50,10.88,6.94,3.73,92.1,Good,52.5,0.5
AD-003775,2026-07-26 18:09:50,36.69,6.53,5.387,99.5,Good,7.5,28.3
AD-003776,2026-07-26 18:32:58,13.0,6.87,3.14,63.2,Acceptable,24.5,0.5
AD-003777,2026-07-26 18:36:03,29.19,4.63,5.176,1.3,Spoiled,0.0,99.5
AD-003778,2026-07-26 18:48:10,8.25,6.82,2.681,77.1,Good,59.0,0.5
AD-003779,2026-07-27 05:43:16,28.56,6.57,5.134,38.4,Poor,2.5,98.3
AD-003780,2026-07-27 05:51:49,15.19,6.76,4.047,68.3,Acceptable,21.0,0.5
AD-003781,2026-07-27 06:29:58,7.44,6.93,2.901,95.1,Good,120.0,0.5
AD-003782,2026-07-27 06:50:04,14.0,6.44,3.456,24.4,Spoiled,0.0,95.0
AD-003783,2026-07-27 07:04:19,29.31,6.41,5.038,26.2,Poor,0.5,99.5
AD-003784,2026-07-27 07:17:59,10.88,6.85,2.895,81.8,Good,51.5,0.5
AD-003785,2026-07-27 07:43:43,31.06,6.75,4.676,89.8,Good,8.5,16.7
AD-003786,2026-07-27 07:58:36,8.38,6.93,2.999,91.7,Good,83.0,0.5
AD-003787,2026-07-27 08:33:07,36.56,6.59,5.324,99.7,Good,8.0,20.0
AD-003788,2026-07-27 08:41:42,11.44,6.67,2.714,79.7,Good,42.0,0.5
AD-003789,2026-07-27 16:39:02,34.69,6.7,5.619,83.0,Good,6.5,45.7
AD-003790,2026-07-27 19:20:26,6.44,6.85,2.575,100.0,Good,120.0,0.5
AD-003791,2026-07-27 20:51:33,13.75,6.85,3.41,64.3,Acceptable,20.5,1.0
AD-003792,2026-07-27 22:21:59,12.0,6.89,3.859,90.3,Good,44.5,0.5
AD-003793,2026-07-28 03:03:17,4.5,6.87,2.214,94.3,Good,120.0,0.5
AD-003794,2026-07-28 05:49:13,8.5,7.09,3.441,84.8,Good,72.0,0.5
AD-003795,2026-07-28 05:51:19,5.5,6.88,2.317,96.3,Good,120.0,0.5
AD-003796,2026-07-28 06:23:11,11.56,6.07,3.157,0.9,Spoiled,0.0,99.5
AD-003797,2026-07-28 06:25:52,14.06,6.84,3.34,82.3,Good,31.0,0.5
AD-003798,2026-07-28 06:48:55,31.75,5.03,6.311,3.0,Spoiled,0.0,99.5
AD-003799,2026-07-28 07:24:04,34.0,5.98,5.633,3.7,Spoiled,0.0,99.5
AD-003800,2026-07-28 07:30:47,26.88,6.76,4.809,100.0,Good,13.5,0.7
AD-003801,2026-07-28 07:38:33,10.38,6.83,3.023,97.0,Good,68.0,0.5
AD-003802,2026-07-28 08:03:11,17.88,6.8,3.962,49.8,Poor,8.5,20.7
AD-003803,2026-07-28 08:16:35,10.12,6.74,2.6,90.1,Good,57.0,0.5
AD-003804,2026-07-28 08:24:50,6.06,6.9,2.512,88.7,Good,120.0,0.5
AD-003805,2026-07-28 08:25:48,20.25,6.7,3.963,39.9,Poor,4.5,72.0
AD-003806,2026-07-28 08:32:23,7.19,6.92,2.598,76.5,Good,85.0,0.5
AD-003807,2026-07-28 08:54:15,13.62,6.86,3.754,87.0,Good,36.5,0.5
AD-003808,2026-07-28 16:27:17,35.38,5.39,5.682,0.0,Spoiled,0.0,99.5
AD-003809,2026-07-28 17:40:46,10.12,6.79,3.095,100.0,Good,66.5,0.5
AD-003810,2026-07-28 18:19:01,27.0,6.64,4.733,83.6,Good,10.5,2.3
AD-003811,2026-07-28 18:28:05,37.31,4.75,7.427,0.0,Spoiled,0.0,99.5
AD-003812,2026-07-28 18:34:23,10.62,6.8,2.973,63.8,Acceptable,31.0,0.5
AD-003813,2026-07-29 04:28:01,7.88,6.95,2.966,56.0,Acceptable,37.5,0.5
AD-003814,2026-07-29 06:33:10,7.12,6.97,2.662,98.4,Good,120.0,0.5
AD-003815,2026-07-29 06:52:55,30.12,6.72,5.007,75.0,Good,7.0,37.0
AD-003816,2026-07-29 07:24:10,10.75,6.89,3.252,58.7,Acceptable,27.5,0.5
AD-003817,2026-07-29 07:28:34,10.5,6.88,3.705,98.2,Good,68.0,0.5
AD-003818,2026-07-29 07:45:30,37.12,6.44,5.622,37.7,Poor,1.5,99.5
AD-003819,2026-07-29 07:49:57,12.75,6.84,3.389,75.9,Good,30.0,0.5
AD-003820,2026-07-29 08:13:52,36.69,6.47,5.645,70.4,Acceptable,4.5,78.0
AD-003821,2026-07-29 08:16:13,32.88,6.57,5.3,57.3,Acceptable,3.5,92.7
AD-003822,2026-07-29 09:03:20,33.06,6.6,5.766,86.6,Good,7.5,21.0
AD-003823,2026-07-29 16:10:04,29.69,6.61,5.337,98.2,Good,10.5,4.3
AD-003824,2026-07-29 16:49:58,10.44,6.85,2.882,96.9,Good,65.5,0.5
AD-003825,2026-07-29 16:55:01,19.0,6.23,4.219,6.8,Spoiled,0.0,98.3
AD-003826,2026-07-29 17:23:42,21.19,6.63,3.899,55.6,Acceptable,8.5,20.3
AD-003827,2026-07-29 17:49:36,29.88,6.68,5.78,64.5,Acceptable,5.5,68.3
AD-003828,2026-07-29 18:01:15,14.75,6.54,3.256,23.7,Spoiled,0.5,88.0
AD-003829,2026-07-29 18:03:27,6.94,6.75,2.875,89.1,Good,102.5,0.5
AD-003830,2026-07-29 18:34:59,30.44,6.76,5.721,97.9,Good,10.5,3.3
AD-003831,2026-07-29 19:09:23,6.0,6.83,2.395,69.1,Acceptable,89.0,0.5
AD-003832,2026-07-29 19:27:23,29.62,6.57,5.191,80.2,Good,8.5,20.3
AD-003833,2026-07-30 01:33:31,4.94,6.85,2.494,86.1,Good,120.0,0.5
AD-003834,2026-07-30 05:58:29,15.88,6.81,3.599,79.6,Good,23.0,0.5
AD-003835,2026-07-30 06:23:31,18.0,6.71,4.209,84.6,Good,21.0,0.5
AD-003836,2026-07-30 06:44:02,30.44,6.1,5.817,19.8,Spoiled,0.0,99.5
AD-003837,2026-07-30 07:31:00,4.94,7.03,2.478,98.6,Good,120.0,0.5
AD-003838,2026-07-30 07:34:20,39.75,5.17,7.345,3.0,Spoiled,0.0,99.5
AD-003839,2026-07-30 07:38:55,36.81,6.62,5.853,76.3,Good,5.0,69.7
AD-003840,2026-07-30 07:43:24,9.94,6.68,3.285,31.0,Poor,7.5,39.3
AD-003841,2026-07-30 08:17:20,25.81,4.82,5.253,0.0,Spoiled,0.0,99.5
AD-003842,2026-07-30 08:22:45,33.81,6.64,5.538,99.2,Good,9.5,8.3
AD-003843,2026-07-30 08:25:04,27.12,6.58,5.333,50.9,Acceptable,4.0,88.3
AD-003844,2026-07-30 09:00:10,27.69,6.53,5.159,49.9,Poor,4.0,78.0
AD-003845,2026-07-30 16:38:23,13.88,6.13,3.354,5.5,Spoiled,0.0,99.5
AD-003846,2026-07-30 17:43:56,24.12,6.74,4.901,52.8,Acceptable,6.0,54.0
AD-003847,2026-07-30 17:56:53,11.88,6.89,2.617,75.6,Good,33.5,0.5
AD-003848,2026-07-30 18:20:44,16.75,6.73,3.706,87.5,Good,25.0,0.5
AD-003849,2026-07-30 19:08:16,13.75,6.83,3.78,84.3,Good,29.5,0.5
AD-003850,2026-07-31 05:31:15,7.62,6.99,2.248,70.5,Acceptable,58.5,0.5
AD-003851,2026-07-31 05:46:21,20.38,5.81,4.431,0.0,Spoiled,0.0,99.5
AD-003852,2026-07-31 05:55:22,4.69,6.85,2.407,100.0,Good,120.0,0.5
AD-003853,2026-07-31 06:21:02,3.75,6.98,2.591,100.0,Good,120.0,0.5
AD-003854,2026-07-31 06:21:14,11.69,6.83,3.331,84.7,Good,45.0,0.5
AD-003855,2026-07-31 06:48:52,10.12,6.82,3.498,99.7,Good,74.5,0.5
AD-003856,2026-07-31 06:52:13,26.5,6.72,5.755,69.2,Acceptable,7.0,32.3
AD-003857,2026-07-31 07:14:02,29.69,6.7,5.209,97.5,Good,10.5,4.3
AD-003858,2026-07-31 07:27:23,5.62,7.09,2.358,93.9,Good,120.0,0.5
AD-003859,2026-07-31 07:36:09,11.0,6.8,3.196,93.1,Good,51.5,0.5
AD-003860,2026-07-31 07:46:11,6.56,6.95,2.115,70.0,Acceptable,86.5,0.5
AD-003861,2026-07-31 07:54:03,6.75,7.01,2.725,85.6,Good,100.0,0.5
AD-003862,2026-07-31 08:24:23,32.5,5.13,6.598,0.0,Spoiled,0.0,99.5
AD-003863,2026-07-31 08:45:37,12.69,6.81,3.472,100.0,Good,55.0,0.5
AD-003864,2026-07-31 09:05:17,7.69,7.0,2.592,100.0,Good,119.0,0.5
AD-003865,2026-07-31 09:11:25,34.38,6.72,5.98,77.3,Good,6.0,52.7
AD-003866,2026-07-31 09:13:33,7.56,6.93,2.425,92.4,Good,104.0,0.5
AD-003867,2026-07-31 09:21:07,17.88,6.73,3.926,57.0,Acceptable,11.0,11.3
AD-003868,2026-07-31 16:00:05,34.12,6.61,5.478,87.3,Good,7.5,23.0
AD-003869,2026-07-31 17:16:46,25.62,5.73,5.249,0.5,Spoiled,0.0,99.5
AD-003870,2026-07-31 17:30:48,12.44,6.88,3.553,42.9,Poor,10.0,25.3
AD-003871,2026-07-31 18:43:55,26.25,6.67,4.535,97.1,Good,12.5,0.7
AD-003872,2026-07-31 18:58:54,18.38,5.23,4.804,0.0,Spoiled,0.0,99.5
AD-003873,2026-07-31 19:04:02,9.62,6.94,3.14,100.0,Good,72.5,0.5
AD-003874,2026-08-01 05:32:05,10.75,6.83,2.674,94.1,Good,60.0,0.5
AD-003875,2026-08-01 05:45:25,8.94,6.96,2.417,84.5,Good,63.0,0.5
AD-003876,2026-08-01 06:00:30,4.25,7.1,3.05,100.0,Good,120.0,0.5
AD-003877,2026-08-01 06:22:27,25.88,6.63,5.222,84.8,Good,11.5,4.3
AD-003878,2026-08-01 06:26:05,35.44,6.48,6.309,60.9,Acceptable,4.0,85.3
AD-003879,2026-08-01 06:57:23,25.12,6.9,4.837,61.1,Acceptable,7.5,29.3
AD-003880,2026-08-01 07:06:13,7.31,6.9,2.602,95.9,Good,102.0,0.5
AD-003881,2026-08-01 07:16:00,22.62,6.7,4.5,54.6,Acceptable,7.0,38.3
AD-003882,2026-08-01 07:46:04,30.0,6.71,5.14,57.5,Acceptable,4.0,84.7
AD-003883,2026-08-01 07:58:38,16.69,6.68,3.629,59.5,Acceptable,16.0,0.5
AD-003884,2026-08-01 09:10:37,19.12,6.63,4.002,69.7,Acceptable,13.5,3.7
AD-003885,2026-08-01 09:12:24,16.56,5.54,3.993,0.0,Spoiled,0.0,99.5
AD-003886,2026-08-01 09:14:13,28.31,6.6,4.83,63.8,Acceptable,5.5,53.3
AD-003887,2026-08-01 09:19:38,33.62,4.78,6.447,0.7,Spoiled,0.0,99.5
AD-003888,2026-08-01 09:23:51,19.19,6.69,3.862,44.8,Poor,6.5,49.7
AD-003889,2026-08-01 16:12:08,9.62,6.89,2.659,88.3,Good,66.0,0.5
AD-003890,2026-08-01 18:08:24,34.5,6.71,5.304,100.0,Good,8.0,20.0
AD-003891,2026-08-01 18:14:37,36.0,6.39,6.381,31.6,Poor,0.5,99.5
AD-003892,2026-08-01 18:15:44,13.0,6.92,3.23,74.1,Acceptable,31.0,0.5
AD-003893,2026-08-01 18:31:23,32.81,4.98,5.563,0.0,Spoiled,0.0,99.5
AD-003894,2026-08-02 00:34:52,32.94,5.12,6.102,0.1,Spoiled,0.0,99.5
AD-003895,2026-08-02 05:46:06,37.19,6.65,5.909,100.0,Good,7.5,18.3
AD-003896,2026-08-02 05:59:48,32.44,6.61,5.995,68.4,Acceptable,5.5,67.3
AD-003897,2026-08-02 06:15:07,22.81,6.69,4.208,73.2,Acceptable,11.0,4.3
AD-003898,2026-08-02 06:40:22,30.31,6.76,4.43,79.1,Good,8.0,21.7
AD-003899,2026-08-02 07:05:00,30.12,4.66,5.856,3.9,Spoiled,0.0,99.5
AD-003900,2026-08-02 07:50:44,19.19,6.66,3.53,33.3,Poor,3.0,80.7
AD-003901,2026-08-02 08:05:36,19.69,6.71,4.246,72.6,Acceptable,13.5,1.7
AD-003902,2026-08-02 08:13:40,10.06,6.87,3.215,68.9,Acceptable,38.5,0.5
AD-003903,2026-08-02 08:19:55,33.56,6.5,6.266,72.4,Acceptable,5.5,60.3
AD-003904,2026-08-02 08:54:29,19.94,6.43,4.544,22.9,Spoiled,0.0,98.7
AD-003905,2026-08-02 09:12:07,30.31,6.65,4.922,76.5,Good,7.0,32.0
AD-003906,2026-08-02 09:13:12,37.12,5.05,5.894,2.7,Spoiled,0.0,99.5
AD-003907,2026-08-02 09:49:41,24.5,5.9,5.883,1.5,Spoiled,0.0,99.5
AD-003908,2026-08-02 16:38:21,5.75,6.98,2.625,86.2,Good,120.0,0.5
AD-003909,2026-08-02 16:43:12,37.0,6.58,5.73,93.1,Good,7.0,32.0
AD-003910,2026-08-02 16:56:20,24.88,5.17,5.758,0.0,Spoiled,0.0,99.5
AD-003911,2026-08-02 17:34:35,35.62,6.55,5.026,85.0,Good,6.0,39.0
AD-003912,2026-08-02 17:41:43,15.0,6.34,3.987,20.4,Spoiled,0.0,97.3
AD-003913,2026-08-02 18:39:33,5.25,6.83,2.461,68.4,Acceptable,116.0,0.5
AD-003914,2026-08-03 05:37:37,25.0,6.41,5.936,15.0,Spoiled,0.0,99.5
AD-003915,2026-08-03 05:43:36,35.0,5.12,6.935,1.8,Spoiled,0.0,99.5
AD-003916,2026-08-03 05:59:23,10.06,6.85,3.035,69.0,Acceptable,39.5,0.5
AD-003917,2026-08-03 06:11:34,12.0,6.72,2.899,51.1,Acceptable,15.0,6.7
AD-003918,2026-08-03 06:28:34,29.69,6.74,4.936,70.9,Acceptable,6.5,45.7
AD-003919,2026-08-03 06:31:30,6.69,6.78,2.343,96.5,Good,120.0,0.5
AD-003920,2026-08-03 06:43:46,30.69,6.57,5.764,96.8,Good,10.0,7.3
AD-003921,2026-08-03 07:21:31,30.25,6.42,5.787,75.1,Good,6.5,39.3
AD-003922,2026-08-03 07:45:44,24.12,4.97,4.58,0.0,Spoiled,0.0,99.5
AD-003923,2026-08-03 08:07:05,12.44,6.53,3.579,27.0,Poor,1.0,80.7
AD-003924,2026-08-03 08:21:24,34.25,5.23,6.889,0.8,Spoiled,0.0,99.5
AD-003925,2026-08-03 08:54:25,14.5,6.72,3.945,96.8,Good,36.0,0.5
AD-003926,2026-08-03 09:11:43,6.19,6.92,2.751,48.3,Poor,50.0,1.3
AD-003927,2026-08-03 17:09:11,30.56,6.71,5.122,56.7,Acceptable,4.0,85.7
AD-003928,2026-08-03 17:18:15,12.75,6.77,3.578,75.1,Good,33.0,0.5
AD-003929,2026-08-03 18:10:36,6.5,6.83,2.546,89.0,Good,111.0,0.5
AD-003930,2026-08-03 18:34:25,12.75,6.9,3.25,80.0,Good,36.0,0.5
AD-003931,2026-08-03 18:45:47,16.5,6.83,3.951,68.3,Acceptable,18.5,0.5
AD-003932,2026-08-03 18:58:56,19.75,6.7,4.201,52.7,Acceptable,10.0,12.7
AD-003933,2026-08-04 05:42:00,19.38,6.81,5.279,66.5,Acceptable,11.5,5.3
AD-003934,2026-08-04 05:58:22,29.88,6.58,5.471,38.1,Poor,2.0,99.5
AD-003935,2026-08-04 06:10:26,32.88,6.6,6.031,78.3,Good,6.5,44.7
AD-003936,2026-08-04 06:17:35,11.81,6.89,3.533,99.1,Good,62.0,0.5
AD-003937,2026-08-04 06:18:19,4.62,6.79,2.401,83.0,Good,120.0,0.5
AD-003938,2026-08-04 06:46:43,28.19,6.76,5.119,61.6,Acceptable,6.0,54.3
AD-003939,2026-08-04 07:18:39,30.12,6.41,4.949,28.4,Poor,0.5,99.5
AD-003940,2026-08-04 07:19:39,8.12,5.77,2.869,3.0,Spoiled,0.0,99.5
AD-003941,2026-08-04 07:29:01,11.94,6.93,2.817,38.4,Poor,12.0,20.7
AD-003942,2026-08-04 07:31:39,36.25,6.51,6.329,98.9,Good,8.0,24.3
AD-003943,2026-08-04 07:53:29,32.0,5.37,5.888,0.0,Spoiled,0.0,99.5
AD-003944,2026-08-04 07:56:13,22.12,4.84,5.184,2.0,Spoiled,0.0,99.5
AD-003945,2026-08-04 07:59:29,11.94,6.94,4.054,48.7,Poor,17.0,5.7
AD-003946,2026-08-04 08:07:29,11.44,5.44,3.542,0.5,Spoiled,0.0,99.5
AD-003947,2026-08-04 08:57:10,24.62,6.11,4.763,22.7,Spoiled,0.0,99.5
AD-003948,2026-08-04 09:12:51,9.75,6.76,2.732,28.6,Poor,5.0,53.3
AD-003949,2026-08-04 09:28:51,30.0,6.86,6.348,71.9,Acceptable,6.5,44.3
AD-003950,2026-08-04 13:59:51,17.88,6.83,3.683,61.9,Acceptable,12.5,4.7
AD-003951,2026-08-04 16:15:20,11.69,6.88,3.153,82.3,Good,42.5,0.5
AD-003952,2026-08-04 17:42:56,27.25,5.28,7.188,0.0,Spoiled,0.0,99.5
AD-003953,2026-08-04 18:40:23,18.94,6.59,4.306,51.8,Acceptable,7.5,36.7
AD-003954,2026-08-04 18:51:02,36.56,6.59,5.788,93.2,Good,6.5,42.7
AD-003955,2026-08-04 19:12:41,27.81,6.63,5.971,63.8,Acceptable,6.5,51.3
AD-003956,2026-08-05 05:51:20,36.75,6.83,5.966,100.0,Good,7.5,21.3
AD-003957,2026-08-05 06:04:17,28.44,6.67,5.1,72.1,Acceptable,7.5,31.3
AD-003958,2026-08-05 06:08:04,7.56,6.84,2.442,89.1,Good,92.0,0.5
AD-003959,2026-08-05 06:49:44,5.94,6.92,2.29,87.1,Good,117.0,0.5
AD-003960,2026-08-05 06:52:14,35.38,6.53,5.96,98.3,Good,9.0,10.7
AD-003961,2026-08-05 06:53:40,11.25,6.84,3.364,84.6,Good,44.5,0.5
AD-003962,2026-08-05 06:59:24,15.19,6.74,3.446,77.0,Good,24.5,0.5
AD-003963,2026-08-05 07:00:20,23.44,6.78,3.852,65.0,Acceptable,8.5,18.3
AD-003964,2026-08-05 07:14:41,21.81,6.59,4.347,45.6,Poor,5.5,63.7
AD-003965,2026-08-05 07:22:42,14.69,6.73,3.723,63.3,Acceptable,17.0,0.7
AD-003966,2026-08-05 07:25:47,10.06,7.01,3.214,99.1,Good,88.0,0.5
AD-003967,2026-08-05 07:31:20,11.75,6.93,3.126,67.1,Acceptable,30.5,0.5
AD-003968,2026-08-05 07:43:42,28.75,6.59,5.632,91.2,Good,10.0,8.0
AD-003969,2026-08-05 08:00:53,35.69,6.61,5.956,61.9,Acceptable,4.0,86.3
AD-003970,2026-08-05 08:23:13,4.75,6.87,2.442,96.4,Good,120.0,0.5
AD-003971,2026-08-05 08:43:23,7.0,6.8,3.008,92.2,Good,102.5,0.5
AD-003972,2026-08-05 08:51:28,16.06,6.83,4.264,71.7,Acceptable,20.0,0.5
AD-003973,2026-08-05 09:23:49,12.62,6.77,3.349,90.9,Good,43.5,0.5
AD-003974,2026-08-05 16:13:04,36.0,6.56,6.468,44.3,Poor,2.0,99.5
AD-003975,2026-08-05 16:49:00,6.31,6.91,2.494,93.8,Good,120.0,0.5
AD-003976,2026-08-05 17:22:39,30.75,6.72,5.735,80.1,Good,7.5,26.3
AD-003977,2026-08-05 17:54:39,35.62,6.5,4.846,58.4,Acceptable,4.0,88.3
AD-003978,2026-08-06 03:40:52,29.88,6.69,4.865,83.3,Good,8.0,18.0
AD-003979,2026-08-06 05:41:27,36.62,6.66,5.177,77.9,Good,5.0,70.3
AD-003980,2026-08-06 06:22:40,33.06,6.67,5.794,79.0,Good,6.5,43.0
AD-003981,2026-08-06 06:56:02,29.56,5.44,6.271,0.5,Spoiled,0.0,99.5
AD-003982,2026-08-06 07:00:20,7.06,6.89,2.813,100.0,Good,120.0,0.5
AD-003983,2026-08-06 07:13:07,13.25,6.75,3.737,38.1,Poor,9.0,33.3
AD-003984,2026-08-06 07:54:18,20.38,6.77,4.343,73.6,Acceptable,14.5,0.7
AD-003985,2026-08-06 08:55:56,10.62,6.98,3.043,87.4,Good,57.0,0.5
AD-003986,2026-08-06 09:05:44,5.81,6.82,2.49,95.5,Good,120.0,0.5
AD-003987,2026-08-06 09:16:47,34.06,6.6,5.532,85.0,Good,7.0,30.3
AD-003988,2026-08-06 16:50:13,35.62,6.6,5.678,89.2,Good,6.5,39.0
AD-003989,2026-08-06 17:22:32,11.94,6.75,3.351,59.5,Acceptable,23.0,0.7
AD-003990,2026-08-06 19:02:26,28.62,6.57,5.081,88.2,Good,9.0,10.7
AD-003991,2026-08-06 19:28:23,14.38,6.63,3.351,77.3,Good,28.0,0.5
AD-003992,2026-08-07 01:44:55,10.12,6.96,3.752,82.7,Good,51.5,0.5
AD-003993,2026-08-07 06:33:03,18.56,6.67,4.586,80.9,Good,18.5,0.5
AD-003994,2026-08-07 06:55:13,33.56,6.62,5.501,98.3,Good,9.5,8.7
AD-003995,2026-08-07 07:09:10,7.5,6.94,3.375,80.4,Good,88.0,0.5
AD-003996,2026-08-07 07:24:28,29.0,6.54,4.856,39.5,Poor,2.0,97.7
AD-003997,2026-08-07 07:37:11,28.0,6.68,5.023,76.6,Good,8.5,19.0
AD-003998,2026-08-07 07:37:48,5.81,6.85,2.291,97.0,Good,120.0,0.5
AD-003999,2026-08-07 07:53:39,13.81,6.57,3.196,26.4,Poor,0.5,87.0
AD-004000,2026-08-07 08:20:06,34.06,6.71,5.708,88.5,Good,7.5,28.3
AD-004001,2026-08-07 08:21:25,14.69,6.88,3.878,87.4,Good,33.0,0.5
AD-004002,2026-08-07 08:26:52,12.69,6.81,3.154,58.7,Acceptable,20.5,1.0
AD-004003,2026-08-07 08:57:50,19.0,6.57,4.195,52.3,Acceptable,9.5,18.3
AD-004004,2026-08-07 09:16:03,14.5,6.79,3.674,74.3,Acceptable,24.5,0.5
AD-004005,2026-08-07 09:27:37,8.06,6.81,2.81,75.6,Good,67.0,0.5
AD-004006,2026-08-07 16:31:57,23.75,6.77,4.465,92.3,Good,15.5,0.5
AD-004007,2026-08-07 16:54:43,15.81,6.87,4.873,88.9,Good,27.5,0.5
AD-004008,2026-08-07 17:11:26,9.25,6.81,3.986,46.1,Poor,24.5,3.3
AD-004009,2026-08-07 18:11:51,13.31,6.73,3.665,85.6,Good,36.5,0.5
AD-004010,2026-08-08 05:39:29,9.62,6.68,2.922,94.8,Good,74.0,0.5
AD-004011,2026-08-08 05:55:34,8.31,6.99,2.526,93.3,Good,85.0,0.5
AD-004012,2026-08-08 06:09:01,25.06,6.61,5.073,78.6,Good,10.0,10.0
AD-004013,2026-08-08 06:14:48,36.06,6.55,5.248,68.7,Acceptable,5.0,75.0
AD-004014,2026-08-08 06:38:36,17.81,5.48,3.783,0.0,Spoiled,0.0,99.5
AD-004015,2026-08-08 07:25:19,8.38,6.86,2.807,80.0,Good,69.5,0.5
AD-004016,2026-08-08 07:28:29,5.5,6.86,2.569,93.4,Good,120.0,0.5
AD-004017,2026-08-08 07:37:22,20.75,6.57,4.193,44.1,Poor,4.5,71.0
AD-004018,2026-08-08 07:39:02,12.44,6.85,3.476,61.4,Acceptable,21.5,0.5
AD-004019,2026-08-08 08:02:44,22.69,5.9,4.953,0.9,Spoiled,0.0,99.5
AD-004020,2026-08-08 08:03:42,20.44,6.57,4.271,50.8,Acceptable,7.0,35.3
AD-004021,2026-08-08 08:12:24,30.88,5.91,7.218,0.4,Spoiled,0.0,99.5
AD-004022,2026-08-08 08:34:42,12.69,6.88,3.319,98.4,Good,40.5,0.5
AD-004023,2026-08-08 08:35:30,12.38,6.81,3.478,97.8,Good,60.0,0.5
AD-004024,2026-08-08 08:56:09,35.06,6.46,6.023,56.8,Acceptable,3.5,91.3
AD-004025,2026-08-08 09:10:48,32.88,6.54,5.637,56.0,Acceptable,4.0,90.3
AD-004026,2026-08-08 09:25:22,17.38,6.76,5.038,55.3,Acceptable,11.0,10.0
AD-004027,2026-08-08 18:09:36,16.31,6.79,3.873,97.2,Good,30.5,0.5
AD-004028,2026-08-08 18:14:28,33.88,6.63,5.86,65.0,Acceptable,4.0,85.0
AD-004029,2026-08-08 18:23:29,15.31,5.12,3.832,0.0,Spoiled,0.0,99.5
AD-004030,2026-08-08 18:32:52,5.06,6.86,2.372,79.5,Good,120.0,0.5
AD-004031,2026-08-09 01:42:01,22.75,6.75,4.564,62.6,Acceptable,9.0,16.0
AD-004032,2026-08-09 06:30:55,20.38,5.07,5.277,0.0,Spoiled,0.0,99.5
AD-004033,2026-08-09 06:44:19,35.88,4.78,6.57,0.0,Spoiled,0.0,99.5
AD-004034,2026-08-09 07:12:58,16.38,6.88,4.755,72.2,Acceptable,19.5,0.5
AD-004035,2026-08-09 08:06:39,9.19,6.75,2.851,83.9,Good,62.0,0.5
AD-004036,2026-08-09 08:45:50,17.38,5.3,3.868,2.2,Spoiled,0.0,99.5
AD-004037,2026-08-09 09:04:22,16.62,6.76,3.882,71.8,Acceptable,19.0,0.5
AD-004038,2026-08-09 09:27:25,31.38,6.67,5.126,92.9,Good,9.0,11.7
AD-004039,2026-08-09 16:28:14,5.44,7.0,3.235,85.2,Good,120.0,0.5
AD-004040,2026-08-09 17:29:54,18.38,6.83,5.114,33.5,Poor,3.5,72.7
AD-004041,2026-08-09 17:45:37,35.81,6.6,5.647,86.9,Good,7.0,29.3
AD-004042,2026-08-09 19:04:33,32.38,6.65,6.216,84.4,Good,7.5,28.7
AD-004043,2026-08-09 19:06:38,15.62,6.49,3.584,30.0,Poor,1.0,88.3
AD-004044,2026-08-09 19:10:57,27.0,6.69,4.798,100.0,Good,14.5,0.5
AD-004045,2026-08-09 22:53:46,20.06,6.66,4.801,78.4,Good,15.5,0.5
AD-004046,2026-08-10 05:34:31,33.94,6.65,5.734,77.5,Good,6.0,51.7
AD-004047,2026-08-10 05:42:01,38.94,6.64,6.502,67.3,Acceptable,4.0,89.7
AD-004048,2026-08-10 05:55:23,12.62,6.83,3.231,80.3,Good,36.5,0.5
AD-004049,2026-08-10 05:59:29,4.12,7.0,2.207,83.3,Good,120.0,0.5
AD-004050,2026-08-10 06:35:44,26.0,6.55,5.019,32.5,Poor,1.5,97.7
AD-004051,2026-08-10 06:53:13,31.38,6.65,5.293,78.3,Good,7.0,33.7
AD-004052,2026-08-10 07:10:02,29.19,5.05,5.654,0.0,Spoiled,0.0,99.5
AD-004053,2026-08-10 07:41:43,20.12,6.62,3.975,42.3,Poor,4.5,68.7
AD-004054,2026-08-10 07:47:51,24.06,5.57,5.15,0.0,Spoiled,0.0,99.5
AD-004055,2026-08-10 07:50:32,27.69,6.72,4.959,65.3,Acceptable,6.5,38.3
AD-004056,2026-08-10 07:56:29,14.94,6.77,3.601,47.6,Poor,9.5,20.3
AD-004057,2026-08-10 08:47:53,13.31,5.83,3.961,1.1,Spoiled,0.0,99.3
AD-004058,2026-08-10 09:22:45,7.5,6.89,2.811,99.9,Good,106.0,0.5
AD-004059,2026-08-10 09:28:05,37.94,6.6,5.423,90.4,Good,6.0,53.0
AD-004060,2026-08-10 12:34:15,5.56,7.01,2.432,94.4,Good,120.0,0.5
AD-004061,2026-08-10 16:58:01,16.5,6.81,3.67,77.8,Good,20.0,0.5
AD-004062,2026-08-10 17:24:59,10.12,6.85,2.942,68.6,Acceptable,40.5,0.5
AD-004063,2026-08-10 17:35:49,37.56,6.6,5.899,86.2,Good,7.5,25.0
AD-004064,2026-08-10 19:04:55,12.19,6.78,3.15,61.4,Acceptable,21.5,0.5
AD-004065,2026-08-10 19:10:51,36.25,6.54,5.359,84.0,Good,7.0,35.7
AD-004066,2026-08-10 19:12:16,13.81,6.23,3.771,17.2,Spoiled,0.0,96.0
AD-004067,2026-08-11 05:35:21,4.56,6.92,2.173,98.8,Good,120.0,0.5
AD-004068,2026-08-11 05:40:36,30.25,6.63,5.749,85.5,Good,8.0,17.7
AD-004069,2026-08-11 05:47:21,37.75,6.57,5.893,51.4,Acceptable,3.0,98.0
AD-004070,2026-08-11 06:03:28,15.94,5.98,4.431,0.6,Spoiled,0.0,99.5
AD-004071,2026-08-11 06:10:09,7.88,6.75,3.042,90.7,Good,101.0,0.5
AD-004072,2026-08-11 06:40:45,17.0,6.85,4.407,55.4,Acceptable,12.5,6.3
AD-004073,2026-08-11 07:46:44,12.25,6.94,3.607,100.0,Good,65.0,0.5
AD-004074,2026-08-11 07:49:13,7.31,6.75,2.801,100.0,Good,120.0,0.5
AD-004075,2026-08-11 08:03:07,31.06,6.41,7.314,36.2,Poor,1.5,99.5
AD-004076,2026-08-11 08:22:08,14.56,6.58,4.866,28.0,Poor,1.0,88.0
AD-004077,2026-08-11 09:14:06,14.62,6.74,4.331,40.8,Poor,8.0,32.7
AD-004078,2026-08-11 16:00:56,27.81,6.78,5.004,98.8,Good,12.0,1.3
AD-004079,2026-08-11 16:55:14,15.81,6.74,4.591,78.5,Good,22.0,0.5
AD-004080,2026-08-11 17:13:52,9.88,6.71,2.657,75.8,Good,46.0,0.5
AD-004081,2026-08-11 17:20:05,33.88,5.1,5.857,0.6,Spoiled,0.0,99.5
AD-004082,2026-08-11 18:49:46,24.31,6.44,5.171,31.1,Poor,2.0,98.0
AD-004083,2026-08-11 19:09:39,23.75,6.66,4.427,64.4,Acceptable,8.5,19.0
AD-004084,2026-08-12 00:39:03,31.75,6.65,4.892,86.2,Good,7.5,31.3
AD-004085,2026-08-12 02:56:53,14.06,6.64,3.32,77.5,Good,26.5,0.5
AD-004086,2026-08-12 05:36:32,13.25,6.8,3.558,93.8,Good,40.0,0.5
AD-004087,2026-08-12 05:57:00,3.75,6.81,1.828,94.8,Good,120.0,0.5
AD-004088,2026-08-12 06:00:36,34.25,6.63,5.808,79.5,Good,6.0,51.3
AD-004089,2026-08-12 06:06:25,22.88,6.74,4.713,74.1,Acceptable,11.5,3.0
AD-004090,2026-08-12 06:20:38,6.19,6.75,2.293,68.3,Acceptable,85.0,0.5
AD-004091,2026-08-12 06:25:11,13.94,6.79,3.155,94.2,Good,38.0,0.5
AD-004092,2026-08-12 06:56:44,6.69,6.87,2.712,85.1,Good,103.5,0.5
AD-004093,2026-08-12 06:58:57,15.81,6.05,4.138,0.0,Spoiled,0.0,99.5
AD-004094,2026-08-12 07:11:37,27.38,6.37,3.98,28.8,Poor,1.0,99.0
AD-004095,2026-08-12 07:23:59,17.94,6.86,4.345,62.7,Acceptable,13.5,3.0
AD-004096,2026-08-12 07:33:43,10.38,6.94,3.083,64.2,Acceptable,31.5,0.5
AD-004097,2026-08-12 07:53:28,35.12,6.61,6.059,100.0,Good,8.0,21.3
AD-004098,2026-08-12 07:57:44,40.12,4.88,7.225,0.1,Spoiled,0.0,99.5
AD-004099,2026-08-12 08:22:47,30.81,6.02,5.49,0.1,Spoiled,0.0,99.5
AD-004100,2026-08-12 08:28:46,7.25,6.95,2.597,94.8,Good,116.5,0.5
AD-004101,2026-08-12 08:58:28,12.62,6.89,3.377,70.6,Acceptable,28.0,0.5
AD-004102,2026-08-12 16:26:01,4.12,6.79,1.956,82.6,Good,120.0,0.5
AD-004103,2026-08-12 17:17:49,36.44,6.61,5.89,78.3,Good,5.0,67.0
AD-004104,2026-08-12 17:27:11,13.12,6.01,4.464,0.0,Spoiled,0.0,99.5
AD-004105,2026-08-12 18:23:02,8.75,6.82,2.838,79.0,Good,68.5,0.5
AD-004106,2026-08-12 18:38:20,5.88,6.75,2.864,96.4,Good,120.0,0.5
AD-004107,2026-08-12 19:13:33,35.44,6.71,6.174,100.0,Good,8.0,20.7
AD-004108,2026-08-12 19:19:54,12.06,6.84,3.24,93.6,Good,48.0,0.5
AD-004109,2026-08-13 06:24:13,16.19,6.79,3.703,99.4,Good,30.0,0.5
AD-004110,2026-08-13 06:27:49,11.56,6.56,3.571,21.8,Spoiled,0.0,93.7
AD-004111,2026-08-13 07:22:57,12.69,6.58,3.47,40.4,Poor,8.0,35.7
AD-004112,2026-08-13 07:38:39,34.62,6.57,5.886,91.1,Good,7.0,30.7
AD-004113,2026-08-13 07:55:21,10.44,6.81,3.681,51.7,Acceptable,22.0,2.7
AD-004114,2026-08-13 08:30:06,28.5,6.7,5.62,60.9,Acceptable,5.5,55.3
AD-004115,2026-08-13 08:42:52,18.19,6.69,4.209,80.0,Good,20.0,0.5
AD-004116,2026-08-13 08:53:08,21.44,5.17,5.512,0.0,Spoiled,0.0,99.5
AD-004117,2026-08-13 09:14:48,30.56,6.58,5.483,69.4,Acceptable,6.0,55.0
AD-004118,2026-08-13 09:21:11,10.25,6.84,2.91,61.3,Acceptable,33.0,0.5
AD-004119,2026-08-13 17:41:19,4.38,6.98,2.094,100.0,Good,120.0,0.5
AD-004120,2026-08-13 17:49:28,30.56,6.57,5.063,43.0,Poor,2.5,98.3
AD-004121,2026-08-13 19:25:28,31.44,6.59,5.429,61.0,Acceptable,3.5,91.7
AD-004122,2026-08-13 19:28:22,17.38,6.68,4.443,60.6,Acceptable,13.5,3.7
AD-004123,2026-08-14 05:49:24,14.19,6.61,3.573,80.0,Good,28.0,0.5
AD-004124,2026-08-14 06:01:19,15.44,6.79,3.491,73.0,Acceptable,22.0,0.5
AD-004125,2026-08-14 06:35:54,27.81,4.9,5.872,0.7,Spoiled,0.0,99.5
AD-004126,2026-08-14 07:37:45,18.06,6.61,4.152,28.7,Poor,2.5,84.0
AD-004127,2026-08-14 08:05:51,37.19,6.61,6.062,86.6,Good,5.5,51.0
AD-004128,2026-08-14 08:45:25,16.5,5.84,4.144,0.0,Spoiled,0.0,99.5
AD-004129,2026-08-14 08:49:05,15.5,6.17,3.799,3.8,Spoiled,0.0,99.5
AD-004130,2026-08-14 09:05:57,33.94,6.65,5.905,93.9,Good,7.5,23.3
AD-004131,2026-08-14 16:10:57,24.38,6.73,4.291,62.5,Acceptable,7.5,32.0
AD-004132,2026-08-14 16:24:35,16.19,5.49,3.848,0.0,Spoiled,0.0,99.5
AD-004133,2026-08-14 16:51:20,33.5,6.71,7.253,97.9,Good,8.0,20.0
AD-004134,2026-08-14 17:13:29,32.25,6.26,5.885,26.3,Poor,0.0,99.5
AD-004135,2026-08-14 17:15:18,13.88,6.67,3.392,67.7,Acceptable,22.5,0.5
AD-004136,2026-08-14 17:38:50,33.44,6.57,6.18,77.2,Good,6.0,53.0
AD-004137,2026-08-14 17:42:06,19.25,6.57,4.131,56.3,Acceptable,10.0,14.7
AD-004138,2026-08-14 17:49:43,38.62,6.51,5.985,66.5,Acceptable,4.0,89.3
AD-004139,2026-08-14 19:25:30,8.62,6.85,2.613,98.6,Good,84.5,0.5
AD-004140,2026-08-15 06:00:37,18.62,6.79,4.203,79.9,Good,15.5,0.7
AD-004141,2026-08-15 06:28:13,34.5,6.48,5.652,42.7,Poor,1.5,99.5
AD-004142,2026-08-15 07:02:12,29.81,6.69,5.416,58.2,Acceptable,4.5,76.3
AD-004143,2026-08-15 07:12:12,12.75,6.79,3.341,59.8,Acceptable,20.0,1.0
AD-004144,2026-08-15 07:32:44,6.31,6.84,2.596,93.9,Good,120.0,0.5
AD-004145,2026-08-15 08:36:15,35.81,5.09,5.952,0.5,Spoiled,0.0,99.5
AD-004146,2026-08-15 08:59:05,35.5,6.58,5.404,83.9,Good,6.5,37.7
AD-004147,2026-08-15 09:09:19,6.19,6.74,2.387,53.3,Acceptable,53.5,1.0
AD-004148,2026-08-15 09:27:06,34.31,6.57,5.159,81.8,Good,6.0,46.7
AD-004149,2026-08-15 16:16:29,8.94,6.84,2.694,94.9,Good,75.0,0.5
AD-004150,2026-08-15 17:19:54,36.5,6.56,5.728,100.0,Good,7.5,23.7
AD-004151,2026-08-15 19:02:39,28.06,6.64,5.366,68.3,Acceptable,6.5,40.0
AD-004152,2026-08-16 05:07:54,21.0,6.59,4.554,54.5,Acceptable,7.5,38.0
AD-004153,2026-08-16 05:44:05,9.19,6.77,3.057,98.0,Good,82.5,0.5
AD-004154,2026-08-16 05:51:54,36.06,6.67,5.686,80.7,Good,5.5,66.3
AD-004155,2026-08-16 06:36:16,27.25,6.64,6.066,81.2,Good,9.5,7.0
AD-004156,2026-08-16 06:57:26,14.88,6.83,3.8,79.6,Good,27.5,0.5
AD-004157,2026-08-16 07:36:15,13.38,6.81,3.297,70.2,Acceptable,24.5,0.5
AD-004158,2026-08-16 07:56:03,9.81,6.74,3.12,44.9,Poor,19.0,5.0
AD-004159,2026-08-16 08:08:18,29.0,6.73,4.592,57.8,Acceptable,4.5,71.7
AD-004160,2026-08-16 08:47:11,4.0,6.83,2.305,95.9,Good,120.0,0.5
AD-004161,2026-08-16 09:06:58,13.25,6.86,3.693,87.1,Good,37.0,0.5
AD-004162,2026-08-16 09:08:37,14.62,6.62,3.809,79.3,Good,27.5,0.5
AD-004163,2026-08-16 09:22:27,30.25,6.61,5.457,38.9,Poor,2.0,99.0
AD-004164,2026-08-16 16:00:41,31.06,6.51,5.061,42.7,Poor,2.5,96.7
AD-004165,2026-08-16 16:01:13,28.06,6.64,5.461,77.5,Good,8.5,19.3
AD-004166,2026-08-16 17:16:42,21.38,6.74,4.302,57.0,Acceptable,7.5,32.3
AD-004167,2026-08-16 17:50:13,4.19,7.01,2.249,100.0,Good,120.0,0.5
AD-004168,2026-08-17 01:54:01,12.06,6.82,2.905,82.6,Good,40.0,0.5
AD-004169,2026-08-17 06:30:31,17.0,6.71,4.161,87.3,Good,24.5,0.5
AD-004170,2026-08-17 06:39:02,6.31,6.83,2.649,98.8,Good,120.0,0.5
AD-004171,2026-08-17 06:54:25,23.56,6.53,4.358,50.1,Acceptable,4.5,72.3
AD-004172,2026-08-17 07:49:27,28.12,6.72,5.295,44.1,Poor,3.0,91.3
AD-004173,2026-08-17 08:17:06,34.0,6.6,5.339,86.8,Good,6.5,38.7
AD-004174,2026-08-17 08:21:23,15.12,6.75,3.764,64.5,Acceptable,19.0,1.0
AD-004175,2026-08-17 08:31:26,11.25,6.79,3.511,91.4,Good,51.0,0.5
AD-004176,2026-08-17 08:34:21,14.0,6.45,3.565,18.5,Spoiled,0.0,96.7
AD-004177,2026-08-17 09:11:15,13.88,6.9,4.186,88.7,Good,35.0,0.5
AD-004178,2026-08-17 12:56:03,20.06,6.73,4.899,64.0,Acceptable,11.5,6.0
AD-004179,2026-08-17 17:16:28,28.56,5.25,5.884,1.5,Spoiled,0.0,99.5
AD-004180,2026-08-17 17:19:23,13.5,6.71,3.419,37.2,Poor,7.0,46.3
AD-004181,2026-08-17 18:49:39,17.56,6.09,4.239,2.9,Spoiled,0.0,99.5
AD-004182,2026-08-18 05:58:16,18.0,6.58,4.022,34.4,Poor,3.5,80.0
AD-004183,2026-08-18 06:08:19,4.62,6.93,2.442,94.7,Good,120.0,0.5
AD-004184,2026-08-18 06:34:47,13.12,6.86,2.873,94.8,Good,44.5,0.5
AD-004185,2026-08-18 06:35:48,10.81,6.78,2.94,51.0,Acceptable,22.0,4.0
AD-004186,2026-08-18 07:11:09,5.62,7.0,2.606,79.8,Good,108.0,0.5
AD-004187,2026-08-18 07:29:42,9.44,6.54,3.022,30.7,Poor,3.0,63.3
AD-004188,2026-08-18 07:59:22,40.12,4.78,7.421,0.0,Spoiled,0.0,99.5
AD-004189,2026-08-18 08:30:33,27.38,4.78,5.381,2.2,Spoiled,0.0,99.5
AD-004190,2026-08-18 08:47:22,35.38,6.46,5.896,30.8,Poor,1.0,99.5
AD-004191,2026-08-18 09:04:08,10.88,6.76,3.456,42.1,Poor,12.5,23.3
AD-004192,2026-08-18 09:14:18,32.94,6.66,5.865,62.2,Acceptable,4.5,74.7
AD-004193,2026-08-18 14:14:48,27.44,6.71,5.17,86.3,Good,9.5,8.3
AD-004194,2026-08-18 16:30:54,7.81,6.9,2.437,87.1,Good,80.5,0.5
AD-004195,2026-08-18 17:22:39,5.31,6.69,2.292,99.4,Good,120.0,0.5
AD-004196,2026-08-18 17:28:10,15.88,5.7,3.747,0.0,Spoiled,0.0,99.5
AD-004197,2026-08-18 17:33:17,25.81,6.45,4.894,29.7,Poor,1.0,99.5
AD-004198,2026-08-18 18:26:57,15.19,6.7,3.839,73.8,Acceptable,24.0,0.5
AD-004199,2026-08-19 04:56:00,11.62,6.87,3.073,45.3,Poor,18.5,5.7
AD-004200,2026-08-19 05:33:37,13.38,6.71,3.001,40.3,Poor,8.0,30.7
AD-004201,2026-08-19 06:02:33,21.12,6.72,4.867,46.7,Poor,5.5,61.3
AD-004202,2026-08-19 06:09:12,13.81,6.49,3.84,15.8,Spoiled,0.0,99.3
AD-004203,2026-08-19 06:15:38,6.69,6.98,2.685,73.8,Acceptable,81.0,0.5
AD-004204,2026-08-19 06:19:09,29.75,5.92,5.395,0.0,Spoiled,0.0,99.5
AD-004205,2026-08-19 06:21:10,16.19,6.74,3.821,83.1,Good,25.0,0.5
AD-004206,2026-08-19 06:30:02,8.0,6.81,3.104,81.1,Good,69.5,0.5
AD-004207,2026-08-19 07:17:00,13.31,6.81,3.622,49.4,Poor,13.0,9.7
AD-004208,2026-08-19 07:31:26,31.31,6.71,6.185,94.3,Good,9.5,8.0
AD-004209,2026-08-19 07:54:35,31.25,6.67,7.12,98.5,Good,11.0,4.0
AD-004210,2026-08-19 07:56:20,23.62,6.65,4.808,66.9,Acceptable,9.5,16.0
AD-004211,2026-08-19 08:14:14,5.75,6.86,2.5,83.1,Good,120.0,0.5
AD-004212,2026-08-19 08:43:31,22.69,4.94,5.537,2.9,Spoiled,0.0,99.5
AD-004213,2026-08-19 08:54:36,32.69,6.68,5.606,83.9,Good,7.5,30.3
AD-004214,2026-08-19 08:59:35,14.94,6.42,3.791,9.1,Spoiled,0.0,99.3
AD-004215,2026-08-19 09:04:54,14.31,6.78,3.808,84.7,Good,31.0,0.5
AD-004216,2026-08-19 09:10:34,27.31,5.05,5.405,0.0,Spoiled,0.0,99.5
AD-004217,2026-08-19 09:18:52,31.94,6.57,5.66,95.2,Good,8.5,14.3
AD-004218,2026-08-19 16:25:14,32.62,6.53,5.509,95.0,Good,8.0,17.0
AD-004219,2026-08-19 16:44:13,11.31,6.88,2.716,59.0,Acceptable,26.0,0.5
AD-004220,2026-08-19 17:04:04,19.94,6.72,4.114,57.3,Acceptable,10.5,10.7
AD-004221,2026-08-19 17:06:57,9.0,6.82,2.908,96.4,Good,78.0,0.5
AD-004222,2026-08-19 18:10:35,29.44,6.7,5.658,96.3,Good,10.5,5.0
AD-004223,2026-08-19 18:44:50,11.5,6.67,3.132,73.2,Acceptable,35.0,0.5
AD-004224,2026-08-20 05:34:27,26.25,6.54,5.019,32.5,Poor,1.0,99.3
AD-004225,2026-08-20 05:35:58,29.69,5.08,6.28,0.0,Spoiled,0.0,99.5
AD-004226,2026-08-20 05:57:48,11.25,6.82,3.012,81.0,Good,42.0,0.5
AD-004227,2026-08-20 06:05:09,17.5,6.86,3.771,84.6,Good,22.0,0.5
AD-004228,2026-08-20 06:20:08,17.81,6.67,4.336,37.9,Poor,5.0,61.7
AD-004229,2026-08-20 06:21:31,30.62,6.0,6.244,4.5,Spoiled,0.0,99.5
AD-004230,2026-08-20 06:39:44,36.06,6.49,5.544,87.9,Good,6.0,48.0
AD-004231,2026-08-20 06:51:34,14.06,6.68,3.486,83.8,Good,32.0,0.5
AD-004232,2026-08-20 07:17:50,28.12,5.15,6.126,2.4,Spoiled,0.0,99.5
AD-004233,2026-08-20 07:23:16,21.25,6.75,4.359,55.6,Acceptable,7.5,33.3
AD-004234,2026-08-20 07:50:14,36.06,6.66,5.446,94.6,Good,6.5,36.0
AD-004235,2026-08-20 07:55:10,17.12,6.67,3.781,40.6,Poor,6.0,52.0
AD-004236,2026-08-20 07:55:32,8.56,6.88,2.605,99.9,Good,91.0,0.5
AD-004237,2026-08-20 08:11:49,7.69,6.99,2.838,90.2,Good,83.5,0.5
AD-004238,2026-08-20 08:24:18,36.12,6.62,5.847,75.4,Good,5.0,68.0
AD-004239,2026-08-20 08:46:23,29.12,6.56,5.082,54.3,Acceptable,4.5,82.0
AD-004240,2026-08-20 08:55:50,8.0,6.9,3.238,85.7,Good,85.5,0.5
AD-004241,2026-08-20 09:05:01,23.81,6.76,5.522,79.2,Good,12.0,1.3
AD-004242,2026-08-20 09:14:45,10.5,6.61,3.313,35.9,Poor,8.0,39.7
AD-004243,2026-08-20 16:16:56,26.12,6.82,5.398,86.3,Good,10.5,6.0
AD-004244,2026-08-20 16:57:18,7.81,6.84,2.963,71.2,Acceptable,63.0,0.5
AD-004245,2026-08-20 17:16:47,37.31,6.45,6.334,90.7,Good,6.5,48.3
AD-004246,2026-08-20 18:00:16,26.62,6.68,5.418,55.7,Acceptable,5.0,59.7
AD-004247,2026-08-20 19:02:55,35.5,6.7,5.592,75.7,Good,5.5,68.3
AD-004248,2026-08-21 05:42:41,34.56,6.54,5.382,84.4,Good,6.0,48.7
AD-004249,2026-08-21 05:57:49,9.94,6.78,2.647,80.4,Good,52.5,0.5
AD-004250,2026-08-21 06:01:10,33.19,6.5,4.863,82.1,Good,6.0,48.0
AD-004251,2026-08-21 06:16:01,13.44,6.73,3.711,93.9,Good,45.5,0.5
AD-004252,2026-08-21 06:19:36,30.31,6.78,6.599,77.2,Good,7.5,29.3
AD-004253,2026-08-21 06:19:56,7.62,7.01,2.952,100.0,Good,109.0,0.5
AD-004254,2026-08-21 06:28:22,13.62,5.85,3.632,1.5,Spoiled,0.0,99.5
AD-004255,2026-08-21 06:29:22,27.56,6.62,4.903,95.1,Good,11.5,3.3
AD-004256,2026-08-21 06:39:47,17.0,6.91,3.775,50.5,Acceptable,10.0,14.3
AD-004257,2026-08-21 07:52:18,6.56,6.85,2.66,96.7,Good,120.0,0.5
AD-004258,2026-08-21 07:53:32,35.19,6.51,5.772,92.9,Good,7.0,38.7
AD-004259,2026-08-21 08:50:10,13.94,6.91,3.58,80.5,Good,31.0,0.5
AD-004260,2026-08-21 13:53:01,29.25,5.11,7.612,0.4,Spoiled,0.0,99.5
AD-004261,2026-08-21 16:03:40,29.81,5.56,6.348,1.1,Spoiled,0.0,99.5
AD-004262,2026-08-21 17:34:33,5.81,6.84,2.354,69.4,Acceptable,86.0,0.5
AD-004263,2026-08-21 18:31:30,8.81,6.83,3.044,100.0,Good,89.5,0.5
AD-004264,2026-08-21 18:41:54,32.62,6.57,5.596,86.7,Good,7.5,25.0
AD-004265,2026-08-21 19:09:50,33.12,4.8,5.758,0.0,Spoiled,0.0,99.5
AD-004266,2026-08-22 05:40:59,9.62,6.81,2.812,76.1,Good,48.5,0.5
AD-004267,2026-08-22 05:41:24,35.12,6.73,5.391,67.4,Acceptable,4.0,85.7
AD-004268,2026-08-22 05:47:42,20.0,6.78,3.996,54.2,Acceptable,8.0,30.3
AD-004269,2026-08-22 06:37:06,35.38,6.54,5.295,91.5,Good,7.0,36.3
AD-004270,2026-08-22 06:55:22,5.94,6.9,2.299,68.8,Acceptable,85.5,0.5
AD-004271,2026-08-22 07:13:31,35.12,4.9,6.343,0.0,Spoiled,0.0,99.5
AD-004272,2026-08-22 08:00:34,28.12,5.88,5.205,0.0,Spoiled,0.0,99.5
AD-004273,2026-08-22 08:14:56,6.25,6.97,2.321,100.0,Good,120.0,0.5
AD-004274,2026-08-22 08:20:42,17.81,6.73,3.573,50.9,Acceptable,8.5,30.0
AD-004275,2026-08-22 08:44:50,8.75,7.01,3.115,60.8,Acceptable,39.0,0.5
AD-004276,2026-08-22 09:17:48,12.44,6.76,2.762,35.5,Poor,7.0,44.0
AD-004277,2026-08-22 09:22:57,12.06,6.88,2.774,81.5,Good,41.0,0.5
AD-004278,2026-08-22 16:34:53,30.25,6.07,4.814,20.8,Spoiled,0.0,99.5
AD-004279,2026-08-22 16:57:31,17.12,6.88,5.176,82.7,Good,20.0,0.5
AD-004280,2026-08-22 18:44:17,26.31,6.49,4.446,45.0,Poor,4.0,84.7
AD-004281,2026-08-22 18:58:52,7.56,6.95,2.454,98.9,Good,115.0,0.5
AD-004282,2026-08-22 20:09:29,18.31,6.74,4.195,97.1,Good,24.0,0.5
AD-004283,2026-08-23 05:42:48,13.31,6.78,3.279,68.2,Acceptable,27.5,0.5
AD-004284,2026-08-23 06:00:47,13.44,6.87,4.256,96.6,Good,47.5,0.5
AD-004285,2026-08-23 06:18:37,16.69,6.79,3.877,91.0,Good,25.5,0.5
AD-004286,2026-08-23 06:32:28,29.62,6.64,5.438,88.4,Good,9.0,10.0
AD-004287,2026-08-23 06:42:45,23.38,6.44,4.606,44.9,Poor,4.0,78.7
AD-004288,2026-08-23 06:45:58,17.62,6.67,3.673,83.2,Good,22.5,0.5
AD-004289,2026-08-23 06:57:51,13.94,6.08,3.492,0.0,Spoiled,0.0,99.5
AD-004290,2026-08-23 07:08:34,7.81,7.01,2.697,94.7,Good,96.5,0.5
AD-004291,2026-08-23 07:28:35,14.88,6.71,3.598,66.2,Acceptable,19.0,0.5
AD-004292,2026-08-23 07:38:48,18.25,6.63,4.34,95.0,Good,23.5,0.5
AD-004293,2026-08-23 07:59:39,8.12,6.29,2.709,4.1,Spoiled,0.0,99.0
AD-004294,2026-08-23 08:00:55,6.62,6.7,2.569,65.7,Acceptable,65.5,0.5
AD-004295,2026-08-23 08:27:45,5.81,6.85,2.235,93.9,Good,120.0,0.5
AD-004296,2026-08-23 08:51:50,11.88,6.73,3.449,71.8,Acceptable,31.0,0.5
AD-004297,2026-08-23 09:05:17,30.88,6.63,4.761,75.6,Good,6.5,44.0
AD-004298,2026-08-23 09:29:13,37.0,6.5,5.16,92.2,Good,7.0,25.0
AD-004299,2026-08-23 16:48:49,7.44,6.8,2.604,89.2,Good,95.5,0.5
AD-004300,2026-08-23 17:53:33,28.12,4.9,5.473,1.1,Spoiled,0.0,99.5
AD-004301,2026-08-24 05:58:43,35.38,6.65,6.124,98.3,Good,10.0,3.3
AD-004302,2026-08-24 06:42:48,34.69,6.61,5.698,86.5,Good,6.5,47.0
AD-004303,2026-08-24 07:20:16,15.12,6.57,3.875,36.6,Poor,5.5,63.7
AD-004304,2026-08-24 07:27:18,14.56,6.07,3.922,0.3,Spoiled,0.0,99.5
AD-004305,2026-08-24 07:34:34,14.94,6.8,3.732,71.3,Acceptable,21.5,0.5
AD-004306,2026-08-24 07:46:36,16.25,6.73,4.029,79.8,Good,23.0,0.5
AD-004307,2026-08-24 07:58:23,10.69,6.88,3.701,87.9,Good,53.0,0.5
AD-004308,2026-08-24 08:11:50,14.75,6.77,3.588,73.8,Acceptable,23.5,0.5
AD-004309,2026-08-24 08:31:05,13.94,6.05,3.607,0.0,Spoiled,0.0,99.5
AD-004310,2026-08-24 08:31:33,32.56,6.4,5.019,98.8,Good,10.5,5.0
AD-004311,2026-08-24 09:27:06,8.81,6.9,3.029,86.4,Good,72.5,0.5
AD-004312,2026-08-24 17:08:48,9.12,6.84,2.785,97.9,Good,75.5,0.5
AD-004313,2026-08-24 17:42:11,16.94,6.01,4.142,2.2,Spoiled,0.0,99.5
AD-004314,2026-08-24 18:01:30,20.38,6.76,4.608,75.7,Good,13.5,1.3
AD-004315,2026-08-24 18:28:19,35.88,6.5,5.729,65.5,Acceptable,4.5,80.3
AD-004316,2026-08-24 19:13:00,5.19,6.9,2.405,79.0,Good,114.5,0.5
AD-004317,2026-08-24 19:16:24,25.69,6.5,4.802,26.6,Poor,0.5,99.3
AD-004318,2026-08-24 19:20:32,8.25,6.96,2.696,85.2,Good,70.5,0.5
AD-004319,2026-08-25 06:03:34,9.94,6.75,2.953,33.2,Poor,10.5,31.0
AD-004320,2026-08-25 06:09:23,36.31,6.66,5.426,91.5,Good,6.5,35.3
AD-004321,2026-08-25 06:18:01,9.38,6.86,2.997,97.0,Good,73.0,0.5
AD-004322,2026-08-25 06:48:04,10.12,6.87,4.0,85.5,Good,60.0,0.5
AD-004323,2026-08-25 07:10:43,7.12,6.93,2.623,92.9,Good,99.0,0.5
AD-004324,2026-08-25 07:35:41,34.31,6.66,4.828,90.1,Good,7.5,25.7
AD-004325,2026-08-25 07:49:28,5.62,6.92,2.569,57.9,Acceptable,66.0,0.5
AD-004326,2026-08-25 08:24:58,21.06,4.98,5.233,0.0,Spoiled,0.0,99.5
AD-004327,2026-08-25 08:32:49,7.0,6.87,2.328,89.9,Good,116.5,0.5
AD-004328,2026-08-25 09:24:59,24.25,5.5,5.377,0.0,Spoiled,0.0,99.5
AD-004329,2026-08-25 15:01:52,15.56,6.82,3.926,61.8,Acceptable,15.0,1.0
AD-004330,2026-08-25 16:18:01,18.25,6.82,4.237,49.9,Poor,8.5,28.7
AD-004331,2026-08-25 16:29:12,3.38,6.82,1.928,98.8,Good,120.0,0.5
AD-004332,2026-08-25 17:00:53,33.19,6.76,4.776,85.1,Good,7.0,32.0
AD-004333,2026-08-25 18:18:17,7.25,6.69,2.797,100.0,Good,115.0,0.5
AD-004334,2026-08-25 18:34:24,35.88,6.55,5.241,87.9,Good,6.5,42.3
AD-004335,2026-08-25 18:52:52,5.38,6.92,2.095,88.4,Good,120.0,0.5
AD-004336,2026-08-26 05:37:10,5.69,6.81,2.654,97.5,Good,120.0,0.5
AD-004337,2026-08-26 06:21:40,18.31,6.77,3.98,57.3,Acceptable,10.0,14.3
AD-004338,2026-08-26 06:33:45,24.81,6.71,4.177,81.4,Good,12.0,1.3
AD-004339,2026-08-26 07:14:56,16.06,6.66,3.814,83.1,Good,23.0,0.5
AD-004340,2026-08-26 07:16:23,6.56,6.88,2.712,59.0,Acceptable,59.0,0.5
AD-004341,2026-08-26 08:00:15,10.31,6.85,2.769,78.4,Good,47.0,0.5
AD-004342,2026-08-26 08:24:04,27.38,6.63,5.522,65.5,Acceptable,7.0,32.3
AD-004343,2026-08-26 08:42:17,26.12,6.7,4.909,53.3,Acceptable,5.5,56.3
AD-004344,2026-08-26 08:44:42,17.38,6.66,4.112,59.8,Acceptable,12.5,7.0
AD-004345,2026-08-26 08:56:20,5.69,6.93,2.049,83.5,Good,120.0,0.5
AD-004346,2026-08-26 09:15:56,27.88,5.76,5.489,2.9,Spoiled,0.0,99.5
AD-004347,2026-08-26 16:09:31,35.25,6.45,6.001,99.7,Good,8.5,16.3
AD-004348,2026-08-26 16:10:05,9.62,6.92,3.66,91.8,Good,68.0,0.5
AD-004349,2026-08-26 16:18:50,36.69,6.54,6.228,80.6,Good,5.5,63.0
AD-004350,2026-08-26 16:56:38,19.31,6.73,4.472,55.6,Acceptable,9.5,15.7
AD-004351,2026-08-26 17:10:27,15.94,5.8,4.077,0.0,Spoiled,0.0,99.5
AD-004352,2026-08-26 17:21:13,19.0,6.69,4.486,85.4,Good,19.5,0.5
AD-004353,2026-08-26 17:36:46,15.62,6.47,3.435,32.2,Poor,1.5,84.3
AD-004354,2026-08-26 17:58:08,33.12,6.6,5.376,75.8,Good,6.0,47.0
AD-004355,2026-08-27 05:44:38,9.62,7.02,3.039,87.7,Good,62.5,0.5
AD-004356,2026-08-27 05:48:04,16.25,6.48,4.155,10.9,Spoiled,0.0,99.5
AD-004357,2026-08-27 05:50:30,7.81,6.88,2.604,53.6,Acceptable,41.0,0.5
AD-004358,2026-08-27 06:18:05,17.31,6.25,3.829,0.5,Spoiled,0.0,99.5
AD-004359,2026-08-27 07:16:58,30.44,6.67,5.452,77.5,Good,7.5,23.7
AD-004360,2026-08-27 07:19:12,18.75,6.73,4.122,55.7,Acceptable,10.0,15.0
AD-004361,2026-08-27 07:22:33,11.38,6.78,3.033,71.6,Acceptable,34.5,0.5
AD-004362,2026-08-27 08:21:43,27.69,4.84,4.895,0.0,Spoiled,0.0,99.5
AD-004363,2026-08-27 08:27:59,25.62,6.45,4.899,50.1,Acceptable,4.0,82.3
AD-004364,2026-08-27 08:38:40,16.25,6.83,3.627,66.6,Acceptable,17.5,0.5
AD-004365,2026-08-27 08:41:17,16.38,6.64,4.226,26.5,Poor,1.0,89.0
AD-004366,2026-08-27 08:54:03,25.5,6.18,4.607,4.1,Spoiled,0.0,99.5
AD-004367,2026-08-27 08:54:11,22.44,6.67,5.973,37.2,Poor,2.5,92.0
AD-004368,2026-08-27 09:00:06,17.94,6.73,4.094,95.7,Good,24.5,0.5
AD-004369,2026-08-27 09:22:45,13.75,6.88,3.273,88.3,Good,33.0,0.5
AD-004370,2026-08-27 09:26:34,8.62,6.88,2.644,84.7,Good,68.5,0.5
AD-004371,2026-08-27 09:27:20,18.38,6.66,4.343,44.9,Poor,7.0,40.7
AD-004372,2026-08-27 16:42:49,23.5,6.68,4.76,79.9,Good,12.0,3.3
AD-004373,2026-08-27 17:13:21,15.19,6.4,3.991,28.8,Poor,0.5,87.7
AD-004374,2026-08-27 17:31:34,11.06,6.73,2.931,49.3,Poor,19.0,2.3
AD-004375,2026-08-27 18:21:33,27.44,6.6,4.615,68.4,Acceptable,8.0,21.0
AD-004376,2026-08-27 18:41:10,27.38,6.72,5.26,50.1,Acceptable,4.0,81.3
AD-004377,2026-08-27 18:41:20,35.75,6.55,5.577,70.9,Acceptable,4.5,76.3
AD-004378,2026-08-28 05:32:59,36.25,6.63,6.403,87.8,Good,6.5,42.3
AD-004379,2026-08-28 07:33:10,32.94,6.54,5.338,54.4,Acceptable,3.5,90.3
AD-004380,2026-08-28 08:11:00,10.62,6.86,3.138,96.0,Good,60.5,0.5
AD-004381,2026-08-28 08:16:11,34.44,6.57,6.355,67.0,Acceptable,4.0,85.3
AD-004382,2026-08-28 08:19:37,14.88,6.69,3.172,46.0,Poor,8.0,31.7
AD-004383,2026-08-28 08:48:19,13.81,6.69,3.727,47.9,Poor,13.0,10.7
AD-004384,2026-08-28 08:58:31,20.62,6.67,4.214,61.6,Acceptable,10.0,13.3
AD-004385,2026-08-28 09:10:10,28.19,6.42,5.565,20.6,Spoiled,0.0,99.5
AD-004386,2026-08-28 09:21:15,35.75,6.47,6.253,100.0,Good,8.0,20.3
AD-004387,2026-08-28 16:09:02,24.56,6.75,4.992,51.4,Acceptable,5.5,67.0
AD-004388,2026-08-28 16:15:59,15.81,6.76,3.599,53.0,Acceptable,11.5,14.0
AD-004389,2026-08-28 16:40:11,14.06,6.08,4.078,0.0,Spoiled,0.0,99.5
AD-004390,2026-08-28 17:19:54,37.56,5.73,6.069,0.4,Spoiled,0.0,99.5
AD-004391,2026-08-28 17:40:59,34.25,6.59,6.245,89.6,Good,7.0,30.0
AD-004392,2026-08-28 18:23:55,37.44,6.52,5.749,80.5,Good,5.0,73.0
AD-004393,2026-08-28 18:51:11,30.94,5.22,6.714,0.0,Spoiled,0.0,99.5
AD-004394,2026-08-28 20:02:38,10.0,6.76,2.96,100.0,Good,72.0,0.5
AD-004395,2026-08-29 01:44:45,29.5,4.67,5.854,0.0,Spoiled,0.0,99.5
AD-004396,2026-08-29 05:48:52,19.62,5.82,4.625,0.5,Spoiled,0.0,99.5
AD-004397,2026-08-29 05:57:48,16.88,6.79,3.446,89.2,Good,23.5,0.5
AD-004398,2026-08-29 06:05:36,13.69,6.68,3.804,78.3,Good,30.0,0.5
AD-004399,2026-08-29 06:17:43,31.31,6.37,5.603,32.8,Poor,1.0,99.5
AD-004400,2026-08-29 06:25:37,7.5,6.78,2.712,35.9,Poor,17.0,20.7
AD-004401,2026-08-29 06:30:01,35.88,6.62,7.617,60.8,Acceptable,3.5,93.7
AD-004402,2026-08-29 08:32:21,6.75,6.92,2.296,92.9,Good,114.5,0.5
AD-004403,2026-08-29 09:06:38,17.81,6.52,3.957,32.4,Poor,2.0,87.0
AD-004404,2026-08-29 09:18:16,17.81,6.75,4.181,37.8,Poor,4.5,63.0
AD-004405,2026-08-29 09:25:38,5.12,6.92,2.347,81.2,Good,120.0,0.5
AD-004406,2026-08-29 13:12:13,9.81,6.76,2.782,86.7,Good,59.0,0.5
AD-004407,2026-08-29 16:24:44,12.25,6.84,3.284,68.4,Acceptable,30.0,0.5
AD-004408,2026-08-29 16:31:36,8.75,6.75,2.4,100.0,Good,78.0,0.5
AD-004409,2026-08-29 16:36:46,17.19,6.71,3.782,73.4,Acceptable,18.0,0.5
AD-004410,2026-08-29 17:29:09,13.0,6.73,2.948,64.8,Acceptable,24.0,0.5
AD-004411,2026-08-29 18:23:43,24.25,4.82,4.983,0.8,Spoiled,0.0,99.5
AD-004412,2026-08-29 19:14:32,35.0,6.53,5.706,85.0,Good,6.5,48.3
AD-004413,2026-08-29 19:24:51,15.12,6.66,3.833,37.4,Poor,7.0,47.7
AD-004414,2026-08-30 05:41:57,8.81,6.72,2.784,99.7,Good,81.0,0.5
AD-004415,2026-08-30 05:59:10,36.25,6.57,6.113,87.5,Good,6.0,50.7
AD-004416,2026-08-30 07:32:28,16.0,6.82,4.147,63.4,Acceptable,14.5,3.7
AD-004417,2026-08-30 07:51:51,12.44,6.86,4.155,57.6,Acceptable,21.5,1.7
AD-004418,2026-08-30 07:54:02,11.56,6.81,3.232,77.1,Good,36.0,0.5
AD-004419,2026-08-30 08:16:08,6.0,6.81,2.192,100.0,Good,120.0,0.5
AD-004420,2026-08-30 08:40:55,7.19,6.83,2.495,99.8,Good,110.5,0.5
AD-004421,2026-08-30 08:47:24,16.19,6.8,4.007,69.2,Acceptable,18.5,0.5
AD-004422,2026-08-30 08:55:30,10.75,6.93,2.911,93.7,Good,57.5,0.5
AD-004423,2026-08-30 08:57:56,9.19,6.74,2.98,92.1,Good,75.5,0.5
AD-004424,2026-08-30 09:15:00,29.94,6.64,4.847,34.5,Poor,2.0,99.0
AD-004425,2026-08-30 09:23:59,10.62,6.84,2.883,76.9,Good,42.5,0.5
AD-004426,2026-08-30 09:31:31,29.38,6.6,5.319,58.0,Acceptable,5.0,67.7
AD-004427,2026-08-30 16:28:28,35.12,6.53,5.974,88.5,Good,7.0,36.7
AD-004428,2026-08-30 16:57:36,29.75,6.85,5.154,98.0,Good,13.0,0.5
AD-004429,2026-08-30 17:08:24,17.88,6.87,3.893,61.3,Acceptable,11.5,7.7
AD-004430,2026-08-30 19:07:47,32.81,6.04,5.528,0.0,Spoiled,0.0,99.5
AD-004431,2026-08-30 19:10:43,6.75,6.76,2.595,88.9,Good,120.0,0.5
AD-004432,2026-08-30 19:16:51,8.69,6.87,3.017,94.3,Good,80.5,0.5
AD-004433,2026-08-31 05:37:18,34.81,6.15,7.879,22.2,Spoiled,0.0,99.5
AD-004434,2026-08-31 06:08:05,30.12,6.63,5.344,70.9,Acceptable,7.0,40.0
AD-004435,2026-08-31 06:23:44,12.19,6.76,3.137,94.0,Good,52.0,0.5
AD-004436,2026-08-31 06:30:58,33.5,6.56,4.758,97.1,Good,9.0,9.3
AD-004437,2026-08-31 06:55:25,35.62,6.56,5.969,85.3,Good,6.0,53.7
AD-004438,2026-08-31 07:09:14,10.31,6.87,3.405,65.5,Acceptable,36.0,0.5
AD-004439,2026-08-31 07:11:18,14.44,6.85,4.34,67.5,Acceptable,23.0,0.5
AD-004440,2026-08-31 07:23:15,4.94,6.87,2.355,96.5,Good,120.0,0.5
AD-004441,2026-08-31 07:38:12,10.5,6.67,3.263,32.0,Poor,6.5,46.7
AD-004442,2026-08-31 08:01:57,11.31,6.83,3.352,100.0,Good,67.5,0.5
AD-004443,2026-08-31 08:15:17,6.75,6.89,2.936,86.6,Good,106.5,0.5
AD-004444,2026-08-31 08:23:34,14.75,5.76,3.832,0.0,Spoiled,0.0,99.5
AD-004445,2026-08-31 08:32:23,18.44,6.69,3.846,68.8,Acceptable,14.0,1.3
AD-004446,2026-08-31 08:53:53,5.75,6.9,2.281,72.3,Acceptable,94.5,0.5
AD-004447,2026-08-31 08:56:42,13.06,6.79,3.189,86.2,Good,33.5,0.5
AD-004448,2026-08-31 09:19:28,6.19,6.99,2.478,98.5,Good,120.0,0.5
AD-004449,2026-08-31 09:24:43,6.44,6.93,2.29,98.4,Good,120.0,0.5
AD-004450,2026-08-31 09:28:03,6.31,6.86,2.692,81.8,Good,103.0,0.5
AD-004451,2026-08-31 13:17:16,28.94,6.69,4.095,77.9,Good,8.0,21.0
AD-004452,2026-08-31 16:09:07,9.31,6.94,3.351,98.5,Good,78.5,0.5
AD-004453,2026-08-31 17:08:46,34.75,6.64,6.864,82.3,Good,6.0,50.0
AD-004454,2026-08-31 17:57:12,35.75,6.7,5.247,69.1,Acceptable,4.0,84.3
AD-004455,2026-08-31 18:25:55,9.62,6.77,2.761,47.4,Poor,19.0,5.3
AD-004456,2026-08-31 19:00:40,39.56,6.52,6.404,50.6,Acceptable,3.0,96.3
AD-004457,2026-08-31 19:06:21,27.56,4.95,5.961,0.0,Spoiled,0.0,99.5
AD-004458,2026-08-31 19:15:08,15.38,6.77,4.154,70.4,Acceptable,19.5,0.5
AD-004459,2026-08-31 19:29:14,9.44,6.76,2.495,88.4,Good,62.5,0.5
AD-004460,2026-09-01 06:07:29,10.88,6.73,3.098,41.4,Poor,11.0,26.7
AD-004461,2026-09-01 06:16:00,10.19,6.72,2.92,63.9,Acceptable,35.5,0.5
AD-004462,2026-09-01 06:44:33,12.62,6.87,3.494,47.3,Poor,14.5,9.3
AD-004463,2026-09-01 07:14:42,19.62,6.72,3.582,40.2,Poor,5.5,56.7
AD-004464,2026-09-01 08:34:49,20.44,6.59,4.027,76.3,Good,15.0,1.0
AD-004465,2026-09-01 08:43:58,16.12,6.73,3.278,56.1,Acceptable,12.0,8.3
AD-004466,2026-09-01 08:54:47,14.69,6.25,3.952,3.7,Spoiled,0.0,99.5
AD-004467,2026-09-01 09:26:17,8.69,6.87,2.532,79.8,Good,64.0,0.5
AD-004468,2026-09-01 09:27:13,7.25,6.76,2.38,74.1,Acceptable,79.0,0.5
AD-004469,2026-09-01 16:34:11,10.94,6.89,3.223,71.2,Acceptable,35.0,0.5
AD-004470,2026-09-01 17:22:10,4.5,6.81,1.992,100.0,Good,120.0,0.5
AD-004471,2026-09-01 17:53:29,18.31,6.79,4.64,69.9,Acceptable,15.5,0.5
AD-004472,2026-09-01 19:01:16,32.75,5.24,6.377,0.0,Spoiled,0.0,99.5
AD-004473,2026-09-02 01:56:04,9.19,6.92,2.555,100.0,Good,84.0,0.5
AD-004474,2026-09-02 04:48:11,8.5,6.89,2.701,86.6,Good,71.5,0.5
AD-004475,2026-09-02 05:59:50,30.81,5.73,5.73,0.0,Spoiled,0.0,99.5
AD-004476,2026-09-02 06:00:46,15.75,6.62,3.48,52.4,Acceptable,10.5,16.7
AD-004477,2026-09-02 06:06:09,12.31,6.66,2.842,40.4,Poor,10.0,26.7
AD-004478,2026-09-02 06:17:35,33.31,4.78,6.175,0.0,Spoiled,0.0,99.5
AD-004479,2026-09-02 06:50:58,24.56,5.12,5.326,0.0,Spoiled,0.0,99.5
AD-004480,2026-09-02 07:00:09,28.44,6.77,5.038,72.4,Acceptable,7.0,33.7
AD-004481,2026-09-02 07:00:45,38.12,6.6,5.646,98.8,Good,9.0,9.3
AD-004482,2026-09-02 07:06:22,8.69,6.69,2.6,64.0,Acceptable,43.0,0.5
AD-004483,2026-09-02 17:20:31,6.62,6.9,2.228,98.7,Good,120.0,0.5
AD-004484,2026-09-02 18:25:40,27.69,6.69,5.967,68.2,Acceptable,7.0,34.7
AD-004485,2026-09-02 20:05:29,12.0,5.78,3.682,0.0,Spoiled,0.0,99.5
AD-004486,2026-09-03 05:45:57,21.5,6.63,4.2,81.6,Good,15.0,1.0
AD-004487,2026-09-03 06:00:24,8.62,6.77,2.579,70.5,Acceptable,54.5,0.5
AD-004488,2026-09-03 06:03:17,7.94,6.8,2.585,84.8,Good,81.0,0.5
AD-004489,2026-09-03 06:43:38,26.5,6.67,4.665,76.5,Good,9.0,14.7
AD-004490,2026-09-03 07:17:15,16.56,6.71,3.863,61.0,Acceptable,14.0,3.3
AD-004491,2026-09-03 07:30:33,5.69,7.01,2.531,79.6,Good,113.0,0.5
AD-004492,2026-09-03 07:40:04,17.25,6.96,4.116,53.4,Acceptable,10.5,14.3
AD-004493,2026-09-03 08:12:40,19.25,6.71,4.402,72.5,Acceptable,15.0,1.7
AD-004494,2026-09-03 08:45:00,31.75,6.54,5.554,80.0,Good,7.0,33.0
AD-004495,2026-09-03 08:59:57,5.06,6.93,2.273,99.6,Good,120.0,0.5
AD-004496,2026-09-03 09:22:45,35.31,6.59,5.737,90.3,Good,7.0,27.7
AD-004497,2026-09-03 16:03:41,21.12,6.68,4.381,69.2,Acceptable,11.0,8.0
AD-004498,2026-09-03 16:11:45,32.88,6.63,5.981,62.1,Acceptable,4.5,71.0
AD-004499,2026-09-03 17:05:58,29.81,5.2,6.148,0.0,Spoiled,0.0,99.5
AD-004500,2026-09-03 17:58:22,5.25,6.88,2.233,91.7,Good,120.0,0.5
AD-004501,2026-09-03 18:16:26,9.19,6.94,2.73,95.9,Good,73.0,0.5
AD-004502,2026-09-03 20:39:07,38.94,6.6,5.731,70.2,Acceptable,4.0,88.7
AD-004503,2026-09-04 05:06:44,30.5,6.32,5.411,33.1,Poor,1.0,99.5
AD-004504,2026-09-04 05:36:50,33.5,6.54,6.261,95.9,Good,8.0,18.7
AD-004505,2026-09-04 06:18:33,36.25,6.64,5.095,92.5,Good,7.0,32.3
AD-004506,2026-09-04 07:34:31,12.5,6.94,3.594,73.4,Acceptable,34.0,0.5
AD-004507,2026-09-04 07:47:11,7.25,6.98,3.48,93.2,Good,103.5,0.5
AD-004508,2026-09-04 08:13:16,23.5,6.49,4.648,41.3,Poor,2.5,88.3
AD-004509,2026-09-04 08:23:42,12.38,6.58,3.401,84.9,Good,37.5,0.5
AD-004510,2026-09-04 08:56:43,11.69,6.97,3.039,85.8,Good,44.0,0.5
AD-004511,2026-09-04 09:29:16,5.19,6.82,2.162,93.6,Good,120.0,0.5
AD-004512,2026-09-04 17:00:39,38.75,5.35,7.089,0.0,Spoiled,0.0,99.5
AD-004513,2026-09-04 17:16:11,27.5,6.73,4.985,82.7,Good,10.0,5.3
AD-004514,2026-09-04 17:27:44,4.94,6.81,2.657,98.3,Good,120.0,0.5
AD-004515,2026-09-04 17:30:55,29.5,6.83,4.975,83.1,Good,8.0,23.0
AD-004516,2026-09-04 18:03:41,25.88,5.01,5.799,0.0,Spoiled,0.0,99.5
AD-004517,2026-09-04 18:22:32,16.62,6.78,3.864,52.7,Acceptable,11.0,13.3
AD-004518,2026-09-04 18:36:10,8.88,6.89,3.3,50.2,Acceptable,24.0,6.3
AD-004519,2026-09-04 18:50:46,6.56,6.8,2.486,100.0,Good,120.0,0.5
AD-004520,2026-09-05 05:34:00,31.31,6.55,5.776,41.4,Poor,2.0,97.0
AD-004521,2026-09-05 05:58:05,34.25,6.59,5.419,87.0,Good,7.0,34.3
AD-004522,2026-09-05 06:11:11,16.81,6.49,4.182,18.4,Spoiled,0.0,99.5
AD-004523,2026-09-05 06:38:55,36.06,6.73,7.53,93.0,Good,7.5,21.3
AD-004524,2026-09-05 07:00:02,10.44,6.87,3.562,93.7,Good,60.0,0.5
AD-004525,2026-09-05 07:03:42,36.06,6.53,5.882,75.4,Good,5.0,69.3
AD-004526,2026-09-05 07:15:17,16.44,6.82,3.828,69.2,Acceptable,19.0,0.5
AD-004527,2026-09-05 07:19:48,22.56,6.86,4.34,63.6,Acceptable,8.5,19.0
AD-004528,2026-09-05 07:31:23,34.31,6.67,5.613,87.3,Good,6.5,40.3
AD-004529,2026-09-05 07:37:52,9.81,6.94,3.144,86.2,Good,53.5,0.5
AD-004530,2026-09-05 07:52:47,5.81,6.81,2.556,100.0,Good,120.0,0.5
AD-004531,2026-09-05 08:02:29,23.56,5.12,4.96,0.0,Spoiled,0.0,99.5
AD-004532,2026-09-05 08:09:27,32.06,6.75,6.582,82.3,Good,7.0,32.3
AD-004533,2026-09-05 08:31:53,25.88,5.45,5.959,0.0,Spoiled,0.0,99.5
AD-004534,2026-09-05 09:22:07,15.31,6.69,3.172,72.2,Acceptable,21.5,0.5
AD-004535,2026-09-05 10:07:11,14.25,6.86,3.848,98.6,Good,36.0,0.5
AD-004536,2026-09-05 16:14:08,15.06,6.91,3.622,47.7,Poor,11.0,13.3
AD-004537,2026-09-05 17:17:43,6.25,6.86,2.323,85.7,Good,107.5,0.5
AD-004538,2026-09-05 18:13:38,23.31,6.68,4.668,49.5,Poor,5.5,62.7
AD-004539,2026-09-05 18:19:00,14.06,6.74,3.116,89.0,Good,34.0,0.5
AD-004540,2026-09-05 18:53:07,34.56,6.72,5.752,82.8,Good,7.0,37.3
AD-004541,2026-09-05 18:53:29,10.12,7.0,2.901,100.0,Good,73.0,0.5
AD-004542,2026-09-05 19:17:23,14.69,6.55,4.5,22.9,Spoiled,0.0,93.7
AD-004543,2026-09-06 05:40:48,29.94,6.65,4.342,48.3,Poor,3.5,91.7
AD-004544,2026-09-06 05:42:12,23.69,6.7,4.622,64.5,Acceptable,8.5,23.0
AD-004545,2026-09-06 05:45:10,31.0,6.61,5.489,96.9,Good,9.0,10.0
AD-004546,2026-09-06 05:56:52,30.88,6.58,5.259,90.6,Good,9.0,12.3
AD-004547,2026-09-06 06:01:40,13.06,6.77,3.637,46.2,Poor,12.0,16.7
AD-004548,2026-09-06 06:07:00,29.12,6.62,5.776,53.4,Acceptable,4.0,86.7
AD-004549,2026-09-06 07:16:22,18.25,6.72,4.055,57.1,Acceptable,10.0,12.3
AD-004550,2026-09-06 07:28:04,13.62,6.79,3.707,69.6,Acceptable,24.0,0.5
AD-004551,2026-09-06 07:29:25,7.31,6.8,2.983,95.1,Good,115.0,0.5
AD-004552,2026-09-06 08:03:58,12.25,6.73,2.99,38.8,Poor,8.0,44.7
AD-004553,2026-09-06 08:04:03,22.56,4.75,4.856,0.0,Spoiled,0.0,99.5
AD-004554,2026-09-06 08:20:42,5.12,6.89,1.909,99.4,Good,120.0,0.5
AD-004555,2026-09-06 08:24:41,27.44,6.51,6.504,40.1,Poor,2.0,97.0
AD-004556,2026-09-06 09:02:27,16.56,6.75,3.661,100.0,Good,32.0,0.5
AD-004557,2026-09-06 09:15:19,18.44,6.61,3.903,70.4,Acceptable,15.0,0.7
AD-004558,2026-09-06 09:29:44,25.31,6.71,4.412,68.9,Acceptable,8.5,18.3
AD-004559,2026-09-06 16:19:05,8.94,6.8,2.942,52.9,Acceptable,28.5,1.7
AD-004560,2026-09-06 16:39:05,9.06,6.92,2.785,88.6,Good,65.0,0.5
AD-004561,2026-09-06 17:54:46,9.94,6.74,2.784,90.8,Good,66.0,0.5
AD-004562,2026-09-06 17:56:29,35.62,6.6,5.586,91.5,Good,7.0,42.3
AD-004563,2026-09-06 18:08:10,34.88,6.66,6.551,88.3,Good,7.0,36.7
AD-004564,2026-09-06 18:25:56,18.56,6.65,4.204,79.8,Good,20.0,0.5
AD-004565,2026-09-06 19:00:07,10.75,6.85,2.788,100.0,Good,67.5,0.5
AD-004566,2026-09-07 05:35:52,36.19,6.61,5.439,80.5,Good,5.5,63.0
AD-004567,2026-09-07 05:39:58,28.88,6.68,5.16,54.7,Acceptable,4.5,77.0
AD-004568,2026-09-07 05:40:33,35.19,6.64,7.805,87.2,Good,6.0,43.7
AD-004569,2026-09-07 05:50:02,25.56,6.64,5.428,93.7,Good,13.0,2.0
AD-004570,2026-09-07 05:56:19,11.25,6.27,3.344,0.4,Spoiled,0.0,99.3
AD-004571,2026-09-07 06:26:05,23.06,6.63,4.12,62.4,Acceptable,8.0,29.3
AD-004572,2026-09-07 07:31:02,12.88,6.91,2.991,78.9,Good,36.5,0.5
AD-004573,2026-09-07 07:33:31,29.25,5.01,5.668,0.0,Spoiled,0.0,99.5
AD-004574,2026-09-07 07:59:28,34.69,6.66,5.73,91.8,Good,7.5,29.7
AD-004575,2026-09-07 08:02:58,33.0,6.6,5.887,88.6,Good,7.5,29.0
AD-004576,2026-09-07 08:27:56,7.69,6.74,2.549,92.5,Good,102.5,0.5
AD-004577,2026-09-07 08:29:30,28.31,6.7,4.668,79.1,Good,8.0,19.7
AD-004578,2026-09-07 08:39:30,4.5,6.97,2.308,84.3,Good,120.0,0.5
AD-004579,2026-09-07 08:50:06,10.62,6.82,3.292,50.2,Acceptable,20.0,4.3
AD-004580,2026-09-07 13:46:06,9.56,6.89,2.943,96.1,Good,74.0,0.5
AD-004581,2026-09-07 16:10:38,20.19,6.68,4.474,54.3,Acceptable,8.0,25.0
AD-004582,2026-09-07 18:28:36,8.19,6.88,2.3,69.9,Acceptable,54.0,0.5
AD-004583,2026-09-07 19:00:57,36.12,6.57,5.791,84.6,Good,6.0,55.3
AD-004584,2026-09-08 05:34:36,19.5,6.89,3.596,95.3,Good,22.0,0.5
AD-004585,2026-09-08 05:36:53,17.5,6.75,4.02,90.1,Good,24.0,0.5
AD-004586,2026-09-08 05:49:57,36.5,6.49,6.086,73.0,Acceptable,5.0,75.0
AD-004587,2026-09-08 06:02:18,32.5,6.69,5.166,92.2,Good,8.0,19.3
AD-004588,2026-09-08 06:08:26,12.44,6.75,3.098,95.8,Good,53.0,0.5
AD-004589,2026-09-08 06:18:38,36.69,6.69,5.571,91.6,Good,6.5,36.3
AD-004590,2026-09-08 06:52:34,8.75,6.81,2.259,97.0,Good,99.5,0.5
AD-004591,2026-09-08 06:53:43,15.69,6.79,3.561,99.6,Good,32.5,0.5
AD-004592,2026-09-08 07:02:10,6.25,6.86,2.331,77.1,Good,101.5,0.5
AD-004593,2026-09-08 07:08:05,30.94,4.79,5.782,1.0,Spoiled,0.0,99.5
AD-004594,2026-09-08 07:13:55,9.5,6.84,3.692,52.7,Acceptable,26.0,2.0
AD-004595,2026-09-08 07:30:09,29.5,6.6,7.0,96.6,Good,10.5,2.7
AD-004596,2026-09-08 07:46:41,8.0,6.86,2.609,96.5,Good,96.5,0.5
AD-004597,2026-09-08 08:18:59,34.81,6.43,5.064,74.1,Acceptable,5.5,61.7
AD-004598,2026-09-08 08:39:44,32.94,5.64,6.684,2.1,Spoiled,0.0,99.5
AD-004599,2026-09-08 08:40:05,11.19,6.81,3.551,77.9,Good,37.5,0.5
AD-004600,2026-09-08 09:01:56,26.31,6.53,5.144,26.6,Poor,0.5,99.5
AD-004601,2026-09-08 09:02:15,23.25,5.33,5.243,1.6,Spoiled,0.0,99.5
AD-004602,2026-09-08 12:05:11,27.5,6.48,4.409,27.4,Poor,1.0,99.0
AD-004603,2026-09-08 16:39:04,25.38,6.49,5.142,29.7,Poor,1.0,98.0
AD-004604,2026-09-08 17:07:18,13.19,6.67,3.438,87.2,Good,38.5,0.5
AD-004605,2026-09-08 17:37:00,14.38,6.5,3.446,19.7,Spoiled,0.0,98.3
AD-004606,2026-09-08 19:09:26,14.5,6.85,4.033,80.2,Good,29.0,0.5
AD-004607,2026-09-08 19:19:17,37.44,6.49,7.989,94.3,Good,7.0,25.0
AD-004608,2026-09-08 19:20:37,15.5,5.81,3.817,1.1,Spoiled,0.0,99.5
AD-004609,2026-09-09 05:48:57,21.06,6.71,4.41,80.8,Good,14.5,1.0
AD-004610,2026-09-09 06:04:28,19.75,6.86,4.347,94.0,Good,20.0,0.5
AD-004611,2026-09-09 06:16:51,12.56,6.74,3.369,56.1,Acceptable,19.5,2.3
AD-004612,2026-09-09 06:27:50,27.06,6.23,5.105,29.8,Poor,0.0,99.5
AD-004613,2026-09-09 06:45:03,13.69,6.11,3.549,0.0,Spoiled,0.0,99.5
AD-004614,2026-09-09 07:48:39,11.88,6.82,3.342,85.2,Good,43.5,0.5
AD-004615,2026-09-09 08:09:34,14.0,6.45,3.627,30.4,Poor,2.5,77.3
AD-004616,2026-09-09 17:05:26,30.81,6.51,5.927,33.5,Poor,1.0,99.5
AD-004617,2026-09-09 17:27:17,23.75,4.98,4.605,0.0,Spoiled,0.0,99.5
AD-004618,2026-09-09 17:27:47,6.5,6.95,2.726,85.4,Good,97.5,0.5
AD-004619,2026-09-09 18:29:09,11.94,6.81,3.094,92.1,Good,48.0,0.5
AD-004620,2026-09-09 18:49:43,16.25,6.75,3.708,82.8,Good,24.0,0.5
AD-004621,2026-09-09 19:22:00,35.25,6.66,5.549,92.6,Good,7.0,32.0
AD-004622,2026-09-10 05:45:41,12.56,6.74,3.227,93.0,Good,43.0,0.5
AD-004623,2026-09-10 06:38:06,4.75,6.76,2.213,84.0,Good,120.0,0.5
AD-004624,2026-09-10 06:50:40,15.62,6.66,3.91,34.9,Poor,4.5,64.7
AD-004625,2026-09-10 06:58:22,36.19,6.6,5.543,90.8,Good,7.0,34.3
AD-004626,2026-09-10 07:09:47,23.44,6.49,4.602,38.7,Poor,1.5,96.7
AD-004627,2026-09-10 07:14:51,9.0,6.86,2.76,46.1,Poor,20.5,10.3
AD-004628,2026-09-10 07:26:46,13.12,6.79,3.642,93.7,Good,42.0,0.5
AD-004629,2026-09-10 07:28:32,6.62,6.96,2.547,93.4,Good,114.0,0.5
AD-004630,2026-09-10 07:39:08,25.44,5.1,5.713,0.0,Spoiled,0.0,99.5
AD-004631,2026-09-10 07:41:02,12.06,6.85,4.289,84.5,Good,38.0,0.5
AD-004632,2026-09-10 07:47:19,32.0,6.58,6.302,89.8,Good,7.5,26.3
AD-004633,2026-09-10 08:10:54,21.62,6.73,4.494,54.1,Acceptable,7.0,36.7
AD-004634,2026-09-10 08:19:20,13.81,6.29,3.678,8.7,Spoiled,0.0,99.5
AD-004635,2026-09-10 08:23:57,23.69,6.65,4.332,48.9,Poor,5.0,65.7
AD-004636,2026-09-10 08:57:10,10.12,6.83,3.236,86.4,Good,56.0,0.5
AD-004637,2026-09-10 09:06:11,37.06,5.38,6.682,0.9,Spoiled,0.0,99.5
AD-004638,2026-09-10 09:12:11,10.75,6.88,3.139,87.9,Good,53.5,0.5
AD-004639,2026-09-10 16:52:44,4.25,6.92,2.451,100.0,Good,120.0,0.5
AD-004640,2026-09-10 17:08:07,19.12,6.45,4.392,12.8,Spoiled,0.0,99.5
AD-004641,2026-09-10 18:30:22,19.38,6.62,4.486,53.1,Acceptable,9.0,19.0
AD-004642,2026-09-11 06:33:41,31.19,6.58,5.723,84.8,Good,8.0,26.0
AD-004643,2026-09-11 06:50:14,9.0,6.89,2.701,91.4,Good,78.0,0.5
AD-004644,2026-09-11 07:18:39,10.88,6.78,3.183,60.4,Acceptable,32.0,0.5
AD-004645,2026-09-11 07:58:26,18.25,6.49,3.758,29.2,Poor,1.5,94.7
AD-004646,2026-09-11 08:37:47,15.94,6.85,3.903,61.8,Acceptable,17.0,0.7
AD-004647,2026-09-11 08:43:43,14.75,6.85,4.007,54.1,Acceptable,14.0,5.3
AD-004648,2026-09-11 09:05:46,16.44,5.7,3.89,0.0,Spoiled,0.0,99.5
AD-004649,2026-09-11 16:21:48,37.31,6.59,6.233,97.5,Good,7.5,23.0
AD-004650,2026-09-11 17:38:51,35.69,4.92,6.816,1.4,Spoiled,0.0,99.5
AD-004651,2026-09-11 18:34:00,30.06,6.58,5.301,44.1,Poor,2.0,98.7
AD-004652,2026-09-11 18:51:09,30.31,6.56,4.847,38.0,Poor,2.0,98.7
AD-004653,2026-09-11 18:54:44,13.69,6.85,3.997,71.8,Acceptable,25.5,0.5
AD-004654,2026-09-11 18:55:06,13.88,6.75,3.508,69.8,Acceptable,24.0,0.7
AD-004655,2026-09-12 03:16:09,24.88,5.09,5.18,0.9,Spoiled,0.0,99.5
AD-004656,2026-09-12 06:02:04,17.12,6.82,4.127,47.0,Poor,7.5,37.0
AD-004657,2026-09-12 06:32:16,11.0,6.81,2.945,80.2,Good,44.5,0.5
AD-004658,2026-09-12 06:43:49,9.88,7.0,2.966,90.5,Good,65.0,0.5
AD-004659,2026-09-12 08:01:31,14.0,6.89,3.577,97.7,Good,39.0,0.5
AD-004660,2026-09-12 08:13:37,37.31,6.68,5.517,88.4,Good,7.0,27.0
AD-004661,2026-09-12 08:16:54,36.5,6.57,5.719,93.6,Good,7.0,29.7
AD-004662,2026-09-12 08:48:03,5.19,6.86,2.652,87.1,Good,120.0,0.5
AD-004663,2026-09-12 08:52:35,14.88,6.69,3.706,42.9,Poor,8.5,28.3
AD-004664,2026-09-12 09:02:36,17.56,6.69,4.192,66.3,Acceptable,15.0,1.7
AD-004665,2026-09-12 09:07:31,25.19,6.5,4.992,43.7,Poor,3.0,88.3
AD-004666,2026-09-12 09:08:05,28.56,6.54,5.037,93.4,Good,11.0,3.0
AD-004667,2026-09-12 09:11:08,13.12,6.93,3.297,53.7,Acceptable,17.0,5.0
AD-004668,2026-09-12 09:17:01,10.62,6.76,2.937,64.2,Acceptable,31.0,0.5
AD-004669,2026-09-12 16:25:17,32.62,6.74,5.534,88.3,Good,7.5,28.3
AD-004670,2026-09-12 16:40:12,5.12,6.76,2.148,87.9,Good,120.0,0.5
AD-004671,2026-09-12 16:41:16,29.0,6.52,3.965,100.0,Good,11.5,2.7
AD-004672,2026-09-12 17:18:23,34.38,6.37,6.681,29.9,Poor,0.0,99.5
AD-004673,2026-09-12 18:18:16,7.88,6.75,2.29,92.3,Good,87.5,0.5
AD-004674,2026-09-12 19:18:17,8.12,6.84,2.794,72.6,Acceptable,65.5,0.5
AD-004675,2026-09-13 05:36:05,11.0,6.86,3.917,85.0,Good,46.0,0.5
AD-004676,2026-09-13 05:54:29,36.69,6.65,5.803,76.6,Good,5.0,69.0
AD-004677,2026-09-13 05:58:00,24.75,6.76,4.858,79.5,Good,11.5,3.7
AD-004678,2026-09-13 05:58:37,36.25,5.03,6.781,0.7,Spoiled,0.0,99.5
AD-004679,2026-09-13 06:20:28,25.44,6.62,5.09,69.1,Acceptable,8.5,17.3
AD-004680,2026-09-13 06:34:01,27.81,6.72,5.606,88.8,Good,10.5,10.3
AD-004681,2026-09-13 06:41:14,10.0,6.71,2.687,77.9,Good,51.5,0.5
AD-004682,2026-09-13 07:39:26,29.62,5.04,5.879,0.6,Spoiled,0.0,99.5
AD-004683,2026-09-13 07:46:13,22.19,6.78,4.907,58.6,Acceptable,8.0,30.3
AD-004684,2026-09-13 07:52:11,8.19,6.94,3.075,80.6,Good,68.0,0.5
AD-004685,2026-09-13 07:57:44,18.25,6.91,4.734,66.4,Acceptable,15.5,1.3
AD-004686,2026-09-13 08:35:52,9.56,6.74,2.989,66.6,Acceptable,40.0,0.5
AD-004687,2026-09-13 08:51:47,15.25,6.16,3.88,6.1,Spoiled,0.0,99.5
AD-004688,2026-09-13 09:04:38,6.06,6.89,2.295,94.0,Good,120.0,0.5
AD-004689,2026-09-13 09:15:47,38.56,6.59,6.096,95.9,Good,7.5,18.7
AD-004690,2026-09-13 09:25:16,21.19,6.7,4.349,68.2,Acceptable,11.5,7.0
AD-004691,2026-09-13 16:28:10,32.0,6.7,6.028,100.0,Good,9.5,5.7
AD-004692,2026-09-13 16:54:53,29.44,6.63,5.695,64.8,Acceptable,6.0,58.7
AD-004693,2026-09-13 18:41:03,14.25,6.68,3.143,85.5,Good,31.5,0.5
AD-004694,2026-09-13 18:46:24,12.75,6.69,3.892,31.2,Poor,4.0,65.7
AD-004695,2026-09-13 18:47:50,13.62,6.88,3.831,78.2,Good,27.0,0.5
AD-004696,2026-09-13 19:00:13,36.12,6.56,6.038,98.2,Good,7.5,24.7
AD-004697,2026-09-13 23:57:29,31.62,6.64,5.462,78.6,Good,7.0,33.0
AD-004698,2026-09-14 05:49:28,30.75,5.92,5.527,0.0,Spoiled,0.0,99.5
AD-004699,2026-09-14 05:51:41,26.69,4.93,5.829,0.0,Spoiled,0.0,99.5
AD-004700,2026-09-14 06:33:07,15.62,6.73,4.149,47.9,Poor,11.0,14.3
AD-004701,2026-09-14 07:37:04,6.56,6.76,2.738,84.1,Good,98.0,0.5
AD-004702,2026-09-14 07:46:45,24.25,6.32,5.012,21.0,Spoiled,0.0,99.5
AD-004703,2026-09-14 08:00:09,7.62,6.87,2.758,100.0,Good,111.0,0.5
AD-004704,2026-09-14 08:07:18,11.38,6.66,3.077,44.5,Poor,11.5,25.3
AD-004705,2026-09-14 08:46:54,31.0,6.55,5.096,71.8,Acceptable,5.5,53.0
AD-004706,2026-09-14 09:07:04,12.31,6.63,3.59,24.5,Spoiled,0.0,86.7
AD-004707,2026-09-14 09:10:13,9.94,6.8,3.001,86.8,Good,62.0,0.5
AD-004708,2026-09-14 09:17:06,20.38,6.74,4.704,64.1,Acceptable,11.0,8.3
AD-004709,2026-09-14 09:23:56,12.19,6.68,3.477,30.1,Poor,2.0,76.3
AD-004710,2026-09-14 16:27:52,9.69,6.66,3.01,31.1,Poor,7.0,44.0
AD-004711,2026-09-14 16:47:41,6.25,6.71,2.428,87.8,Good,119.0,0.5
AD-004712,2026-09-14 17:00:11,8.44,6.79,2.574,83.3,Good,70.0,0.5
AD-004713,2026-09-14 17:01:27,15.31,6.81,3.841,42.7,Poor,9.0,27.7
AD-004714,2026-09-14 18:35:26,18.88,6.8,4.267,67.8,Acceptable,14.0,0.5
AD-004715,2026-09-15 05:31:47,12.31,6.46,3.779,12.3,Spoiled,0.0,99.3
AD-004716,2026-09-15 05:52:37,10.81,6.72,2.872,68.0,Acceptable,39.0,0.5
AD-004717,2026-09-15 06:03:32,22.25,6.71,4.568,66.1,Acceptable,10.0,13.3
AD-004718,2026-09-15 06:14:51,10.81,6.85,3.504,83.5,Good,51.0,0.5
AD-004719,2026-09-15 06:19:47,34.25,6.56,5.624,97.3,Good,8.5,14.3
AD-004720,2026-09-15 07:55:57,35.44,6.74,5.992,87.4,Good,6.5,38.7
AD-004721,2026-09-15 07:57:20,16.31,6.77,3.845,35.8,Poor,5.5,56.7
AD-004722,2026-09-15 08:20:59,14.06,6.85,3.77,72.5,Acceptable,25.0,0.5
AD-004723,2026-09-15 08:34:41,25.88,6.5,6.156,32.0,Poor,0.5,99.5
AD-004724,2026-09-15 09:07:15,25.44,6.72,6.427,77.6,Good,10.0,8.0
AD-004725,2026-09-15 09:17:19,33.75,5.03,7.609,0.1,Spoiled,0.0,99.5
AD-004726,2026-09-15 17:18:00,17.75,6.76,4.069,87.0,Good,23.0,0.5
AD-004727,2026-09-15 17:54:57,11.94,6.7,3.469,38.8,Poor,8.5,39.7
AD-004728,2026-09-15 18:32:26,38.0,5.01,7.049,0.0,Spoiled,0.0,99.5
AD-004729,2026-09-15 18:52:34,13.81,6.57,4.245,15.5,Spoiled,0.0,99.0
AD-004730,2026-09-15 19:14:12,29.44,5.21,7.552,2.2,Spoiled,0.0,99.5
AD-004731,2026-09-15 19:25:42,23.94,6.73,5.3,100.0,Good,17.0,0.5
AD-004732,2026-09-15 19:29:52,16.19,5.87,4.181,0.0,Spoiled,0.0,99.5
AD-004733,2026-09-16 06:14:06,18.94,6.59,4.016,48.5,Poor,8.5,23.0
AD-004734,2026-09-16 06:19:16,17.06,6.84,3.734,60.3,Acceptable,13.0,4.7
AD-004735,2026-09-16 06:22:38,18.06,6.83,4.172,75.3,Good,16.5,0.5
AD-004736,2026-09-16 06:44:46,17.5,5.64,4.74,5.0,Spoiled,0.0,99.5
AD-004737,2026-09-16 07:09:59,35.56,6.49,5.757,46.3,Poor,2.0,99.0
AD-004738,2026-09-16 07:21:52,12.81,6.78,3.558,78.4,Good,34.0,0.5
AD-004739,2026-09-16 07:22:23,10.38,6.82,2.696,73.6,Acceptable,40.5,0.5
AD-004740,2026-09-16 07:25:26,8.56,6.68,2.441,71.9,Acceptable,55.5,0.5
AD-004741,2026-09-16 07:57:09,19.94,6.74,4.778,67.3,Acceptable,12.0,2.7
AD-004742,2026-09-16 08:09:01,5.0,7.06,2.663,94.3,Good,120.0,0.5
AD-004743,2026-09-16 08:17:08,11.06,6.71,3.245,28.5,Poor,5.5,55.7
AD-004744,2026-09-16 08:25:56,7.25,6.89,2.906,71.3,Acceptable,72.0,0.5
AD-004745,2026-09-16 08:59:41,26.75,6.55,4.519,70.0,Acceptable,8.0,25.3
AD-004746,2026-09-16 09:24:57,13.81,6.84,3.622,52.8,Acceptable,16.5,3.3
AD-004747,2026-09-16 16:02:14,34.88,5.86,6.598,1.6,Spoiled,0.0,99.5
AD-004748,2026-09-16 16:44:43,18.88,6.87,4.175,59.3,Acceptable,10.5,11.3
AD-004749,2026-09-16 18:24:34,32.5,6.69,4.832,99.1,Good,9.5,8.0
AD-004750,2026-09-16 18:35:16,29.56,6.66,4.69,98.4,Good,11.0,3.0
AD-004751,2026-09-16 18:58:34,28.75,6.76,6.531,73.1,Acceptable,7.0,40.3
AD-004752,2026-09-17 05:53:43,9.19,6.75,2.726,91.2,Good,73.0,0.5
AD-004753,2026-09-17 05:55:03,27.19,6.44,4.83,30.7,Poor,1.0,99.5
AD-004754,2026-09-17 05:57:55,19.62,6.86,4.28,57.7,Acceptable,10.0,14.7
AD-004755,2026-09-17 06:45:35,16.81,5.44,4.129,1.5,Spoiled,0.0,99.5
AD-004756,2026-09-17 06:48:23,23.31,6.53,4.49,39.3,Poor,3.5,85.3
AD-004757,2026-09-17 07:17:01,8.69,6.8,2.33,79.9,Good,65.5,0.5
AD-004758,2026-09-17 07:20:13,7.06,6.75,2.592,77.4,Good,80.5,0.5
AD-004759,2026-09-17 08:42:52,32.25,6.66,5.558,79.9,Good,6.5,50.3
AD-004760,2026-09-17 09:11:26,20.06,6.87,4.408,74.1,Acceptable,14.0,1.7
AD-004761,2026-09-17 09:17:59,10.06,6.9,2.667,95.6,Good,62.0,0.5
AD-004762,2026-09-17 09:21:14,6.81,6.77,2.984,34.4,Poor,19.0,19.0
AD-004763,2026-09-17 09:27:23,38.81,6.53,5.877,96.1,Good,6.5,40.3
AD-004764,2026-09-17 17:28:58,32.94,6.67,6.367,58.0,Acceptable,4.0,88.7
AD-004765,2026-09-17 17:43:15,8.5,7.02,2.764,99.4,Good,94.0,0.5
AD-004766,2026-09-17 18:47:10,9.81,6.84,2.789,69.1,Acceptable,41.5,0.5
AD-004767,2026-09-18 05:34:35,30.12,6.55,4.879,45.4,Poor,3.0,93.3
AD-004768,2026-09-18 05:44:07,36.81,6.57,6.263,83.0,Good,5.5,60.3
AD-004769,2026-09-18 05:50:26,27.5,6.63,5.143,53.3,Acceptable,4.5,74.0
AD-004770,2026-09-18 05:58:39,13.44,6.9,2.942,57.8,Acceptable,20.5,0.5
AD-004771,2026-09-18 06:09:18,9.31,6.9,2.875,94.0,Good,71.5,0.5
AD-004772,2026-09-18 06:14:17,10.44,6.83,2.766,73.9,Acceptable,41.0,0.5
AD-004773,2026-09-18 06:15:02,29.5,6.69,5.431,67.0,Acceptable,6.0,61.0
AD-004774,2026-09-18 06:23:46,34.12,6.55,5.518,54.0,Acceptable,3.5,92.3
AD-004775,2026-09-18 07:19:51,39.25,6.47,5.669,44.4,Poor,2.0,99.5
AD-004776,2026-09-18 07:51:14,11.0,6.64,3.394,67.9,Acceptable,31.5,0.5
AD-004777,2026-09-18 08:10:01,11.31,6.79,3.536,47.6,Poor,21.0,4.0
AD-004778,2026-09-18 08:38:07,32.44,6.63,5.58,92.0,Good,8.0,19.3
AD-004779,2026-09-18 08:47:26,6.38,6.94,2.552,84.3,Good,109.0,0.5
AD-004780,2026-09-18 08:50:13,29.75,6.65,5.168,69.0,Acceptable,6.5,44.0
AD-004781,2026-09-18 08:50:37,6.25,6.75,2.313,92.5,Good,120.0,0.5
AD-004782,2026-09-18 09:28:03,12.38,6.8,3.311,73.9,Acceptable,32.0,0.5
AD-004783,2026-09-18 17:36:29,10.5,6.98,4.135,42.1,Poor,12.5,20.0
AD-004784,2026-09-18 17:52:19,13.31,6.75,3.19,65.9,Acceptable,25.0,0.5
AD-004785,2026-09-18 18:19:25,34.75,6.66,5.859,77.5,Good,6.0,50.0
AD-004786,2026-09-18 18:29:04,4.31,6.75,1.918,85.5,Good,120.0,0.5
AD-004787,2026-09-18 18:32:49,34.69,6.59,5.369,85.8,Good,6.0,50.0
AD-004788,2026-09-19 05:30:40,12.25,6.73,3.205,63.5,Acceptable,28.0,0.5
AD-004789,2026-09-19 05:42:23,7.06,6.84,2.369,100.0,Good,120.0,0.5
AD-004790,2026-09-19 05:52:03,19.88,5.11,4.1,0.0,Spoiled,0.0,99.5
AD-004791,2026-09-19 06:17:01,34.5,6.59,5.534,61.5,Acceptable,4.0,83.3
AD-004792,2026-09-19 06:18:10,18.0,6.87,4.419,59.2,Acceptable,12.0,6.3
AD-004793,2026-09-19 06:22:18,21.75,4.79,5.434,0.0,Spoiled,0.0,99.5
AD-004794,2026-09-19 06:31:51,37.5,6.56,5.391,97.3,Good,7.0,24.3
AD-004795,2026-09-19 06:58:51,6.25,6.92,2.53,100.0,Good,120.0,0.5
AD-004796,2026-09-19 07:59:42,23.81,4.82,5.566,0.0,Spoiled,0.0,99.5
AD-004797,2026-09-19 08:09:29,5.62,6.8,2.59,72.1,Acceptable,94.5,0.5
AD-004798,2026-09-19 08:17:45,29.12,6.71,5.435,82.6,Good,8.0,22.7
AD-004799,2026-09-19 09:15:04,27.81,6.57,4.799,81.0,Good,8.5,14.3
AD-004800,2026-09-19 09:15:51,7.0,6.88,2.414,97.1,Good,120.0,0.5
AD-004801,2026-09-19 09:18:27,36.25,6.59,5.609,81.5,Good,5.5,60.3
AD-004802,2026-09-19 17:12:51,5.88,6.86,2.743,100.0,Good,120.0,0.5
AD-004803,2026-09-19 18:26:11,18.19,6.27,4.425,20.9,Spoiled,0.0,98.7
AD-004804,2026-09-19 19:10:10,15.0,6.8,3.425,74.9,Acceptable,24.5,0.5
AD-004805,2026-09-20 05:45:16,30.69,6.73,5.525,79.7,Good,7.0,34.7
AD-004806,2026-09-20 05:45:17,9.88,6.73,2.905,26.8,Poor,3.5,66.0
AD-004807,2026-09-20 06:32:41,32.25,6.24,5.195,28.1,Poor,0.5,99.5
AD-004808,2026-09-20 06:32:58,13.31,6.37,3.428,6.9,Spoiled,0.0,99.3
AD-004809,2026-09-20 06:38:19,13.88,6.7,3.816,78.9,Good,28.5,0.5
AD-004810,2026-09-20 07:28:22,15.56,6.84,3.414,95.6,Good,31.0,0.5
AD-004811,2026-09-20 07:52:37,13.44,6.78,3.658,75.3,Good,30.0,0.5
AD-004812,2026-09-20 08:34:13,36.38,6.7,7.334,96.3,Good,7.5,25.0
AD-004813,2026-09-20 09:01:42,10.19,6.86,3.288,72.5,Acceptable,45.5,0.5
AD-004814,2026-09-20 09:23:12,22.19,4.95,5.058,0.0,Spoiled,0.0,99.5
AD-004815,2026-09-20 18:59:51,16.88,6.96,4.314,73.2,Acceptable,19.5,0.5
AD-004816,2026-09-20 19:17:17,37.12,6.56,7.229,100.0,Good,8.0,19.3
AD-004817,2026-09-21 05:41:23,8.81,6.85,2.769,92.8,Good,77.5,0.5
AD-004818,2026-09-21 05:49:02,8.88,6.87,2.816,89.5,Good,78.5,0.5
AD-004819,2026-09-21 05:50:44,9.0,6.98,3.002,92.9,Good,83.0,0.5
AD-004820,2026-09-21 06:09:48,33.38,5.08,6.618,0.2,Spoiled,0.0,99.5
AD-004821,2026-09-21 06:56:33,25.69,6.54,4.714,43.4,Poor,3.0,93.7
AD-004822,2026-09-21 07:31:06,9.69,6.75,3.485,73.4,Acceptable,48.5,0.5
AD-004823,2026-09-21 08:07:19,12.94,6.07,3.83,0.0,Spoiled,0.0,99.5
AD-004824,2026-09-21 08:20:54,21.88,6.76,4.344,77.2,Good,13.5,0.5
AD-004825,2026-09-21 08:36:40,35.31,6.65,5.509,96.3,Good,8.5,13.7
AD-004826,2026-09-21 08:42:49,9.94,6.49,3.063,20.8,Spoiled,0.0,89.3
AD-004827,2026-09-21 09:06:04,23.81,6.79,4.621,63.6,Acceptable,8.5,17.3
AD-004828,2026-09-21 09:16:12,12.19,6.72,2.97,31.3,Poor,5.5,57.3
AD-004829,2026-09-21 09:27:28,8.31,6.85,3.249,78.7,Good,64.0,0.5
AD-004830,2026-09-21 09:29:30,3.81,6.91,2.043,86.4,Good,120.0,0.5
AD-004831,2026-09-21 16:11:23,27.56,4.97,5.825,0.0,Spoiled,0.0,99.5
AD-004832,2026-09-21 16:21:14,27.94,6.67,5.35,72.2,Acceptable,7.5,25.7
AD-004833,2026-09-21 16:31:42,7.69,6.83,2.689,69.4,Acceptable,69.5,0.5
AD-004834,2026-09-21 17:08:05,16.56,6.8,3.834,79.5,Good,22.0,0.5
AD-004835,2026-09-21 17:42:04,35.56,6.65,5.524,88.7,Good,6.5,39.0
AD-004836,2026-09-21 18:27:32,16.44,6.73,3.636,84.0,Good,24.5,0.5
AD-004837,2026-09-21 19:19:58,4.5,6.8,2.199,97.9,Good,120.0,0.5
AD-004838,2026-09-22 05:44:51,12.94,6.85,3.304,92.1,Good,38.0,0.5
AD-004839,2026-09-22 05:57:35,9.38,5.66,3.1,0.0,Spoiled,0.0,99.5
AD-004840,2026-09-22 06:03:24,15.06,6.87,4.084,34.0,Poor,5.5,57.0
AD-004841,2026-09-22 06:56:25,18.31,6.8,4.61,80.8,Good,19.0,0.5
AD-004842,2026-09-22 07:12:20,21.25,6.79,4.534,78.7,Good,14.0,1.3
AD-004843,2026-09-22 07:13:18,24.5,6.28,4.921,4.3,Spoiled,0.0,99.5
AD-004844,2026-09-22 07:26:18,18.69,6.82,4.267,96.9,Good,23.0,0.5
AD-004845,2026-09-22 07:53:36,32.94,6.56,6.13,56.6,Acceptable,4.0,88.7
AD-004846,2026-09-22 08:03:29,12.25,6.8,3.327,72.7,Acceptable,39.0,0.5
AD-004847,2026-09-22 08:06:06,4.88,6.98,2.161,93.2,Good,120.0,0.5
AD-004848,2026-09-22 08:19:35,24.06,6.49,4.255,31.9,Poor,2.0,95.7
AD-004849,2026-09-22 09:04:24,8.06,6.85,2.59,84.4,Good,77.5,0.5
AD-004850,2026-09-22 09:09:55,18.94,6.69,4.121,44.6,Poor,6.0,55.0
AD-004851,2026-09-22 09:12:22,29.94,6.58,5.719,99.0,Good,10.0,3.7
AD-004852,2026-09-22 09:28:22,12.69,6.81,3.352,82.7,Good,36.0,0.5
AD-004853,2026-09-22 17:10:06,6.94,6.86,2.716,99.7,Good,120.0,0.5
AD-004854,2026-09-22 18:06:46,33.25,5.29,6.653,0.0,Spoiled,0.0,99.5
AD-004855,2026-09-22 18:57:57,27.81,6.39,5.146,30.9,Poor,1.0,99.5
AD-004856,2026-09-22 19:05:16,37.69,6.63,6.308,89.9,Good,7.5,34.7
AD-004857,2026-09-23 06:01:16,15.12,6.82,3.724,66.7,Acceptable,18.0,1.0
AD-004858,2026-09-23 06:06:19,24.38,6.61,4.402,52.0,Acceptable,5.5,59.7
AD-004859,2026-09-23 06:46:19,23.81,6.26,5.411,10.6,Spoiled,0.0,99.5
AD-004860,2026-09-23 07:08:36,34.19,6.75,6.417,60.8,Acceptable,4.0,85.7
AD-004861,2026-09-23 07:18:23,16.06,6.59,4.263,32.7,Poor,4.0,71.7
AD-004862,2026-09-23 07:31:24,24.06,5.11,4.632,1.1,Spoiled,0.0,99.5
AD-004863,2026-09-23 07:35:14,30.69,5.95,6.023,2.4,Spoiled,0.0,99.5
AD-004864,2026-09-23 08:04:42,32.06,5.24,5.561,2.1,Spoiled,0.0,99.5
AD-004865,2026-09-23 09:18:55,11.5,6.19,3.273,0.0,Spoiled,0.0,98.7
AD-004866,2026-09-23 16:30:45,32.12,6.71,6.109,94.6,Good,8.5,14.3
AD-004867,2026-09-23 16:36:24,25.12,4.88,7.096,0.0,Spoiled,0.0,99.5
AD-004868,2026-09-23 16:39:08,33.94,6.71,5.292,98.7,Good,8.5,15.0
AD-004869,2026-09-23 16:51:39,12.06,6.14,4.436,0.0,Spoiled,0.0,99.5
AD-004870,2026-09-23 17:06:43,15.75,6.04,4.437,0.0,Spoiled,0.0,99.5
AD-004871,2026-09-23 18:41:13,33.62,6.23,5.441,25.5,Poor,0.0,99.5
AD-004872,2026-09-23 18:46:07,34.31,6.57,4.858,72.9,Acceptable,5.5,59.3
AD-004873,2026-09-23 19:02:45,35.06,4.75,6.967,0.0,Spoiled,0.0,99.5
AD-004874,2026-09-23 19:19:33,27.38,5.17,5.515,0.0,Spoiled,0.0,99.5
AD-004875,2026-09-24 05:55:05,15.88,6.68,4.284,47.9,Poor,9.5,22.7
AD-004876,2026-09-24 06:14:50,34.25,6.51,5.237,67.9,Acceptable,4.5,81.7
AD-004877,2026-09-24 06:34:28,5.69,6.94,2.762,96.6,Good,120.0,0.5
AD-004878,2026-09-24 06:45:02,39.56,5.55,7.459,0.0,Spoiled,0.0,99.5
AD-004879,2026-09-24 06:54:11,31.75,6.22,6.152,22.4,Spoiled,0.0,99.5
AD-004880,2026-09-24 06:55:20,22.56,5.02,5.15,1.4,Spoiled,0.0,99.5
AD-004881,2026-09-24 07:12:04,12.31,6.76,3.013,51.5,Acceptable,19.5,1.7
AD-004882,2026-09-24 07:16:49,32.0,6.79,5.624,90.2,Good,8.0,20.0
AD-004883,2026-09-24 07:31:12,19.75,6.77,4.082,61.0,Acceptable,11.0,7.7
AD-004884,2026-09-24 07:57:36,10.62,6.81,3.105,39.7,Poor,12.5,21.0
AD-004885,2026-09-24 08:32:02,35.0,6.6,6.206,56.5,Acceptable,3.0,96.0
AD-004886,2026-09-24 08:47:28,20.19,6.53,4.058,35.8,Poor,4.0,78.0
AD-004887,2026-09-24 09:08:06,5.38,7.07,2.979,84.7,Good,120.0,0.5
AD-004888,2026-09-24 16:16:05,6.44,6.84,2.6,75.0,Acceptable,98.0,0.5
AD-004889,2026-09-24 16:16:10,22.94,5.31,5.053,0.0,Spoiled,0.0,99.5
AD-004890,2026-09-24 17:21:14,8.38,6.83,2.873,46.2,Poor,25.0,7.7
AD-004891,2026-09-24 17:53:42,34.62,6.65,5.601,72.3,Acceptable,5.5,65.3
AD-004892,2026-09-24 18:16:35,6.5,6.95,2.855,98.7,Good,120.0,0.5
AD-004893,2026-09-24 18:18:46,8.0,6.84,2.972,82.5,Good,75.0,0.5
AD-004894,2026-09-24 18:36:29,11.06,7.04,3.701,85.0,Good,48.5,0.5
AD-004895,2026-09-24 19:28:35,8.06,6.82,2.452,77.2,Good,69.0,0.5
AD-004896,2026-09-25 05:44:31,13.12,6.55,3.793,25.0,Poor,1.0,82.0
AD-004897,2026-09-25 05:53:58,28.69,6.56,5.525,86.2,Good,9.0,13.0
AD-004898,2026-09-25 06:01:38,33.5,6.51,5.232,94.9,Good,8.0,13.7
AD-004899,2026-09-25 07:02:04,12.38,6.82,3.173,85.8,Good,41.5,0.5
AD-004900,2026-09-25 07:08:20,4.69,6.9,2.12,90.2,Good,120.0,0.5
AD-004901,2026-09-25 07:22:49,35.75,4.93,6.02,2.1,Spoiled,0.0,99.5
AD-004902,2026-09-25 07:29:08,17.75,6.64,4.136,27.8,Poor,1.5,90.3
AD-004903,2026-09-25 07:38:53,37.94,6.63,5.359,100.0,Good,9.0,8.3
AD-004904,2026-09-25 07:59:57,20.06,5.88,4.689,0.0,Spoiled,0.0,99.5
AD-004905,2026-09-25 08:04:01,11.0,6.66,3.56,25.3,Poor,0.0,85.0
AD-004906,2026-09-25 08:12:33,24.56,6.63,5.285,52.6,Acceptable,5.5,57.7
AD-004907,2026-09-25 08:17:04,15.25,6.61,3.605,26.5,Poor,0.0,94.3
AD-004908,2026-09-25 08:52:41,29.62,6.66,4.835,77.6,Good,7.5,31.7
AD-004909,2026-09-25 09:00:07,7.06,6.8,2.334,94.6,Good,100.5,0.5
AD-004910,2026-09-25 09:30:51,3.25,6.84,1.703,99.4,Good,120.0,0.5
AD-004911,2026-09-25 17:04:19,7.06,6.77,2.846,98.3,Good,120.0,0.5
AD-004912,2026-09-25 17:39:04,39.06,5.04,8.351,0.3,Spoiled,0.0,99.5
AD-004913,2026-09-25 18:57:12,9.81,6.97,2.747,92.0,Good,60.0,0.5
AD-004914,2026-09-26 06:33:16,30.38,6.47,6.153,27.8,Poor,0.5,99.5
AD-004915,2026-09-26 06:45:06,33.69,6.47,5.847,34.5,Poor,1.0,99.5
AD-004916,2026-09-26 07:17:20,11.31,6.8,3.401,71.8,Acceptable,35.0,0.5
AD-004917,2026-09-26 07:25:12,33.75,6.59,5.878,95.3,Good,8.0,22.0
AD-004918,2026-09-26 07:35:37,18.06,6.78,3.655,55.6,Acceptable,10.5,13.0
AD-004919,2026-09-26 07:43:12,8.62,6.76,3.06,100.0,Good,96.0,0.5
AD-004920,2026-09-26 07:59:06,21.44,5.47,4.834,0.0,Spoiled,0.0,99.5
AD-004921,2026-09-26 08:00:12,7.19,6.8,3.182,75.2,Good,77.5,0.5
AD-004922,2026-09-26 08:00:48,36.94,6.76,5.684,99.7,Good,8.5,19.3
AD-004923,2026-09-26 08:05:05,4.38,6.77,2.041,96.2,Good,120.0,0.5
AD-004924,2026-09-26 08:31:43,11.56,6.73,3.27,81.9,Good,40.5,0.5
AD-004925,2026-09-26 08:35:51,37.88,5.22,6.779,2.9,Spoiled,0.0,99.5
AD-004926,2026-09-26 08:53:17,11.56,6.68,3.114,48.2,Poor,17.0,4.3
AD-004927,2026-09-26 16:27:17,25.56,6.62,4.842,38.8,Poor,3.0,92.7
AD-004928,2026-09-26 16:58:53,12.31,6.75,3.022,47.1,Poor,19.0,3.0
AD-004929,2026-09-26 17:30:45,36.69,6.25,8.097,16.4,Spoiled,0.0,99.5
AD-004930,2026-09-26 17:40:11,34.44,6.56,5.854,56.8,Acceptable,3.0,94.7
AD-004931,2026-09-26 17:56:14,18.56,6.66,3.885,65.3,Acceptable,12.0,3.7
AD-004932,2026-09-26 17:56:40,32.12,6.79,5.711,97.7,Good,11.0,3.3
AD-004933,2026-09-26 18:02:50,4.25,6.98,2.292,100.0,Good,120.0,0.5
AD-004934,2026-09-26 18:20:32,18.75,6.74,3.967,72.5,Acceptable,16.5,0.7
AD-004935,2026-09-26 18:50:15,25.88,6.71,4.824,82.9,Good,11.0,4.3
AD-004936,2026-09-27 05:38:42,13.12,6.38,3.285,10.9,Spoiled,0.0,98.3
AD-004937,2026-09-27 05:48:39,29.69,6.57,4.555,71.9,Acceptable,7.0,36.3
AD-004938,2026-09-27 07:12:39,16.81,6.52,3.457,34.9,Poor,5.0,61.3
AD-004939,2026-09-27 07:18:21,14.81,6.97,3.754,85.5,Good,31.0,0.5
AD-004940,2026-09-27 08:21:43,32.06,6.76,5.606,90.1,Good,8.0,19.0
AD-004941,2026-09-27 08:24:02,25.19,6.62,4.437,43.4,Poor,3.5,88.7
AD-004942,2026-09-27 08:48:18,6.75,6.88,2.811,86.5,Good,102.0,0.5
AD-004943,2026-09-27 09:05:02,13.81,6.68,3.47,97.8,Good,40.5,0.5
AD-004944,2026-09-27 16:15:37,28.0,6.67,4.71,55.2,Acceptable,5.0,69.7
AD-004945,2026-09-27 17:48:09,36.69,6.64,5.986,86.3,Good,6.5,40.0
AD-004946,2026-09-27 18:13:55,30.19,6.61,5.031,35.4,Poor,1.5,98.3
AD-004947,2026-09-27 18:26:14,11.12,6.64,3.816,33.9,Poor,9.0,33.3
AD-004948,2026-09-27 20:03:24,7.31,6.8,2.67,96.2,Good,112.0,0.5
AD-004949,2026-09-28 00:26:59,7.25,6.91,2.47,81.3,Good,79.5,0.5
AD-004950,2026-09-28 05:31:27,5.12,6.82,2.104,84.7,Good,120.0,0.5
AD-004951,2026-09-28 05:54:19,33.75,6.59,4.788,96.3,Good,8.0,17.0
AD-004952,2026-09-28 06:05:21,24.94,6.67,4.561,45.8,Poor,3.5,83.0
AD-004953,2026-09-28 06:31:29,9.38,6.81,2.962,78.1,Good,52.0,0.5
AD-004954,2026-09-28 06:34:08,23.19,6.65,4.644,69.0,Acceptable,10.0,7.0
AD-004955,2026-09-28 06:36:48,7.88,6.88,2.514,88.1,Good,98.5,0.5
AD-004956,2026-09-28 06:52:12,37.81,6.72,6.108,99.1,Good,8.5,12.7
AD-004957,2026-09-28 07:16:48,9.88,6.9,2.892,82.9,Good,55.0,0.5
AD-004958,2026-09-28 07:21:09,35.25,6.47,5.255,78.9,Good,5.5,59.0
AD-004959,2026-09-28 07:44:10,31.19,6.66,5.025,96.0,Good,9.5,4.3
AD-004960,2026-09-28 08:31:56,34.75,6.61,5.518,59.3,Acceptable,4.0,87.3
AD-004961,2026-09-28 08:48:32,6.31,6.71,2.594,76.1,Good,103.0,0.5
AD-004962,2026-09-28 09:23:56,5.31,6.92,1.987,67.6,Acceptable,95.5,0.5
AD-004963,2026-09-28 17:02:30,34.62,6.67,5.252,84.4,Good,7.0,38.3
AD-004964,2026-09-28 17:09:57,12.62,6.61,3.411,20.2,Spoiled,0.0,94.0
AD-004965,2026-09-28 17:38:53,26.0,5.21,4.534,0.0,Spoiled,0.0,99.5
AD-004966,2026-09-28 17:39:53,40.06,4.76,6.602,0.9,Spoiled,0.0,99.5
AD-004967,2026-09-28 17:59:15,5.81,6.97,2.572,86.9,Good,120.0,0.5
AD-004968,2026-09-28 19:07:16,14.56,6.82,3.648,57.6,Acceptable,17.0,1.3
AD-004969,2026-09-28 19:12:25,16.38,5.56,4.366,0.4,Spoiled,0.0,99.5
AD-004970,2026-09-28 19:19:14,12.44,6.75,3.344,78.6,Good,37.5,0.5
AD-004971,2026-09-28 19:25:08,18.19,6.75,3.857,85.9,Good,20.0,0.5
AD-004972,2026-09-29 05:44:01,14.62,6.69,3.818,48.0,Poor,13.0,8.7
AD-004973,2026-09-29 05:53:22,11.0,6.88,4.136,35.2,Poor,9.5,35.3
AD-004974,2026-09-29 05:54:00,11.06,6.84,2.989,65.2,Acceptable,32.5,0.5
AD-004975,2026-09-29 06:02:28,11.31,6.71,3.349,42.9,Poor,13.0,17.7
AD-004976,2026-09-29 06:14:12,37.38,5.08,7.507,4.5,Spoiled,0.0,99.5
AD-004977,2026-09-29 06:31:24,14.56,6.88,2.913,90.7,Good,35.0,0.5
AD-004978,2026-09-29 06:45:27,30.44,6.62,4.859,92.2,Good,9.0,13.3
AD-004979,2026-09-29 06:52:55,22.56,5.15,5.739,1.3,Spoiled,0.0,99.5
AD-004980,2026-09-29 06:55:04,23.06,4.95,5.071,2.8,Spoiled,0.0,99.5
AD-004981,2026-09-29 07:36:53,8.75,6.82,3.132,85.7,Good,69.5,0.5
AD-004982,2026-09-29 07:46:43,17.12,5.31,4.598,0.8,Spoiled,0.0,99.5
AD-004983,2026-09-29 08:02:57,11.75,6.73,3.069,36.3,Poor,9.0,35.0
AD-004984,2026-09-29 08:11:14,16.31,6.75,3.422,73.6,Acceptable,19.0,0.5
AD-004985,2026-09-29 08:17:21,12.69,6.8,2.897,69.2,Acceptable,29.5,0.5
AD-004986,2026-09-29 08:46:07,22.31,4.87,4.935,3.7,Spoiled,0.0,99.5
AD-004987,2026-09-29 09:23:13,27.06,6.57,4.823,38.4,Poor,2.0,98.3
AD-004988,2026-09-29 09:28:24,37.38,6.59,5.809,95.6,Good,7.0,34.7
AD-004989,2026-09-29 17:09:02,35.38,6.48,5.061,64.1,Acceptable,5.0,73.3
AD-004990,2026-09-29 18:17:00,27.0,5.04,5.324,1.1,Spoiled,0.0,99.5
AD-004991,2026-09-29 19:13:07,33.44,4.94,6.376,0.6,Spoiled,0.0,99.5
AD-004992,2026-09-30 05:59:58,13.06,6.82,3.735,66.3,Acceptable,25.5,0.5
AD-004993,2026-09-30 07:23:46,14.12,6.69,3.185,94.2,Good,36.0,0.5
AD-004994,2026-09-30 09:08:04,33.75,6.6,5.258,69.8,Acceptable,5.0,64.3
AD-004995,2026-09-30 09:26:31,33.12,6.63,5.646,96.7,Good,8.5,16.7
AD-004996,2026-09-30 16:00:50,10.56,6.75,3.175,78.6,Good,48.5,0.5
AD-004997,2026-09-30 16:10:44,23.25,6.59,4.469,46.4,Poor,5.0,68.0
AD-004998,2026-09-30 16:33:07,18.44,6.68,3.701,58.8,Acceptable,10.5,10.7
AD-004999,2026-09-30 18:24:14,10.0,6.94,3.004,98.8,Good,73.0,0.5
AD-005000,2026-09-30 18:40:00,17.19,6.6,3.894,61.0,Acceptable,14.0,2.7
