sample_id,collection_timestamp,temperature_c,ph,ec_ms_cm,tds_ppm,adulteration_detected,adulteration_type
M2_00001,2026-01-01 05:42:23,25.06,6.66,4.791,2467,No,None
M2_00002,2026-01-01 05:52:24,33.94,6.65,5.463,2430,No,None
M2_00003,2026-01-01 06:27:53,32.69,6.64,5.636,2674,Yes,Sugar
M2_00004,2026-01-01 06:33:24,24.88,6.68,4.498,2189,Yes,Urea
M2_00005,2026-01-01 06:47:12,24.44,6.53,4.569,2325,No,None
M2_00006,2026-01-01 06:53:52,17.06,6.67,3.906,2108,No,None
M2_00007,2026-01-01 06:56:23,21.44,6.68,4.313,2573,No,None
M2_00008,2026-01-01 07:02:54,20.75,6.66,3.976,2218,No,None
M2_00009,2026-01-01 07:13:33,17.94,6.81,4.196,2588,Yes,Water
M2_00010,2026-01-01 07:22:00,35.31,6.54,5.546,2213,Yes,Water
M2_00011,2026-01-01 07:28:15,14.75,6.94,4.407,2823,No,None
M2_00012,2026-01-01 07:45:08,28.94,6.81,4.941,2180,Yes,Water
M2_00013,2026-01-01 08:57:34,13.0,6.68,3.552,2469,No,None
M2_00014,2026-01-01 09:07:24,28.0,6.61,5.042,2463,Yes,Sugar
M2_00015,2026-01-01 09:22:41,23.19,6.79,4.999,2586,No,None
M2_00016,2026-01-01 09:48:50,15.0,6.79,2.936,1973,Yes,Sugar
M2_00017,2026-01-01 16:25:51,22.06,6.7,3.988,2116,No,None
M2_00018,2026-01-01 17:00:46,16.44,6.75,3.771,2372,Yes,Salt
M2_00019,2026-01-01 19:14:45,13.94,6.87,3.782,2335,No,None
M2_00020,2026-01-02 05:36:05,34.0,6.83,5.847,2399,Yes,Urea
M2_00021,2026-01-02 05:58:34,28.5,6.7,5.239,2391,No,None
M2_00022,2026-01-02 06:15:03,6.88,6.82,3.548,2655,Yes,Salt
M2_00023,2026-01-02 06:39:38,11.75,6.86,2.211,1436,Yes,Water
M2_00024,2026-01-02 07:08:04,8.0,6.78,2.148,1662,Yes,Water
M2_00025,2026-01-02 07:12:34,32.75,6.55,5.008,2407,Yes,Sugar
M2_00026,2026-01-02 08:52:46,14.38,6.81,2.953,1878,No,None
M2_00027,2026-01-02 08:57:17,21.88,6.82,4.183,2363,Yes,Urea
M2_00028,2026-01-02 12:45:07,35.56,6.72,7.107,3017,Yes,Sugar
M2_00029,2026-01-02 15:11:23,31.31,6.74,4.438,1897,Yes,Water
M2_00030,2026-01-02 16:12:46,29.31,6.76,5.371,2699,No,None
M2_00031,2026-01-02 16:13:22,27.0,6.83,4.699,2464,Yes,Urea
M2_00032,2026-01-02 16:15:29,8.75,6.81,3.453,2515,No,None
M2_00033,2026-01-02 16:56:30,27.5,6.73,4.239,2222,Yes,Water
M2_00034,2026-01-02 17:01:08,33.0,6.76,4.756,2070,Yes,Water
M2_00035,2026-01-02 17:47:59,29.94,6.4,5.17,2498,No,None
M2_00036,2026-01-03 06:21:21,28.31,6.71,4.542,2228,No,None
M2_00037,2026-01-03 06:30:29,11.94,6.94,2.662,1591,Yes,Water
M2_00038,2026-01-03 06:49:48,14.69,6.79,3.543,2283,No,None
M2_00039,2026-01-03 06:59:56,6.94,6.86,2.43,1862,No,None
M2_00040,2026-01-03 07:23:22,14.0,6.66,3.777,2435,No,None
M2_00041,2026-01-03 07:30:20,38.75,6.66,6.031,2386,Yes,Water
M2_00042,2026-01-03 07:40:36,28.69,6.62,5.316,2445,No,None
M2_00043,2026-01-03 08:02:20,15.25,6.72,3.586,2128,No,None
M2_00044,2026-01-03 08:28:39,20.0,6.42,4.77,2536,Yes,Salt
M2_00045,2026-01-03 08:44:19,5.88,6.86,2.146,1995,Yes,Sugar
M2_00046,2026-01-03 09:16:41,20.94,6.79,3.851,2222,Yes,Water
M2_00047,2026-01-03 16:37:24,9.88,6.7,2.42,1786,Yes,Water
M2_00048,2026-01-03 17:18:02,17.81,6.79,3.544,2301,Yes,Urea
M2_00049,2026-01-03 17:30:36,31.81,6.59,4.948,2198,Yes,Sugar
M2_00050,2026-01-03 18:03:17,33.5,6.65,5.097,2294,No,None
M2_00051,2026-01-03 18:43:48,26.06,6.73,4.521,2057,Yes,Water
M2_00052,2026-01-03 18:44:51,24.25,6.77,4.173,2137,Yes,Sugar
M2_00053,2026-01-03 19:25:56,20.25,6.85,4.196,2450,No,None
M2_00054,2026-01-04 06:04:53,18.25,6.81,3.615,2311,No,None
M2_00055,2026-01-04 06:32:37,31.25,6.45,5.11,2600,Yes,Sugar
M2_00056,2026-01-04 06:37:03,22.75,6.89,5.204,2776,Yes,Urea
M2_00057,2026-01-04 07:07:43,28.31,6.72,4.016,1924,Yes,Water
M2_00058,2026-01-04 07:10:36,18.06,6.75,4.213,2563,Yes,Urea
M2_00059,2026-01-04 07:22:06,38.88,6.45,9.308,3647,Yes,Salt
M2_00060,2026-01-04 08:07:17,17.06,6.72,3.705,2306,No,None
M2_00061,2026-01-04 08:57:20,29.75,6.67,4.982,2458,Yes,Sugar
M2_00062,2026-01-04 09:03:39,3.62,7.03,1.871,1626,No,None
M2_00063,2026-01-04 09:07:24,21.12,6.7,4.119,2253,Yes,Water
M2_00064,2026-01-04 10:00:11,29.88,6.43,4.807,2244,No,None
M2_00065,2026-01-04 17:13:49,30.5,6.49,5.405,2653,Yes,Sugar
M2_00066,2026-01-04 18:30:52,31.62,6.69,4.554,2091,No,None
M2_00067,2026-01-04 18:52:18,27.56,6.55,6.863,2997,No,None
M2_00068,2026-01-04 19:12:51,20.19,6.81,4.351,2227,No,None
M2_00069,2026-01-05 05:36:50,28.88,6.66,6.768,2989,No,None
M2_00070,2026-01-05 06:16:35,39.0,6.68,5.773,2385,Yes,Urea
M2_00071,2026-01-05 06:24:29,40.19,6.45,6.09,2398,No,None
M2_00072,2026-01-05 06:33:33,16.81,6.95,4.431,2571,Yes,Urea
M2_00073,2026-01-05 06:42:10,33.88,6.57,6.021,2644,No,None
M2_00074,2026-01-05 07:03:20,26.0,6.62,4.726,2293,No,None
M2_00075,2026-01-05 07:18:06,9.5,6.81,2.784,2208,Yes,Water
M2_00076,2026-01-05 07:37:03,33.81,6.47,5.47,2393,No,None
M2_00077,2026-01-05 07:40:19,19.44,6.74,3.805,2156,No,None
M2_00078,2026-01-05 07:40:50,27.75,6.76,5.245,2394,No,None
M2_00079,2026-01-05 08:02:34,14.0,6.65,3.159,2095,No,None
M2_00080,2026-01-05 08:04:00,15.31,6.67,3.818,2388,No,None
M2_00081,2026-01-05 09:18:30,12.31,6.72,3.31,2249,No,None
M2_00082,2026-01-05 17:05:22,10.12,6.93,2.934,2251,Yes,Sugar
M2_00083,2026-01-05 17:08:59,14.56,6.9,2.335,1424,Yes,Water
M2_00084,2026-01-05 17:52:52,4.88,6.78,2.24,2051,No,None
M2_00085,2026-01-05 18:22:05,24.88,6.74,4.877,2536,Yes,Sugar
M2_00086,2026-01-05 18:51:33,22.12,6.69,4.617,2473,No,None
M2_00087,2026-01-05 19:24:58,22.31,6.6,3.794,2138,Yes,Water
M2_00088,2026-01-05 23:07:31,40.44,6.5,6.57,2460,Yes,Urea
M2_00089,2026-01-06 05:52:32,19.19,6.99,4.293,2534,Yes,Urea
M2_00090,2026-01-06 05:57:49,27.0,6.62,4.507,2345,Yes,Sugar
M2_00091,2026-01-06 06:13:36,12.88,6.86,4.26,2728,No,None
M2_00092,2026-01-06 06:32:35,28.44,6.58,6.634,3024,Yes,Salt
M2_00093,2026-01-06 06:42:09,24.81,6.91,4.361,2387,No,None
M2_00094,2026-01-06 06:44:09,13.0,6.98,4.148,2630,No,None
M2_00095,2026-01-06 07:13:03,20.69,6.75,3.955,2060,No,None
M2_00096,2026-01-06 07:43:09,29.38,6.71,9.209,4644,Yes,Salt
M2_00097,2026-01-06 08:46:05,26.0,7.04,5.01,2192,Yes,Urea
M2_00098,2026-01-06 08:53:36,9.94,6.79,2.718,2176,Yes,Water
M2_00099,2026-01-06 09:09:21,13.31,6.91,2.706,1724,Yes,Water
M2_00100,2026-01-06 17:03:41,8.5,6.82,3.379,2352,No,None
M2_00101,2026-01-06 18:07:10,24.19,6.85,5.068,3028,Yes,Sugar
M2_00102,2026-01-07 05:37:54,39.75,6.59,5.347,2024,Yes,Water
M2_00103,2026-01-07 05:44:38,15.44,6.93,3.564,2364,Yes,Urea
M2_00104,2026-01-07 06:10:13,8.88,6.81,2.782,1903,No,None
M2_00105,2026-01-07 06:12:22,29.88,6.85,4.253,1994,Yes,Sugar
M2_00106,2026-01-07 06:13:25,25.25,6.63,4.493,2350,Yes,Sugar
M2_00107,2026-01-07 07:00:07,24.38,6.79,5.114,2665,No,None
M2_00108,2026-01-07 07:03:43,6.88,6.86,2.607,2029,No,None
M2_00109,2026-01-07 07:10:02,39.88,6.53,6.171,2281,Yes,Sugar
M2_00110,2026-01-07 07:22:11,20.56,6.62,4.57,2283,No,None
M2_00111,2026-01-07 07:36:54,12.5,6.89,4.618,3148,Yes,Salt
M2_00112,2026-01-07 07:52:04,8.25,6.83,2.484,1862,Yes,Water
M2_00113,2026-01-07 08:44:56,25.31,6.69,4.864,2682,No,None
M2_00114,2026-01-07 16:00:42,9.94,6.86,3.264,2408,Yes,Salt
M2_00115,2026-01-07 16:19:08,26.12,6.7,4.103,2092,No,None
M2_00116,2026-01-07 16:25:00,28.25,6.7,4.035,2023,Yes,Water
M2_00117,2026-01-08 06:40:51,8.69,6.73,2.917,2188,Yes,Urea
M2_00118,2026-01-08 06:49:06,23.25,6.63,4.597,2555,Yes,Sugar
M2_00119,2026-01-08 07:02:52,32.12,6.72,5.684,2360,Yes,Water
M2_00120,2026-01-08 07:10:13,31.06,6.62,8.066,3700,Yes,Salt
M2_00121,2026-01-08 07:20:39,25.81,6.59,6.961,3395,Yes,Salt
M2_00122,2026-01-08 07:26:27,15.12,6.74,3.402,2175,Yes,Water
M2_00123,2026-01-08 07:31:17,2.94,6.8,1.87,1751,Yes,Water
M2_00124,2026-01-08 07:36:43,25.81,6.49,5.147,2429,No,None
M2_00125,2026-01-08 08:07:47,25.94,6.71,5.346,2886,Yes,Salt
M2_00126,2026-01-08 08:23:28,40.0,6.49,7.598,2728,Yes,Salt
M2_00127,2026-01-08 08:46:18,37.94,6.56,5.763,2520,Yes,Sugar
M2_00128,2026-01-08 08:46:21,22.0,6.81,3.722,2168,Yes,Water
M2_00129,2026-01-08 08:52:51,18.75,6.76,4.493,2501,No,None
M2_00130,2026-01-08 09:12:41,19.94,6.72,4.417,2424,No,None
M2_00131,2026-01-08 09:23:07,34.88,6.85,4.926,2255,Yes,Water
M2_00132,2026-01-08 16:09:51,24.88,6.69,3.654,1816,Yes,Water
M2_00133,2026-01-08 16:10:03,17.5,6.85,4.206,2469,Yes,Water
M2_00134,2026-01-08 16:19:46,12.38,6.79,1.842,1366,Yes,Water
M2_00135,2026-01-08 17:03:57,28.12,6.69,4.677,2154,No,None
M2_00136,2026-01-08 17:54:49,35.19,6.62,5.4,2087,No,None
M2_00137,2026-01-08 18:41:06,10.31,6.78,3.106,2207,No,None
M2_00138,2026-01-08 18:45:52,22.12,6.58,5.397,2821,Yes,Salt
M2_00139,2026-01-08 19:08:20,12.69,6.77,3.327,2159,Yes,Urea
M2_00140,2026-01-08 19:09:20,30.12,6.86,4.642,2003,Yes,Urea
M2_00141,2026-01-09 06:28:05,12.06,6.62,3.119,2143,No,None
M2_00142,2026-01-09 06:35:01,25.75,6.76,5.166,2369,No,None
M2_00143,2026-01-09 06:46:49,30.44,6.55,8.183,4060,Yes,Salt
M2_00144,2026-01-09 06:56:56,14.5,6.95,2.817,1903,Yes,Water
M2_00145,2026-01-09 07:10:36,22.38,6.52,4.111,2185,No,None
M2_00146,2026-01-09 07:25:45,24.12,6.75,7.598,4295,Yes,Salt
M2_00147,2026-01-09 07:32:50,19.88,6.66,3.624,2085,Yes,Sugar
M2_00148,2026-01-09 07:53:40,30.19,6.68,5.997,2640,Yes,Sugar
M2_00149,2026-01-09 07:56:10,15.25,6.75,3.504,2266,No,None
M2_00150,2026-01-09 08:16:47,23.5,6.67,6.15,3501,Yes,Salt
M2_00151,2026-01-09 08:18:46,35.5,6.69,8.154,3182,Yes,Salt
M2_00152,2026-01-09 08:46:14,26.81,6.6,4.623,2412,No,None
M2_00153,2026-01-09 08:57:43,26.25,6.38,4.658,2177,No,None
M2_00154,2026-01-09 09:05:59,27.19,6.46,5.43,2608,Yes,Sugar
M2_00155,2026-01-09 18:08:06,27.31,6.67,5.595,2667,No,None
M2_00156,2026-01-09 18:31:25,20.56,6.73,4.152,2317,No,None
M2_00157,2026-01-09 18:42:36,24.38,6.59,4.841,2320,No,None
M2_00158,2026-01-09 19:12:52,30.69,6.56,6.877,3390,Yes,Salt
M2_00159,2026-01-10 05:34:20,18.0,6.86,3.944,2546,Yes,Sugar
M2_00160,2026-01-10 05:43:04,19.12,6.81,4.469,2596,No,None
M2_00161,2026-01-10 05:47:07,35.75,6.52,6.011,2500,No,None
M2_00162,2026-01-10 07:14:09,30.06,6.59,5.232,2263,No,None
M2_00163,2026-01-10 07:32:14,22.56,6.69,5.601,3187,No,None
M2_00164,2026-01-10 07:35:24,28.88,6.66,4.742,2300,No,None
M2_00165,2026-01-10 08:00:20,22.81,6.67,4.283,2435,No,None
M2_00166,2026-01-10 08:01:20,26.69,6.7,4.903,2197,Yes,Urea
M2_00167,2026-01-10 08:10:02,36.44,6.74,5.217,2202,Yes,Water
M2_00168,2026-01-10 08:27:24,17.31,6.8,5.883,3439,Yes,Salt
M2_00169,2026-01-10 08:54:16,19.5,6.72,6.315,3575,Yes,Salt
M2_00170,2026-01-10 09:03:08,26.38,6.73,4.636,2344,No,None
M2_00171,2026-01-10 09:12:21,14.0,6.76,3.033,2170,No,None
M2_00172,2026-01-10 09:15:43,16.56,6.85,3.97,2198,Yes,Water
M2_00173,2026-01-10 09:21:46,18.56,6.67,4.316,2445,Yes,Salt
M2_00174,2026-01-10 17:25:34,22.06,6.67,5.579,2935,Yes,Salt
M2_00175,2026-01-10 17:39:08,19.0,6.89,2.799,1548,Yes,Water
M2_00176,2026-01-10 18:14:53,17.5,6.8,4.068,2217,No,None
M2_00177,2026-01-10 18:36:23,36.56,6.65,5.834,2362,Yes,Water
M2_00178,2026-01-10 19:17:59,25.5,6.75,4.18,2125,Yes,Water
M2_00179,2026-01-10 19:29:25,24.5,6.74,4.384,2224,No,None
M2_00180,2026-01-11 05:58:39,34.38,6.51,12.083,5321,Yes,Salt
M2_00181,2026-01-11 06:11:15,11.81,6.85,3.372,2191,No,None
M2_00182,2026-01-11 06:39:07,28.0,6.6,5.104,2617,Yes,Water
M2_00183,2026-01-11 06:42:07,13.31,6.85,2.888,1966,No,None
M2_00184,2026-01-11 07:40:46,23.44,6.61,4.272,2368,Yes,Sugar
M2_00185,2026-01-11 07:53:41,23.88,6.68,4.818,2720,Yes,Sugar
M2_00186,2026-01-11 08:04:27,21.75,6.65,6.127,3302,Yes,Salt
M2_00187,2026-01-11 08:57:34,2.75,6.88,2.082,1919,Yes,Sugar
M2_00188,2026-01-11 09:07:11,29.62,6.46,4.887,2287,Yes,Water
M2_00189,2026-01-11 09:13:15,21.0,6.59,6.54,3627,Yes,Salt
M2_00190,2026-01-11 09:24:12,27.94,6.59,5.193,2620,No,None
M2_00191,2026-01-11 09:29:59,23.69,6.58,7.107,3679,Yes,Salt
M2_00192,2026-01-11 13:07:31,26.44,6.53,4.824,2502,Yes,Water
M2_00193,2026-01-11 16:23:41,25.12,6.53,4.737,2498,Yes,Sugar
M2_00194,2026-01-11 16:56:08,37.94,6.65,9.258,3727,Yes,Salt
M2_00195,2026-01-11 16:56:58,32.25,6.54,4.973,2199,Yes,Salt
M2_00196,2026-01-11 17:36:17,28.69,6.64,3.683,1655,Yes,Water
M2_00197,2026-01-11 18:16:17,21.5,6.79,4.919,2851,Yes,Salt
M2_00198,2026-01-11 18:35:59,37.31,6.54,6.51,2480,Yes,Salt
M2_00199,2026-01-11 18:54:36,8.56,6.88,3.145,2336,Yes,Water
M2_00200,2026-01-11 19:27:15,13.38,6.7,3.379,2300,No,None
M2_00201,2026-01-11 22:20:49,12.25,7.03,3.661,2511,No,None
M2_00202,2026-01-12 06:17:07,18.25,6.84,3.795,2173,Yes,Water
M2_00203,2026-01-12 06:43:48,31.0,6.41,5.518,2742,Yes,Sugar
M2_00204,2026-01-12 06:51:31,15.38,6.78,4.712,2696,Yes,Salt
M2_00205,2026-01-12 07:28:45,24.75,6.69,5.105,2553,No,None
M2_00206,2026-01-12 08:09:39,23.56,6.61,3.915,1945,No,None
M2_00207,2026-01-12 08:11:25,24.25,6.74,4.383,2229,Yes,Urea
M2_00208,2026-01-12 09:15:16,32.06,6.78,4.845,2163,No,None
M2_00209,2026-01-12 16:12:30,27.5,6.64,6.98,3338,Yes,Salt
M2_00210,2026-01-12 16:16:44,18.69,6.77,3.589,1895,Yes,Water
M2_00211,2026-01-12 16:17:04,26.5,6.53,4.512,2377,Yes,Sugar
M2_00212,2026-01-12 17:13:41,26.94,6.78,5.05,2149,Yes,Urea
M2_00213,2026-01-12 17:35:33,11.31,6.81,3.343,2323,Yes,Urea
M2_00214,2026-01-12 18:41:52,18.62,6.68,4.904,3165,Yes,Salt
M2_00215,2026-01-12 18:42:01,25.31,6.59,5.204,2382,No,None
M2_00216,2026-01-12 19:26:55,14.0,6.7,3.0,2102,No,None
M2_00217,2026-01-13 05:45:22,21.19,6.85,3.949,2315,Yes,Urea
M2_00218,2026-01-13 05:55:57,12.94,6.73,3.476,2258,Yes,Salt
M2_00219,2026-01-13 06:04:33,14.19,6.66,3.63,2444,No,None
M2_00220,2026-01-13 07:05:03,20.88,6.63,4.783,2501,Yes,Water
M2_00221,2026-01-13 07:15:16,19.12,6.78,4.279,2523,No,None
M2_00222,2026-01-13 07:18:41,30.31,6.67,6.831,3445,Yes,Salt
M2_00223,2026-01-13 07:33:54,26.62,6.71,5.0,2474,Yes,Water
M2_00224,2026-01-13 07:35:17,31.38,6.58,5.291,2285,No,None
M2_00225,2026-01-13 07:37:10,29.38,6.55,5.456,2537,No,None
M2_00226,2026-01-13 08:15:09,8.88,6.84,3.054,2290,Yes,Salt
M2_00227,2026-01-13 08:28:22,28.38,6.77,4.185,2131,Yes,Urea
M2_00228,2026-01-13 08:43:12,33.38,6.56,4.516,2110,Yes,Water
M2_00229,2026-01-13 09:08:26,16.69,6.84,2.177,1321,Yes,Water
M2_00230,2026-01-13 09:16:50,24.25,6.57,4.514,2193,No,None
M2_00231,2026-01-13 09:47:41,9.62,6.67,2.43,1829,Yes,Sugar
M2_00232,2026-01-13 17:32:40,17.56,6.91,3.378,2146,Yes,Water
M2_00233,2026-01-13 18:37:51,17.12,6.64,6.441,3485,Yes,Salt
M2_00234,2026-01-13 19:26:46,14.88,6.81,3.792,2276,No,None
M2_00235,2026-01-14 05:32:31,20.94,6.62,4.032,2291,No,None
M2_00236,2026-01-14 05:58:01,24.69,6.54,4.845,2345,Yes,Water
M2_00237,2026-01-14 06:02:14,25.25,6.73,4.695,2256,No,None
M2_00238,2026-01-14 06:02:25,26.12,6.64,4.667,2380,Yes,Sugar
M2_00239,2026-01-14 06:08:32,24.5,6.8,4.533,2459,No,None
M2_00240,2026-01-14 06:10:19,20.88,6.8,4.291,2307,Yes,Water
M2_00241,2026-01-14 06:11:53,17.06,6.74,8.465,5168,Yes,Salt
M2_00242,2026-01-14 06:18:36,24.38,6.69,5.401,2528,No,None
M2_00243,2026-01-14 06:19:59,11.5,6.86,2.935,1956,No,None
M2_00244,2026-01-14 06:31:31,16.12,6.85,3.509,2261,Yes,Urea
M2_00245,2026-01-14 07:01:37,11.06,6.84,3.665,2553,No,None
M2_00246,2026-01-14 07:18:58,13.31,6.95,3.272,2221,No,None
M2_00247,2026-01-14 07:19:48,21.88,6.82,7.217,3625,Yes,Salt
M2_00248,2026-01-14 07:57:10,12.81,6.8,2.452,1784,Yes,Water
M2_00249,2026-01-14 08:05:49,21.25,6.61,4.917,2652,No,None
M2_00250,2026-01-14 08:10:51,11.81,6.64,5.033,3353,Yes,Salt
M2_00251,2026-01-14 08:38:47,11.12,6.84,3.218,2103,No,None
M2_00252,2026-01-14 09:11:01,22.38,6.77,3.63,1970,Yes,Water
M2_00253,2026-01-14 09:15:57,29.38,6.82,4.672,2123,Yes,Urea
M2_00254,2026-01-14 09:28:16,25.56,6.71,4.37,2229,No,None
M2_00255,2026-01-14 17:00:28,11.06,6.69,3.031,2174,Yes,Urea
M2_00256,2026-01-14 18:22:33,32.56,6.34,5.625,2487,No,None
M2_00257,2026-01-14 18:25:50,28.38,6.89,2.975,1334,Yes,Water
M2_00258,2026-01-14 18:32:37,11.88,6.81,2.405,1741,Yes,Water
M2_00259,2026-01-15 02:23:06,24.69,6.65,6.317,3089,Yes,Salt
M2_00260,2026-01-15 05:42:10,28.31,6.68,6.365,3100,Yes,Salt
M2_00261,2026-01-15 05:53:16,11.62,6.76,3.558,2239,No,None
M2_00262,2026-01-15 06:19:03,18.12,6.91,4.286,2502,Yes,Urea
M2_00263,2026-01-15 06:29:29,12.0,6.84,3.324,2320,No,None
M2_00264,2026-01-15 06:41:20,22.0,6.74,4.701,2634,No,None
M2_00265,2026-01-15 06:54:22,23.19,6.96,4.417,2359,Yes,Urea
M2_00266,2026-01-15 06:57:25,29.25,6.9,2.956,1468,Yes,Water
M2_00267,2026-01-15 07:35:55,26.44,6.73,4.673,2403,No,None
M2_00268,2026-01-15 07:36:57,12.25,7.03,3.459,2218,Yes,Urea
M2_00269,2026-01-15 08:21:33,31.19,6.88,5.887,2557,Yes,Urea
M2_00270,2026-01-15 08:31:54,24.75,6.61,4.985,2581,Yes,Water
M2_00271,2026-01-15 09:07:54,25.62,6.47,4.53,2189,No,None
M2_00272,2026-01-15 15:09:58,32.62,6.84,5.896,2599,Yes,Urea
M2_00273,2026-01-15 16:33:51,27.5,6.66,6.213,2794,No,None
M2_00274,2026-01-15 16:41:23,31.69,6.62,5.778,2440,No,None
M2_00275,2026-01-15 16:55:58,19.81,6.67,4.271,2290,No,None
M2_00276,2026-01-15 17:29:30,34.19,6.31,5.218,2192,Yes,Water
M2_00277,2026-01-15 17:34:32,27.12,6.68,4.642,2272,No,None
M2_00278,2026-01-15 17:52:11,14.25,6.72,3.911,2595,Yes,Salt
M2_00279,2026-01-15 18:45:57,12.75,6.71,3.69,2305,No,None
M2_00280,2026-01-16 06:08:46,17.19,6.84,3.758,2342,No,None
M2_00281,2026-01-16 06:20:27,22.56,6.72,4.456,2435,No,None
M2_00282,2026-01-16 06:26:02,11.06,6.88,2.015,1379,Yes,Water
M2_00283,2026-01-16 06:47:30,8.31,7.1,2.281,1785,Yes,Water
M2_00284,2026-01-16 06:52:25,29.62,6.65,4.992,2379,No,None
M2_00285,2026-01-16 06:58:23,20.62,6.62,6.042,3329,Yes,Salt
M2_00286,2026-01-16 07:06:05,24.94,6.7,4.683,2374,No,None
M2_00287,2026-01-16 08:12:45,28.56,6.57,6.742,3037,Yes,Salt
M2_00288,2026-01-16 09:24:36,21.44,6.79,4.221,2244,No,None
M2_00289,2026-01-16 17:55:38,23.19,6.98,4.507,2433,Yes,Urea
M2_00290,2026-01-16 18:38:26,29.62,6.68,6.81,3052,Yes,Salt
M2_00291,2026-01-16 18:48:12,27.56,6.65,4.826,2233,Yes,Urea
M2_00292,2026-01-16 18:58:17,22.62,6.73,4.34,2339,No,None
M2_00293,2026-01-16 19:16:40,30.06,6.54,6.565,3054,Yes,Salt
M2_00294,2026-01-16 19:17:53,27.69,6.54,5.021,2619,No,None
M2_00295,2026-01-17 05:31:34,34.5,6.65,5.352,2414,No,None
M2_00296,2026-01-17 05:46:24,38.06,6.62,5.783,2487,Yes,Sugar
M2_00297,2026-01-17 06:00:55,28.69,6.73,4.466,2212,No,None
M2_00298,2026-01-17 07:16:42,27.81,6.73,3.327,1589,Yes,Water
M2_00299,2026-01-17 07:42:53,22.5,6.64,4.483,2480,No,None
M2_00300,2026-01-17 08:34:10,23.25,6.73,7.395,3829,Yes,Salt
M2_00301,2026-01-17 09:07:31,22.56,6.52,4.15,2358,Yes,Sugar
M2_00302,2026-01-17 09:17:30,15.62,6.9,3.247,1946,Yes,Sugar
M2_00303,2026-01-17 09:20:36,23.88,6.51,4.735,2517,No,None
M2_00304,2026-01-17 17:35:26,18.94,6.71,4.404,2693,No,None
M2_00305,2026-01-17 17:47:06,25.94,6.64,4.555,2334,No,None
M2_00306,2026-01-17 19:29:48,22.75,6.65,4.062,2241,Yes,Sugar
M2_00307,2026-01-18 05:51:40,34.69,6.65,4.772,1824,Yes,Water
M2_00308,2026-01-18 05:59:55,34.06,6.49,5.679,2623,No,None
M2_00309,2026-01-18 06:52:57,24.69,6.75,4.135,2354,Yes,Sugar
M2_00310,2026-01-18 07:15:24,28.75,6.59,4.358,2076,Yes,Water
M2_00311,2026-01-18 07:37:16,29.88,6.59,2.928,1275,Yes,Water
M2_00312,2026-01-18 07:55:20,20.81,6.69,4.314,2500,No,None
M2_00313,2026-01-18 09:16:39,28.81,6.68,4.477,2173,Yes,Water
M2_00314,2026-01-18 09:25:24,18.81,6.85,5.549,3206,No,None
M2_00315,2026-01-18 09:27:18,29.88,6.6,5.212,2418,No,None
M2_00316,2026-01-18 09:29:05,26.38,6.62,5.204,2476,Yes,Salt
M2_00317,2026-01-18 10:02:28,13.38,6.78,3.386,2058,No,None
M2_00318,2026-01-18 16:06:34,31.5,6.62,5.668,2776,Yes,Water
M2_00319,2026-01-18 16:10:03,15.88,6.89,3.577,2166,No,None
M2_00320,2026-01-18 17:01:50,21.19,6.78,7.92,4488,Yes,Salt
M2_00321,2026-01-18 17:24:21,28.06,6.71,3.546,1850,Yes,Water
M2_00322,2026-01-18 17:32:09,39.44,6.6,8.214,3075,Yes,Salt
M2_00323,2026-01-18 18:31:39,24.69,6.48,4.369,2286,No,None
M2_00324,2026-01-18 19:08:09,23.44,6.73,4.75,2108,Yes,Urea
M2_00325,2026-01-18 19:17:21,21.88,6.87,2.479,1430,Yes,Water
M2_00326,2026-01-18 19:18:05,33.81,6.61,5.525,2498,Yes,Water
M2_00327,2026-01-18 19:22:23,11.94,7.01,1.884,1304,Yes,Water
M2_00328,2026-01-18 19:22:57,25.94,6.59,4.582,2121,No,None
M2_00329,2026-01-18 19:26:58,29.5,6.77,4.93,2264,Yes,Water
M2_00330,2026-01-19 05:40:53,7.25,6.83,2.217,1915,Yes,Sugar
M2_00331,2026-01-19 05:41:05,37.19,6.61,5.689,2327,Yes,Urea
M2_00332,2026-01-19 06:31:22,17.31,6.81,4.238,2620,No,None
M2_00333,2026-01-19 06:35:07,25.5,6.84,5.052,2465,Yes,Urea
M2_00334,2026-01-19 06:41:05,28.44,6.82,4.817,2293,Yes,Sugar
M2_00335,2026-01-19 06:44:32,21.56,6.69,2.907,1409,Yes,Water
M2_00336,2026-01-19 07:47:44,30.94,6.74,6.529,3013,No,None
M2_00337,2026-01-19 07:50:48,17.62,6.76,3.757,2194,Yes,Water
M2_00338,2026-01-19 08:42:14,15.38,6.72,3.51,2122,No,None
M2_00339,2026-01-19 09:24:49,2.88,6.83,2.589,2415,Yes,Salt
M2_00340,2026-01-19 16:13:59,24.06,6.7,4.964,2574,Yes,Salt
M2_00341,2026-01-19 16:48:28,18.0,6.61,3.591,2083,Yes,Water
M2_00342,2026-01-19 16:56:22,32.56,6.67,5.613,2392,No,None
M2_00343,2026-01-19 17:06:42,17.31,6.7,4.201,2371,No,None
M2_00344,2026-01-19 17:35:13,23.25,6.69,4.148,2223,Yes,Sugar
M2_00345,2026-01-19 17:50:27,14.12,7.14,3.755,2667,No,None
M2_00346,2026-01-19 18:12:08,35.44,6.79,6.145,2631,Yes,Urea
M2_00347,2026-01-19 18:22:17,30.0,6.8,4.958,2295,Yes,Urea
M2_00348,2026-01-19 18:50:56,30.94,6.7,5.992,2664,No,None
M2_00349,2026-01-20 05:35:28,29.75,6.49,6.48,3113,Yes,Salt
M2_00350,2026-01-20 05:46:43,28.81,6.61,5.672,2786,No,None
M2_00351,2026-01-20 05:49:31,33.19,6.78,5.816,2959,Yes,Sugar
M2_00352,2026-01-20 05:54:25,30.38,6.65,5.914,2678,Yes,Sugar
M2_00353,2026-01-20 05:56:39,35.12,6.45,6.081,2561,Yes,Water
M2_00354,2026-01-20 06:06:42,33.25,6.58,4.291,1776,Yes,Water
M2_00355,2026-01-20 07:06:39,21.44,6.82,4.039,2298,No,None
M2_00356,2026-01-20 07:43:36,24.81,6.67,4.397,2237,No,None
M2_00357,2026-01-20 08:27:43,28.81,6.67,8.454,4304,Yes,Salt
M2_00358,2026-01-20 09:05:24,29.94,6.73,4.722,2255,Yes,Water
M2_00359,2026-01-20 16:43:41,40.0,6.69,5.792,2241,Yes,Urea
M2_00360,2026-01-20 16:56:47,18.31,6.77,4.004,2146,No,None
M2_00361,2026-01-20 17:28:16,6.81,6.81,2.882,2243,No,None
M2_00362,2026-01-20 17:57:02,28.56,6.66,4.4,2030,Yes,Water
M2_00363,2026-01-21 03:11:31,10.5,6.91,3.582,2461,No,None
M2_00364,2026-01-21 05:33:06,31.12,6.53,5.256,2336,Yes,Sugar
M2_00365,2026-01-21 06:18:46,24.5,6.86,5.374,2727,Yes,Sugar
M2_00366,2026-01-21 06:32:52,25.0,6.67,4.612,2376,Yes,Water
M2_00367,2026-01-21 06:41:58,31.06,6.6,5.109,2208,No,None
M2_00368,2026-01-21 06:58:55,39.94,6.33,6.198,2337,No,None
M2_00369,2026-01-21 07:27:23,23.5,6.92,4.419,2205,Yes,Urea
M2_00370,2026-01-21 07:52:14,27.94,6.84,5.322,2540,Yes,Urea
M2_00371,2026-01-21 08:02:32,12.44,6.9,2.26,1602,Yes,Water
M2_00372,2026-01-21 08:23:16,29.94,6.76,5.159,2379,No,None
M2_00373,2026-01-21 08:26:55,11.0,6.77,3.077,2192,Yes,Sugar
M2_00374,2026-01-21 08:54:30,13.81,6.72,3.009,1948,No,None
M2_00375,2026-01-21 08:56:50,7.81,6.84,2.531,1927,No,None
M2_00376,2026-01-21 09:21:04,27.19,6.69,4.162,2041,Yes,Water
M2_00377,2026-01-21 16:00:56,22.38,6.67,4.408,2302,Yes,Sugar
M2_00378,2026-01-21 17:32:19,23.81,6.55,4.241,2273,Yes,Water
M2_00379,2026-01-21 17:36:03,14.69,6.72,3.862,2483,No,None
M2_00380,2026-01-22 05:44:18,29.69,6.62,5.074,2249,No,None
M2_00381,2026-01-22 05:51:55,24.69,6.57,4.798,2230,No,None
M2_00382,2026-01-22 05:52:06,20.0,6.89,4.283,2318,No,None
M2_00383,2026-01-22 05:58:30,13.62,6.84,3.326,2374,Yes,Water
M2_00384,2026-01-22 05:59:36,27.56,6.76,7.693,3853,Yes,Salt
M2_00385,2026-01-22 06:21:18,27.06,6.73,4.467,2293,Yes,Water
M2_00386,2026-01-22 06:40:20,27.31,6.61,4.886,2335,No,None
M2_00387,2026-01-22 06:46:30,19.06,6.82,3.574,2093,Yes,Sugar
M2_00388,2026-01-22 06:54:12,14.56,6.92,3.876,2528,Yes,Urea
M2_00389,2026-01-22 07:00:23,23.25,6.71,4.855,2192,Yes,Water
M2_00390,2026-01-22 07:10:52,14.38,6.6,2.683,1599,Yes,Water
M2_00391,2026-01-22 07:12:23,34.62,6.47,5.778,2239,No,None
M2_00392,2026-01-22 07:22:28,34.81,6.43,5.973,2773,Yes,Sugar
M2_00393,2026-01-22 07:50:36,18.56,6.76,4.04,2276,No,None
M2_00394,2026-01-22 08:06:48,14.38,6.66,3.655,2295,Yes,Salt
M2_00395,2026-01-22 09:01:24,14.88,6.88,3.238,2031,Yes,Water
M2_00396,2026-01-22 16:00:54,26.5,6.86,4.351,2049,Yes,Urea
M2_00397,2026-01-22 16:04:15,8.75,6.62,3.021,2188,Yes,Urea
M2_00398,2026-01-22 16:53:54,9.69,6.94,3.058,2218,Yes,Urea
M2_00399,2026-01-22 17:38:24,29.56,6.66,5.504,2772,No,None
M2_00400,2026-01-22 17:59:53,21.38,6.65,4.149,2306,No,None
M2_00401,2026-01-22 18:02:47,26.62,6.77,4.514,2329,Yes,Urea
M2_00402,2026-01-22 18:39:16,21.06,6.74,4.657,2656,Yes,Urea
M2_00403,2026-01-22 18:55:49,32.5,6.61,5.604,2568,Yes,Sugar
M2_00404,2026-01-22 19:08:34,25.94,6.65,4.208,2175,No,None
M2_00405,2026-01-23 03:05:30,12.56,6.86,3.322,2235,No,None
M2_00406,2026-01-23 05:39:40,24.0,6.81,4.009,2289,Yes,Sugar
M2_00407,2026-01-23 05:50:52,24.31,6.73,5.513,2720,Yes,Sugar
M2_00408,2026-01-23 05:53:55,30.81,6.68,5.273,2555,Yes,Sugar
M2_00409,2026-01-23 06:27:55,26.94,6.6,4.388,2121,No,None
M2_00410,2026-01-23 07:35:05,18.94,6.72,4.761,3155,Yes,Sugar
M2_00411,2026-01-23 07:53:57,13.25,6.78,3.188,2046,No,None
M2_00412,2026-01-23 09:10:17,28.94,6.71,6.441,2969,No,None
M2_00413,2026-01-23 09:12:45,27.31,6.5,4.894,2454,Yes,Sugar
M2_00414,2026-01-23 09:27:53,22.25,6.76,4.939,2601,No,None
M2_00415,2026-01-23 16:07:59,14.88,6.99,3.626,2368,Yes,Urea
M2_00416,2026-01-23 16:16:26,32.88,6.75,5.114,2261,Yes,Water
M2_00417,2026-01-23 16:16:57,23.06,6.66,4.069,2117,No,None
M2_00418,2026-01-23 16:26:49,19.44,6.65,4.282,2579,Yes,Urea
M2_00419,2026-01-23 16:36:48,12.06,6.82,3.368,2290,No,None
M2_00420,2026-01-23 16:51:10,32.25,6.61,4.889,2011,Yes,Water
M2_00421,2026-01-23 17:48:08,35.0,6.46,6.163,2429,Yes,Salt
M2_00422,2026-01-23 18:23:11,17.19,6.83,4.063,2181,Yes,Sugar
M2_00423,2026-01-23 18:29:50,18.44,6.85,3.602,2100,Yes,Sugar
M2_00424,2026-01-23 18:37:49,21.69,6.57,4.483,2225,No,None
M2_00425,2026-01-23 18:47:49,21.19,6.62,3.753,2055,No,None
M2_00426,2026-01-23 19:28:02,17.44,6.73,4.156,2474,No,None
M2_00427,2026-01-23 21:31:42,35.12,6.46,5.751,2408,No,None
M2_00428,2026-01-24 05:31:44,19.06,6.96,4.477,2433,Yes,Urea
M2_00429,2026-01-24 05:41:44,24.44,6.72,5.138,2562,Yes,Water
M2_00430,2026-01-24 07:44:02,34.88,6.57,5.845,2400,No,None
M2_00431,2026-01-24 08:20:39,17.06,6.69,4.107,2509,No,None
M2_00432,2026-01-24 08:54:47,35.5,6.42,5.562,2326,Yes,Water
M2_00433,2026-01-24 09:20:11,31.25,6.63,7.55,3462,Yes,Salt
M2_00434,2026-01-24 09:25:56,23.56,6.73,4.525,2104,Yes,Water
M2_00435,2026-01-24 16:08:55,8.88,6.94,2.39,1775,Yes,Water
M2_00436,2026-01-24 16:19:00,19.25,6.67,3.959,2256,No,None
M2_00437,2026-01-24 17:32:14,31.44,6.62,4.574,1875,Yes,Water
M2_00438,2026-01-24 17:58:28,28.88,6.75,7.039,3086,No,None
M2_00439,2026-01-24 18:10:33,36.62,6.72,5.531,2323,No,None
M2_00440,2026-01-24 19:13:33,35.25,6.62,4.556,1887,Yes,Water
M2_00441,2026-01-24 23:06:12,11.25,6.91,3.552,2329,No,None
M2_00442,2026-01-25 00:01:59,10.31,6.81,2.998,2174,No,None
M2_00443,2026-01-25 03:50:55,23.56,6.72,5.259,2553,Yes,Salt
M2_00444,2026-01-25 06:11:25,21.94,6.79,4.467,2463,No,None
M2_00445,2026-01-25 06:42:26,28.19,6.59,6.031,2505,Yes,Salt
M2_00446,2026-01-25 06:43:50,26.19,6.74,3.557,1797,Yes,Water
M2_00447,2026-01-25 06:56:40,18.19,6.75,3.775,2221,No,None
M2_00448,2026-01-25 07:05:53,7.81,6.86,2.345,1735,No,None
M2_00449,2026-01-25 07:07:19,31.75,6.62,5.542,2699,Yes,Urea
M2_00450,2026-01-25 07:11:45,27.38,6.81,5.156,2381,No,None
M2_00451,2026-01-25 07:19:42,27.06,6.65,4.628,2058,No,None
M2_00452,2026-01-25 07:35:32,17.25,6.65,3.661,2443,Yes,Sugar
M2_00453,2026-01-25 07:50:39,10.62,6.74,5.249,3755,Yes,Salt
M2_00454,2026-01-25 08:04:23,12.38,6.69,3.323,2085,No,None
M2_00455,2026-01-25 08:09:06,3.38,6.94,2.019,1847,No,None
M2_00456,2026-01-25 08:48:43,3.88,6.91,1.912,1740,No,None
M2_00457,2026-01-25 08:52:53,7.69,6.73,2.67,2212,No,None
M2_00458,2026-01-25 08:55:59,36.0,6.7,6.179,2354,No,None
M2_00459,2026-01-25 09:04:26,33.44,6.6,4.799,2056,Yes,Water
M2_00460,2026-01-25 09:05:32,22.81,6.57,6.631,3570,Yes,Salt
M2_00461,2026-01-25 09:19:55,28.62,6.66,5.688,2589,No,None
M2_00462,2026-01-25 17:06:59,18.75,6.67,4.077,2433,No,None
M2_00463,2026-01-25 17:09:59,25.44,6.66,4.933,2319,No,None
M2_00464,2026-01-25 19:17:52,23.38,6.83,3.261,1638,Yes,Water
M2_00465,2026-01-25 19:26:58,17.0,6.83,4.135,2603,Yes,Sugar
M2_00466,2026-01-26 05:46:12,25.12,6.69,5.191,2530,No,None
M2_00467,2026-01-26 05:58:28,12.31,6.78,3.678,2644,Yes,Urea
M2_00468,2026-01-26 05:59:19,22.62,6.68,3.778,1817,Yes,Water
M2_00469,2026-01-26 06:14:15,28.25,6.85,3.102,1447,Yes,Water
M2_00470,2026-01-26 06:23:54,31.88,6.62,5.251,2373,No,None
M2_00471,2026-01-26 06:43:51,19.94,6.61,4.262,2239,No,None
M2_00472,2026-01-26 06:49:54,28.38,6.59,5.034,2366,No,None
M2_00473,2026-01-26 06:50:39,24.44,6.64,5.287,2875,Yes,Salt
M2_00474,2026-01-26 06:55:00,40.0,6.62,4.81,2015,Yes,Water
M2_00475,2026-01-26 07:20:47,20.69,6.68,3.914,2153,No,None
M2_00476,2026-01-26 07:34:00,16.81,6.59,4.351,2465,Yes,Salt
M2_00477,2026-01-26 08:05:43,6.0,6.84,4.82,3828,Yes,Salt
M2_00478,2026-01-26 08:06:17,28.75,6.73,5.286,2608,No,None
M2_00479,2026-01-26 08:09:17,21.69,6.75,4.908,2675,Yes,Urea
M2_00480,2026-01-26 08:28:21,27.75,6.64,5.417,2723,Yes,Sugar
M2_00481,2026-01-26 08:34:27,39.94,6.53,5.954,2288,No,None
M2_00482,2026-01-26 08:35:14,25.06,6.71,7.518,3424,Yes,Salt
M2_00483,2026-01-26 08:45:00,27.06,6.79,3.567,1801,Yes,Water
M2_00484,2026-01-26 09:19:50,27.56,6.73,4.845,2356,No,None
M2_00485,2026-01-26 11:00:07,25.5,6.67,5.002,2295,Yes,Urea
M2_00486,2026-01-26 16:38:49,32.0,6.65,5.266,2428,Yes,Sugar
M2_00487,2026-01-26 17:06:08,18.12,6.77,4.718,2896,Yes,Salt
M2_00488,2026-01-26 17:20:46,8.38,6.85,1.773,1384,Yes,Water
M2_00489,2026-01-26 20:46:54,38.25,6.47,6.439,2488,Yes,Sugar
M2_00490,2026-01-27 05:30:17,31.56,6.66,5.427,2413,No,None
M2_00491,2026-01-27 05:50:32,33.88,6.75,6.968,2573,Yes,Salt
M2_00492,2026-01-27 05:52:12,19.31,6.85,3.848,2200,No,None
M2_00493,2026-01-27 06:01:49,17.25,6.8,4.144,2484,No,None
M2_00494,2026-01-27 06:07:48,23.56,6.72,4.026,2036,Yes,Water
M2_00495,2026-01-27 06:14:56,30.62,6.75,4.991,2148,No,None
M2_00496,2026-01-27 06:40:16,15.31,6.78,4.206,3060,No,None
M2_00497,2026-01-27 07:31:15,10.12,7.06,3.055,2290,Yes,Urea
M2_00498,2026-01-27 08:33:59,27.0,6.77,4.882,2532,No,None
M2_00499,2026-01-27 08:56:35,37.38,6.47,5.75,2304,No,None
M2_00500,2026-01-27 09:03:39,25.62,6.78,4.566,2242,No,None
M2_00501,2026-01-27 09:15:50,30.94,6.66,5.453,2306,Yes,Sugar
M2_00502,2026-01-27 09:20:22,21.56,6.65,4.272,2169,No,None
M2_00503,2026-01-27 16:00:22,18.06,6.77,3.686,2090,No,None
M2_00504,2026-01-27 16:40:17,20.81,6.56,3.53,1926,Yes,Sugar
M2_00505,2026-01-27 16:45:53,20.19,6.75,4.05,2007,No,None
M2_00506,2026-01-27 18:21:50,23.19,6.84,4.639,2345,Yes,Salt
M2_00507,2026-01-27 18:36:11,22.0,6.67,4.344,2466,No,None
M2_00508,2026-01-27 18:46:43,27.38,6.7,3.151,1644,Yes,Water
M2_00509,2026-01-27 18:49:17,39.5,6.47,6.286,2412,No,None
M2_00510,2026-01-27 20:03:57,37.44,6.62,4.665,1956,Yes,Water
M2_00511,2026-01-28 05:39:56,21.19,6.82,3.359,1683,Yes,Water
M2_00512,2026-01-28 05:49:53,23.88,6.58,4.916,2515,No,None
M2_00513,2026-01-28 06:29:29,22.88,6.67,4.47,2312,No,None
M2_00514,2026-01-28 06:53:16,32.06,6.47,7.449,3295,Yes,Salt
M2_00515,2026-01-28 06:58:22,26.12,6.59,4.599,2468,Yes,Sugar
M2_00516,2026-01-28 07:09:04,18.75,6.79,4.053,2456,No,None
M2_00517,2026-01-28 07:24:39,20.44,6.73,3.966,2277,No,None
M2_00518,2026-01-28 07:55:20,23.81,6.87,4.191,2043,Yes,Water
M2_00519,2026-01-28 08:24:51,29.69,6.51,4.562,2069,No,None
M2_00520,2026-01-28 08:32:59,16.25,6.64,3.674,2127,Yes,Water
M2_00521,2026-01-28 08:53:40,38.81,6.57,7.309,3144,Yes,Salt
M2_00522,2026-01-28 08:57:43,36.19,6.63,5.69,2309,Yes,Sugar
M2_00523,2026-01-28 09:25:45,31.44,6.62,5.099,2260,No,None
M2_00524,2026-01-28 09:26:12,22.38,6.76,4.533,2365,Yes,Sugar
M2_00525,2026-01-28 09:29:43,33.12,6.88,3.617,1601,Yes,Water
M2_00526,2026-01-28 11:23:16,18.56,6.8,3.93,2222,Yes,Urea
M2_00527,2026-01-28 16:41:34,23.5,6.94,2.643,1310,Yes,Water
M2_00528,2026-01-28 17:11:09,23.88,6.72,4.975,2632,Yes,Urea
M2_00529,2026-01-28 17:23:14,28.19,6.55,5.602,2533,No,None
M2_00530,2026-01-28 17:58:47,34.38,6.66,5.825,2382,No,None
M2_00531,2026-01-28 18:05:05,40.0,6.46,6.011,2363,No,None
M2_00532,2026-01-28 18:13:50,12.88,6.66,4.857,3154,Yes,Salt
M2_00533,2026-01-28 18:21:33,26.56,6.69,5.001,2491,No,None
M2_00534,2026-01-28 19:05:39,33.81,6.96,4.211,1849,Yes,Water
M2_00535,2026-01-28 19:26:03,8.31,6.93,2.874,1978,No,None
M2_00536,2026-01-29 05:51:41,29.5,6.76,4.11,1941,Yes,Water
M2_00537,2026-01-29 06:54:35,26.69,6.8,4.943,2279,No,None
M2_00538,2026-01-29 06:56:46,34.44,6.56,5.538,2373,No,None
M2_00539,2026-01-29 07:11:28,23.25,6.69,2.958,1538,Yes,Water
M2_00540,2026-01-29 07:14:31,31.44,6.77,5.775,2629,Yes,Urea
M2_00541,2026-01-29 07:51:34,19.44,6.81,3.785,2329,No,None
M2_00542,2026-01-29 08:22:32,22.5,6.54,4.34,2277,No,None
M2_00543,2026-01-29 09:08:20,13.06,6.94,3.09,1965,Yes,Water
M2_00544,2026-01-29 16:16:52,15.56,6.85,3.341,1932,Yes,Water
M2_00545,2026-01-29 17:36:07,30.38,6.77,5.476,2587,Yes,Sugar
M2_00546,2026-01-29 17:37:30,31.75,6.54,5.016,2238,No,None
M2_00547,2026-01-29 17:38:53,15.69,6.79,3.334,2091,No,None
M2_00548,2026-01-29 18:15:03,30.88,6.76,4.896,2278,No,None
M2_00549,2026-01-30 05:31:22,17.31,6.77,3.674,2241,Yes,Urea
M2_00550,2026-01-30 06:21:09,28.0,6.77,5.266,2576,No,None
M2_00551,2026-01-30 06:53:00,34.12,6.51,5.413,2530,No,None
M2_00552,2026-01-30 08:23:58,17.88,6.71,3.778,2097,No,None
M2_00553,2026-01-30 08:29:01,20.81,6.76,4.184,2453,Yes,Water
M2_00554,2026-01-30 09:05:42,22.88,6.58,4.629,2333,No,None
M2_00555,2026-01-30 16:06:06,21.12,6.95,4.961,2445,Yes,Sugar
M2_00556,2026-01-30 16:27:32,26.88,6.56,4.657,2443,No,None
M2_00557,2026-01-30 16:37:27,15.12,6.77,2.575,1682,Yes,Water
M2_00558,2026-01-30 16:58:55,34.38,6.47,4.936,2032,Yes,Salt
M2_00559,2026-01-30 17:39:38,6.0,6.94,2.395,1814,Yes,Salt
M2_00560,2026-01-30 17:40:03,28.31,6.71,4.859,2163,No,None
M2_00561,2026-01-30 18:11:10,25.69,6.8,5.072,2281,Yes,Urea
M2_00562,2026-01-30 19:05:26,37.5,6.49,5.376,2402,Yes,Water
M2_00563,2026-01-30 19:17:08,19.69,6.81,4.294,2336,Yes,Salt
M2_00564,2026-01-30 19:24:12,16.06,6.79,3.559,2109,No,None
M2_00565,2026-01-31 05:56:11,34.0,6.65,5.65,2493,No,None
M2_00566,2026-01-31 06:05:16,28.88,6.71,5.394,2377,No,None
M2_00567,2026-01-31 06:26:09,24.31,6.58,4.988,2368,No,None
M2_00568,2026-01-31 06:29:35,14.62,6.84,4.54,2905,No,None
M2_00569,2026-01-31 06:46:29,18.25,6.77,3.68,2293,Yes,Sugar
M2_00570,2026-01-31 08:05:18,12.31,6.78,3.428,2342,Yes,Sugar
M2_00571,2026-01-31 08:19:53,26.25,6.6,5.532,2670,Yes,Urea
M2_00572,2026-01-31 08:20:06,28.19,6.53,5.091,2316,No,None
M2_00573,2026-01-31 08:39:04,9.44,6.74,2.804,2279,Yes,Sugar
M2_00574,2026-01-31 08:46:58,31.81,6.73,5.398,2599,Yes,Urea
M2_00575,2026-01-31 09:15:15,16.06,6.83,3.833,2311,No,None
M2_00576,2026-01-31 09:24:30,14.12,6.58,3.676,2696,No,None
M2_00577,2026-01-31 17:11:03,23.81,6.57,4.912,2444,No,None
M2_00578,2026-01-31 17:12:34,31.0,6.71,5.305,2401,No,None
M2_00579,2026-01-31 17:15:27,39.88,6.52,6.357,2598,Yes,Salt
M2_00580,2026-01-31 18:15:36,18.25,6.86,3.597,2132,Yes,Urea
M2_00581,2026-01-31 18:29:53,21.62,6.72,4.05,2184,No,None
M2_00582,2026-01-31 18:36:12,24.5,6.55,4.887,2448,No,None
M2_00583,2026-01-31 19:13:51,23.0,6.98,3.076,1539,Yes,Water
M2_00584,2026-02-01 05:36:23,18.19,6.73,4.379,2427,No,None
M2_00585,2026-02-01 05:38:09,29.0,6.59,5.161,2442,Yes,Urea
M2_00586,2026-02-01 06:24:30,21.75,6.74,4.415,2510,Yes,Sugar
M2_00587,2026-02-01 06:25:40,26.94,6.61,9.451,4450,Yes,Salt
M2_00588,2026-02-01 06:56:24,26.94,6.6,5.301,2542,No,None
M2_00589,2026-02-01 08:06:36,26.5,6.62,4.626,2166,No,None
M2_00590,2026-02-01 08:14:48,5.06,6.9,3.453,2923,Yes,Salt
M2_00591,2026-02-01 08:21:37,15.56,6.7,3.642,2057,No,None
M2_00592,2026-02-01 08:27:41,27.56,6.58,5.719,2988,No,None
M2_00593,2026-02-01 09:10:20,7.56,7.04,3.234,2723,Yes,Salt
M2_00594,2026-02-01 17:27:49,14.12,6.94,2.387,1552,Yes,Water
M2_00595,2026-02-01 18:03:36,10.19,6.86,2.571,1792,No,None
M2_00596,2026-02-01 18:15:21,22.12,6.78,4.746,2478,Yes,Urea
M2_00597,2026-02-01 18:23:11,28.0,6.7,5.18,2658,Yes,Urea
M2_00598,2026-02-01 18:39:01,35.5,6.64,5.155,2163,Yes,Water
M2_00599,2026-02-02 05:35:08,22.5,6.99,4.51,2319,No,None
M2_00600,2026-02-02 05:51:07,22.75,6.56,4.044,2322,No,None
M2_00601,2026-02-02 07:00:38,9.06,6.82,2.692,2192,No,None
M2_00602,2026-02-02 07:23:42,20.88,6.63,4.654,2418,No,None
M2_00603,2026-02-02 07:52:55,12.38,6.64,3.117,2116,No,None
M2_00604,2026-02-02 16:01:22,15.75,6.79,3.529,2338,Yes,Sugar
M2_00605,2026-02-02 17:39:00,21.06,6.74,4.371,2409,Yes,Urea
M2_00606,2026-02-02 17:43:51,20.75,6.52,4.404,2479,Yes,Salt
M2_00607,2026-02-02 18:52:10,21.25,6.75,3.99,2191,Yes,Urea
M2_00608,2026-02-02 19:21:41,30.75,6.82,5.624,2565,Yes,Urea
M2_00609,2026-02-03 04:52:42,17.62,6.79,5.336,3106,Yes,Salt
M2_00610,2026-02-03 05:49:54,37.69,6.54,6.463,2472,No,None
M2_00611,2026-02-03 06:00:39,17.62,6.65,3.995,2240,Yes,Water
M2_00612,2026-02-03 06:14:07,12.12,6.77,3.097,2177,No,None
M2_00613,2026-02-03 06:29:27,31.94,6.48,5.042,2334,No,None
M2_00614,2026-02-03 07:05:52,13.12,6.69,3.437,2377,No,None
M2_00615,2026-02-03 07:29:32,31.56,6.46,5.823,2549,No,None
M2_00616,2026-02-03 07:33:24,5.44,6.79,3.865,3427,Yes,Salt
M2_00617,2026-02-03 08:04:51,25.5,6.62,7.369,3788,Yes,Salt
M2_00618,2026-02-03 09:05:43,35.12,6.53,6.374,2742,No,None
M2_00619,2026-02-03 09:10:26,12.94,6.7,3.62,2390,Yes,Salt
M2_00620,2026-02-03 13:31:31,12.5,6.71,3.212,2192,Yes,Sugar
M2_00621,2026-02-03 16:46:40,29.94,6.65,5.821,2639,No,None
M2_00622,2026-02-03 18:01:58,19.81,6.73,6.254,3208,Yes,Salt
M2_00623,2026-02-03 18:46:28,26.06,6.66,4.423,2286,Yes,Urea
M2_00624,2026-02-03 19:06:18,14.69,6.59,3.478,2396,No,None
M2_00625,2026-02-04 05:32:25,25.12,6.73,4.863,2366,No,None
M2_00626,2026-02-04 05:43:36,8.94,6.78,2.834,2143,Yes,Sugar
M2_00627,2026-02-04 05:48:50,19.62,6.8,3.509,2072,Yes,Sugar
M2_00628,2026-02-04 06:11:35,33.81,6.61,6.314,2689,Yes,Salt
M2_00629,2026-02-04 06:21:50,13.62,6.87,3.73,2237,No,None
M2_00630,2026-02-04 06:24:50,30.62,6.7,5.111,2264,Yes,Water
M2_00631,2026-02-04 06:52:01,3.75,6.8,1.877,1597,No,None
M2_00632,2026-02-04 07:12:38,8.75,6.94,2.871,2347,No,None
M2_00633,2026-02-04 07:33:33,30.81,6.65,5.472,2324,No,None
M2_00634,2026-02-04 07:40:57,14.5,6.57,3.813,2475,No,None
M2_00635,2026-02-04 07:48:48,19.62,6.91,3.218,1702,Yes,Water
M2_00636,2026-02-04 08:02:32,25.88,6.7,5.054,2743,Yes,Sugar
M2_00637,2026-02-04 08:40:38,21.38,6.9,4.418,2459,Yes,Urea
M2_00638,2026-02-04 08:44:52,6.44,6.89,2.524,1952,No,None
M2_00639,2026-02-04 09:12:25,32.81,6.68,6.475,2709,No,None
M2_00640,2026-02-04 09:23:12,36.0,6.57,5.615,2188,No,None
M2_00641,2026-02-04 12:18:12,26.75,6.67,4.246,2167,Yes,Sugar
M2_00642,2026-02-04 18:26:37,22.12,6.8,7.704,4057,Yes,Salt
M2_00643,2026-02-04 18:28:49,2.56,6.85,2.628,2414,Yes,Salt
M2_00644,2026-02-04 19:02:55,14.62,6.94,3.678,2193,Yes,Urea
M2_00645,2026-02-05 06:35:52,27.25,6.64,5.261,2776,Yes,Sugar
M2_00646,2026-02-05 07:07:46,12.38,7.06,1.995,1290,Yes,Water
M2_00647,2026-02-05 07:18:28,17.69,6.81,2.12,1265,Yes,Water
M2_00648,2026-02-05 07:28:40,22.5,6.64,4.997,3008,No,None
M2_00649,2026-02-05 07:50:46,11.94,6.83,3.102,2016,No,None
M2_00650,2026-02-05 07:59:31,22.0,6.38,3.513,1816,Yes,Water
M2_00651,2026-02-05 08:24:19,27.94,6.8,5.05,2169,No,None
M2_00652,2026-02-05 08:42:06,21.56,6.86,3.922,2098,No,None
M2_00653,2026-02-05 09:29:48,13.44,6.91,2.267,1585,Yes,Water
M2_00654,2026-02-05 18:15:00,32.19,6.7,5.83,2805,Yes,Salt
M2_00655,2026-02-05 18:24:11,36.5,6.54,5.834,2209,No,None
M2_00656,2026-02-06 05:53:49,5.94,6.9,2.564,2139,No,None
M2_00657,2026-02-06 06:44:52,23.94,6.7,3.348,1866,Yes,Water
M2_00658,2026-02-06 07:04:09,26.94,6.53,4.934,2615,Yes,Sugar
M2_00659,2026-02-06 07:14:08,22.44,6.77,4.91,2788,Yes,Urea
M2_00660,2026-02-06 07:21:28,26.69,6.7,5.541,2426,No,None
M2_00661,2026-02-06 07:42:59,15.69,6.65,7.478,4877,Yes,Salt
M2_00662,2026-02-06 08:20:39,27.38,6.73,5.184,2563,No,None
M2_00663,2026-02-06 08:57:07,27.81,6.53,4.786,2505,No,None
M2_00664,2026-02-06 16:07:05,34.38,6.48,5.918,2595,No,None
M2_00665,2026-02-06 16:11:08,21.25,6.61,4.868,2815,Yes,Sugar
M2_00666,2026-02-06 17:28:19,30.94,6.47,5.699,2550,Yes,Salt
M2_00667,2026-02-06 18:00:49,29.5,6.34,4.689,2030,Yes,Sugar
M2_00668,2026-02-07 05:42:41,27.81,6.54,7.452,3749,Yes,Salt
M2_00669,2026-02-07 05:53:05,22.38,6.76,3.747,1969,Yes,Water
M2_00670,2026-02-07 06:02:51,19.56,6.94,4.593,2740,Yes,Urea
M2_00671,2026-02-07 06:28:03,29.0,6.57,5.348,2548,No,None
M2_00672,2026-02-07 07:31:16,28.44,6.76,3.233,1486,Yes,Water
M2_00673,2026-02-07 07:49:30,32.06,6.61,5.215,2305,Yes,Urea
M2_00674,2026-02-07 07:56:58,20.31,6.85,5.577,3025,Yes,Salt
M2_00675,2026-02-07 08:23:40,19.06,6.65,4.424,2480,No,None
M2_00676,2026-02-07 09:08:50,12.88,6.85,5.333,3732,Yes,Salt
M2_00677,2026-02-07 09:25:26,29.31,6.55,5.063,2307,Yes,Sugar
M2_00678,2026-02-07 17:27:20,31.69,6.66,5.495,2659,No,None
M2_00679,2026-02-07 17:30:22,29.56,6.56,5.747,2778,No,None
M2_00680,2026-02-07 17:35:29,32.19,6.57,4.591,1879,Yes,Water
M2_00681,2026-02-07 18:17:54,25.38,6.62,4.947,2610,No,None
M2_00682,2026-02-08 06:18:35,19.44,6.79,4.283,2284,No,None
M2_00683,2026-02-08 06:35:48,19.88,6.78,3.86,2035,No,None
M2_00684,2026-02-08 06:37:52,20.25,6.83,4.764,2426,Yes,Salt
M2_00685,2026-02-08 07:27:46,23.62,6.69,4.267,2096,No,None
M2_00686,2026-02-08 07:33:44,16.0,6.58,3.442,2184,No,None
M2_00687,2026-02-08 08:09:11,5.94,6.87,2.304,1908,No,None
M2_00688,2026-02-08 08:57:45,19.31,6.55,4.021,2429,No,None
M2_00689,2026-02-08 11:01:49,5.56,6.75,2.662,1959,Yes,Salt
M2_00690,2026-02-08 17:02:09,27.69,6.71,4.345,2024,Yes,Water
M2_00691,2026-02-08 17:23:56,14.69,6.58,3.607,2385,No,None
M2_00692,2026-02-08 17:40:58,14.31,6.72,3.388,2281,No,None
M2_00693,2026-02-08 17:41:46,34.94,6.64,5.384,2575,Yes,Sugar
M2_00694,2026-02-08 19:05:07,14.62,6.85,3.458,2080,No,None
M2_00695,2026-02-09 05:42:40,17.88,6.78,3.586,2124,No,None
M2_00696,2026-02-09 06:07:21,30.94,6.75,5.737,2546,Yes,Urea
M2_00697,2026-02-09 06:14:56,21.69,6.79,4.959,2673,No,None
M2_00698,2026-02-09 06:29:17,29.0,6.45,4.895,2234,No,None
M2_00699,2026-02-09 06:47:29,27.44,6.79,5.278,2363,Yes,Urea
M2_00700,2026-02-09 07:04:58,19.38,6.71,4.798,2809,No,None
M2_00701,2026-02-09 07:44:21,14.88,6.83,3.78,2430,Yes,Sugar
M2_00702,2026-02-09 07:52:18,31.38,6.84,5.368,2338,No,None
M2_00703,2026-02-09 08:02:25,14.0,6.73,3.239,2291,No,None
M2_00704,2026-02-09 08:14:34,13.81,6.82,3.979,2580,Yes,Salt
M2_00705,2026-02-09 08:15:18,23.12,6.69,4.286,2364,No,None
M2_00706,2026-02-09 08:22:20,17.62,6.85,3.418,2039,No,None
M2_00707,2026-02-09 08:37:59,16.5,6.85,4.194,2720,No,None
M2_00708,2026-02-09 08:46:16,30.12,6.51,4.709,2179,No,None
M2_00709,2026-02-09 08:48:15,18.69,6.83,3.898,2376,Yes,Water
M2_00710,2026-02-09 08:57:35,24.75,6.7,5.605,2715,Yes,Salt
M2_00711,2026-02-09 09:25:43,19.25,6.73,5.66,3238,Yes,Salt
M2_00712,2026-02-09 09:26:42,35.94,6.55,5.915,2715,Yes,Sugar
M2_00713,2026-02-09 16:13:21,21.62,6.65,7.126,4132,Yes,Salt
M2_00714,2026-02-09 16:47:13,25.88,6.65,4.668,2397,No,None
M2_00715,2026-02-09 17:03:53,14.88,6.7,3.525,2413,No,None
M2_00716,2026-02-09 17:08:57,26.25,6.78,2.611,1216,Yes,Water
M2_00717,2026-02-09 17:58:46,25.06,6.72,4.667,2147,Yes,Sugar
M2_00718,2026-02-09 19:08:16,31.0,6.58,5.1,2335,No,None
M2_00719,2026-02-10 05:32:08,27.0,6.61,4.695,2269,No,None
M2_00720,2026-02-10 05:40:14,27.75,6.62,5.14,2365,No,None
M2_00721,2026-02-10 05:41:25,26.12,6.67,5.211,2411,Yes,Urea
M2_00722,2026-02-10 06:05:12,14.5,6.67,3.47,2203,No,None
M2_00723,2026-02-10 06:14:27,30.25,6.65,4.611,2131,Yes,Sugar
M2_00724,2026-02-10 06:41:09,17.12,6.68,3.68,2650,Yes,Sugar
M2_00725,2026-02-10 07:09:33,19.06,6.97,4.385,2498,Yes,Urea
M2_00726,2026-02-10 07:19:38,23.56,6.77,5.009,2489,No,None
M2_00727,2026-02-10 07:38:46,7.44,7.29,2.855,2097,Yes,Urea
M2_00728,2026-02-10 08:25:32,29.75,6.46,5.213,2489,Yes,Water
M2_00729,2026-02-10 08:59:14,8.44,7.03,1.774,1157,Yes,Water
M2_00730,2026-02-10 09:21:30,23.31,6.65,4.418,2275,No,None
M2_00731,2026-02-10 16:24:17,26.69,6.67,5.549,2659,No,None
M2_00732,2026-02-10 16:26:52,26.62,6.78,4.508,2175,No,None
M2_00733,2026-02-10 16:42:38,9.94,6.83,2.946,2235,Yes,Sugar
M2_00734,2026-02-10 17:44:06,26.31,6.69,4.563,2113,Yes,Water
M2_00735,2026-02-10 17:55:27,22.75,6.58,4.066,2202,No,None
M2_00736,2026-02-11 06:37:10,19.25,6.68,4.333,2486,Yes,Water
M2_00737,2026-02-11 06:56:23,27.25,6.65,4.759,2307,Yes,Water
M2_00738,2026-02-11 07:03:17,26.0,6.63,5.034,2386,No,None
M2_00739,2026-02-11 07:26:34,21.81,6.75,5.41,2819,Yes,Salt
M2_00740,2026-02-11 08:39:58,28.38,6.73,5.448,2853,Yes,Urea
M2_00741,2026-02-11 08:57:14,14.56,6.78,3.254,2275,No,None
M2_00742,2026-02-11 09:12:52,30.75,6.4,10.748,5134,Yes,Salt
M2_00743,2026-02-11 14:03:58,26.12,6.7,5.678,2918,No,None
M2_00744,2026-02-11 16:29:02,22.06,6.67,3.602,1786,Yes,Water
M2_00745,2026-02-11 17:08:31,30.12,6.66,5.298,2349,Yes,Urea
M2_00746,2026-02-11 17:17:10,22.94,6.74,4.842,2519,No,None
M2_00747,2026-02-11 18:04:02,28.06,6.78,6.612,3147,No,None
M2_00748,2026-02-11 18:07:05,39.81,6.66,6.625,2803,Yes,Sugar
M2_00749,2026-02-11 18:07:38,29.88,6.59,5.664,2688,No,None
M2_00750,2026-02-11 18:21:23,19.56,6.75,4.287,2196,No,None
M2_00751,2026-02-11 18:33:53,18.19,6.75,4.29,2635,Yes,Water
M2_00752,2026-02-11 18:37:22,35.44,6.6,5.077,2087,No,None
M2_00753,2026-02-12 01:46:40,20.31,6.84,4.577,2514,No,None
M2_00754,2026-02-12 05:40:15,25.56,6.7,4.698,2407,Yes,Sugar
M2_00755,2026-02-12 06:05:30,13.75,6.97,2.261,1482,Yes,Water
M2_00756,2026-02-12 06:20:17,27.62,6.62,5.021,2435,No,None
M2_00757,2026-02-12 07:39:12,29.5,6.65,5.535,2486,No,None
M2_00758,2026-02-12 08:19:43,5.62,6.83,2.439,2058,Yes,Urea
M2_00759,2026-02-12 08:40:50,18.0,6.68,4.105,2494,No,None
M2_00760,2026-02-12 08:54:38,33.0,6.61,5.359,2466,No,None
M2_00761,2026-02-12 16:23:26,27.31,6.36,5.424,2563,No,None
M2_00762,2026-02-12 16:32:47,8.19,6.71,3.661,2887,Yes,Salt
M2_00763,2026-02-12 16:45:57,33.0,6.61,5.232,2184,Yes,Water
M2_00764,2026-02-12 17:02:49,20.56,6.65,6.102,3508,Yes,Salt
M2_00765,2026-02-12 17:34:56,12.19,6.62,2.832,1825,Yes,Water
M2_00766,2026-02-12 17:56:32,24.0,6.62,4.97,2521,Yes,Salt
M2_00767,2026-02-12 18:59:17,9.62,6.88,3.036,2200,No,None
M2_00768,2026-02-13 05:35:57,22.31,6.89,4.213,2346,Yes,Urea
M2_00769,2026-02-13 05:45:36,18.06,6.68,4.362,2582,Yes,Salt
M2_00770,2026-02-13 06:01:54,20.25,6.77,4.798,2488,Yes,Sugar
M2_00771,2026-02-13 06:09:38,13.62,6.81,3.121,1892,Yes,Water
M2_00772,2026-02-13 06:32:07,21.81,6.81,4.452,2432,No,None
M2_00773,2026-02-13 06:34:22,14.31,6.79,3.72,2255,No,None
M2_00774,2026-02-13 06:40:21,10.12,6.76,2.812,1974,Yes,Sugar
M2_00775,2026-02-13 06:42:00,33.75,6.43,6.166,2521,No,None
M2_00776,2026-02-13 06:47:29,24.25,6.68,4.568,2545,No,None
M2_00777,2026-02-13 07:25:02,11.12,6.91,4.195,2677,Yes,Salt
M2_00778,2026-02-13 07:26:14,15.31,6.97,2.843,1675,Yes,Water
M2_00779,2026-02-13 07:57:33,27.81,6.6,4.78,2355,Yes,Sugar
M2_00780,2026-02-13 08:03:49,26.5,6.54,4.706,2314,No,None
M2_00781,2026-02-13 08:29:21,37.19,6.68,6.578,2858,Yes,Sugar
M2_00782,2026-02-13 08:29:54,28.69,6.54,6.288,3369,Yes,Sugar
M2_00783,2026-02-13 08:31:41,26.88,6.65,4.242,2389,Yes,Sugar
M2_00784,2026-02-13 08:48:10,30.88,6.9,4.805,2202,Yes,Urea
M2_00785,2026-02-13 09:16:32,35.88,6.43,5.434,2176,Yes,Sugar
M2_00786,2026-02-13 16:14:30,23.25,6.56,4.563,2510,Yes,Sugar
M2_00787,2026-02-13 16:25:00,27.69,6.73,3.553,1714,Yes,Water
M2_00788,2026-02-13 16:27:59,19.06,6.76,3.865,1868,No,None
M2_00789,2026-02-13 16:37:03,34.62,6.54,5.653,2269,Yes,Salt
M2_00790,2026-02-13 17:07:20,11.94,6.82,2.939,2015,Yes,Water
M2_00791,2026-02-13 18:14:36,30.06,6.72,3.472,1593,Yes,Water
M2_00792,2026-02-13 22:20:53,14.19,6.9,4.891,2788,No,None
M2_00793,2026-02-14 06:03:31,16.75,6.65,3.762,2161,Yes,Salt
M2_00794,2026-02-14 06:54:03,29.31,6.8,5.654,3067,Yes,Sugar
M2_00795,2026-02-14 06:54:38,24.75,6.66,4.382,2166,No,None
M2_00796,2026-02-14 07:19:42,23.81,6.63,4.448,2404,Yes,Urea
M2_00797,2026-02-14 07:28:10,10.81,6.74,2.82,2059,Yes,Urea
M2_00798,2026-02-14 07:36:34,22.19,6.74,3.144,1650,Yes,Water
M2_00799,2026-02-14 07:59:18,29.56,6.4,5.182,2408,Yes,Water
M2_00800,2026-02-14 08:30:09,32.06,6.62,5.156,2203,No,None
M2_00801,2026-02-14 08:35:40,26.31,6.64,5.091,2632,Yes,Urea
M2_00802,2026-02-14 12:49:32,18.88,6.63,4.925,2615,Yes,Salt
M2_00803,2026-02-14 17:40:13,18.75,6.67,3.844,2338,No,None
M2_00804,2026-02-14 18:28:06,29.25,6.7,4.983,2434,No,None
M2_00805,2026-02-14 19:12:28,29.69,6.57,5.945,2730,No,None
M2_00806,2026-02-14 19:14:45,12.0,6.7,3.332,2200,No,None
M2_00807,2026-02-15 05:40:53,21.25,6.83,3.313,1813,Yes,Water
M2_00808,2026-02-15 06:09:33,31.0,6.59,4.783,2289,Yes,Sugar
M2_00809,2026-02-15 06:26:30,20.06,6.66,4.356,2227,No,None
M2_00810,2026-02-15 07:05:18,32.31,6.75,5.67,2308,No,None
M2_00811,2026-02-15 07:50:22,33.56,6.52,10.67,5265,Yes,Salt
M2_00812,2026-02-15 07:56:00,38.38,6.57,5.806,2186,No,None
M2_00813,2026-02-15 08:12:25,30.25,6.72,5.25,2694,No,None
M2_00814,2026-02-15 08:24:55,19.44,6.69,5.686,3334,Yes,Urea
M2_00815,2026-02-15 08:53:19,25.38,6.6,5.024,2620,No,None
M2_00816,2026-02-15 08:53:41,13.44,6.86,3.059,2068,Yes,Water
M2_00817,2026-02-15 16:09:13,13.69,6.67,3.733,2507,Yes,Sugar
M2_00818,2026-02-15 17:12:09,10.94,6.72,3.157,2210,No,None
M2_00819,2026-02-15 17:21:27,13.12,6.71,3.454,2385,Yes,Sugar
M2_00820,2026-02-15 18:47:17,25.69,6.7,5.082,2615,No,None
M2_00821,2026-02-15 20:35:58,17.31,6.71,4.081,2467,No,None
M2_00822,2026-02-16 05:30:00,25.81,6.46,5.422,2655,No,None
M2_00823,2026-02-16 05:45:25,34.38,6.63,5.39,2293,Yes,Urea
M2_00824,2026-02-16 05:45:25,16.19,6.67,5.803,3488,Yes,Salt
M2_00825,2026-02-16 05:50:42,33.5,6.47,5.157,2237,Yes,Sugar
M2_00826,2026-02-16 06:27:24,26.69,6.85,5.37,2478,Yes,Urea
M2_00827,2026-02-16 06:29:39,23.62,6.79,4.357,2126,No,None
M2_00828,2026-02-16 06:51:36,29.44,6.66,5.713,2610,No,None
M2_00829,2026-02-16 07:05:36,19.31,6.74,5.064,3044,Yes,Sugar
M2_00830,2026-02-16 07:16:58,18.12,6.79,3.624,2246,No,None
M2_00831,2026-02-16 07:34:58,14.81,6.8,3.922,2473,No,None
M2_00832,2026-02-16 07:39:22,21.19,6.6,4.926,2719,Yes,Salt
M2_00833,2026-02-16 07:43:13,24.5,6.71,4.844,2643,Yes,Urea
M2_00834,2026-02-16 08:14:08,25.06,6.89,5.086,2533,No,None
M2_00835,2026-02-16 09:11:33,30.62,6.63,5.325,2558,No,None
M2_00836,2026-02-16 09:26:52,17.06,6.8,3.98,2257,No,None
M2_00837,2026-02-16 09:29:58,21.88,6.9,4.438,2358,Yes,Water
M2_00838,2026-02-16 17:04:31,18.38,6.7,3.834,2172,No,None
M2_00839,2026-02-16 17:17:40,30.19,6.66,4.984,2368,No,None
M2_00840,2026-02-16 18:04:21,26.25,6.79,5.072,2549,No,None
M2_00841,2026-02-17 05:32:16,18.69,6.69,5.155,3049,Yes,Salt
M2_00842,2026-02-17 06:04:39,29.12,6.51,5.389,2408,No,None
M2_00843,2026-02-17 06:09:58,24.12,6.67,4.77,2491,No,None
M2_00844,2026-02-17 06:14:23,29.31,6.63,4.879,2388,Yes,Water
M2_00845,2026-02-17 06:26:36,11.62,6.69,3.366,2450,No,None
M2_00846,2026-02-17 06:50:22,15.75,6.66,3.244,2014,Yes,Water
M2_00847,2026-02-17 07:33:16,26.0,6.72,4.365,2115,No,None
M2_00848,2026-02-17 07:36:53,20.19,6.66,4.454,2351,Yes,Urea
M2_00849,2026-02-17 08:13:43,32.25,6.48,4.991,2366,No,None
M2_00850,2026-02-17 09:12:17,35.88,6.59,5.682,2575,Yes,Salt
M2_00851,2026-02-17 09:13:03,10.81,6.77,2.708,2099,Yes,Sugar
M2_00852,2026-02-17 15:08:59,5.25,6.93,2.132,1767,No,None
M2_00853,2026-02-17 17:22:59,20.56,6.66,7.734,4375,Yes,Salt
M2_00854,2026-02-17 17:45:30,26.81,6.68,5.161,2545,Yes,Salt
M2_00855,2026-02-18 05:32:18,27.75,6.69,4.781,2277,No,None
M2_00856,2026-02-18 05:46:50,21.12,6.69,3.711,2069,Yes,Water
M2_00857,2026-02-18 06:01:42,27.81,6.53,5.287,2858,Yes,Sugar
M2_00858,2026-02-18 06:03:40,19.75,6.45,4.181,2399,No,None
M2_00859,2026-02-18 06:08:31,31.69,6.57,6.274,2960,Yes,Salt
M2_00860,2026-02-18 06:14:20,30.88,6.55,3.959,1849,Yes,Water
M2_00861,2026-02-18 06:34:55,26.81,6.78,5.838,2978,Yes,Sugar
M2_00862,2026-02-18 06:36:19,21.81,6.73,4.349,2291,No,None
M2_00863,2026-02-18 06:37:22,31.19,6.65,5.151,2395,No,None
M2_00864,2026-02-18 06:51:46,27.88,6.62,4.622,2295,No,None
M2_00865,2026-02-18 07:16:11,8.56,7.04,3.041,2216,Yes,Urea
M2_00866,2026-02-18 07:46:20,32.25,6.65,4.894,2093,Yes,Water
M2_00867,2026-02-18 07:54:13,33.69,6.63,4.955,2417,Yes,Sugar
M2_00868,2026-02-18 08:03:37,19.5,6.72,3.918,2224,No,None
M2_00869,2026-02-18 08:13:25,18.06,7.05,3.619,2120,Yes,Urea
M2_00870,2026-02-18 08:24:52,28.0,6.58,4.604,2298,Yes,Sugar
M2_00871,2026-02-18 09:17:42,11.38,6.79,3.042,2182,No,None
M2_00872,2026-02-18 16:30:52,13.81,6.76,3.441,2376,Yes,Sugar
M2_00873,2026-02-18 18:47:15,13.69,6.76,2.45,1570,Yes,Water
M2_00874,2026-02-18 19:28:37,32.19,6.75,5.312,2447,Yes,Urea
M2_00875,2026-02-18 20:35:08,7.75,6.7,2.623,2164,No,None
M2_00876,2026-02-19 05:36:42,23.12,6.63,4.391,2261,No,None
M2_00877,2026-02-19 05:43:39,31.62,6.7,6.112,2791,Yes,Sugar
M2_00878,2026-02-19 05:59:38,25.19,6.66,5.235,2555,No,None
M2_00879,2026-02-19 06:04:50,31.19,6.77,5.606,2684,No,None
M2_00880,2026-02-19 06:05:20,25.81,6.7,4.698,2354,Yes,Water
M2_00881,2026-02-19 06:28:30,31.31,6.62,5.101,2327,No,None
M2_00882,2026-02-19 06:33:28,29.44,6.9,4.137,1971,Yes,Water
M2_00883,2026-02-19 07:55:27,25.25,6.52,4.295,2078,No,None
M2_00884,2026-02-19 08:07:05,29.56,6.65,7.458,3777,Yes,Salt
M2_00885,2026-02-19 08:30:32,25.38,6.7,5.183,2660,Yes,Urea
M2_00886,2026-02-19 08:37:17,20.69,6.8,4.939,2707,Yes,Sugar
M2_00887,2026-02-19 08:38:57,35.38,6.44,6.723,2771,No,None
M2_00888,2026-02-19 08:52:37,29.94,6.5,7.024,3075,Yes,Salt
M2_00889,2026-02-19 08:58:13,33.62,6.54,5.252,2134,Yes,Water
M2_00890,2026-02-19 09:19:20,27.12,6.65,5.41,2415,No,None
M2_00891,2026-02-19 09:24:57,26.06,6.82,4.383,2206,No,None
M2_00892,2026-02-19 16:04:03,20.81,6.91,6.367,3352,Yes,Salt
M2_00893,2026-02-19 17:38:37,24.88,6.52,4.46,2410,No,None
M2_00894,2026-02-19 19:10:38,13.0,6.76,3.396,2253,No,None
M2_00895,2026-02-20 05:30:15,32.31,6.74,5.543,2606,No,None
M2_00896,2026-02-20 05:39:53,26.06,6.83,5.216,2685,Yes,Urea
M2_00897,2026-02-20 05:51:54,8.44,6.74,3.011,2219,No,None
M2_00898,2026-02-20 05:52:04,11.75,6.71,2.852,2086,Yes,Sugar
M2_00899,2026-02-20 06:11:49,27.19,6.77,4.742,2472,Yes,Sugar
M2_00900,2026-02-20 06:15:45,10.75,6.74,3.405,2230,No,None
M2_00901,2026-02-20 06:33:05,35.31,6.54,5.95,2619,No,None
M2_00902,2026-02-20 06:35:01,19.56,6.95,3.291,1838,Yes,Water
M2_00903,2026-02-20 06:56:16,25.94,6.67,4.988,2259,Yes,Urea
M2_00904,2026-02-20 07:08:17,13.94,6.72,4.915,3013,Yes,Salt
M2_00905,2026-02-20 07:19:17,30.81,6.82,4.061,1886,Yes,Water
M2_00906,2026-02-20 07:28:54,29.88,6.43,7.169,3267,Yes,Salt
M2_00907,2026-02-20 07:36:37,24.5,6.85,4.11,2088,Yes,Water
M2_00908,2026-02-20 07:45:12,9.0,6.87,3.897,2747,Yes,Salt
M2_00909,2026-02-20 07:52:27,24.0,6.66,4.737,2557,No,None
M2_00910,2026-02-20 07:53:34,27.19,6.57,5.269,2363,No,None
M2_00911,2026-02-20 08:03:13,20.69,6.65,3.774,2129,Yes,Water
M2_00912,2026-02-20 08:18:33,7.19,6.87,2.61,1848,Yes,Urea
M2_00913,2026-02-20 08:34:40,14.31,6.86,3.721,2340,Yes,Urea
M2_00914,2026-02-20 16:11:34,24.81,6.98,3.181,1649,Yes,Water
M2_00915,2026-02-20 16:30:50,18.94,6.75,3.671,2106,No,None
M2_00916,2026-02-20 17:48:33,25.25,6.71,4.598,2212,No,None
M2_00917,2026-02-20 17:49:17,22.88,6.66,5.441,2667,Yes,Salt
M2_00918,2026-02-20 17:55:17,28.06,6.67,4.837,2330,No,None
M2_00919,2026-02-20 18:08:27,26.94,6.55,5.747,2689,Yes,Urea
M2_00920,2026-02-20 19:17:44,19.75,6.8,4.038,2381,No,None
M2_00921,2026-02-21 05:39:57,29.12,6.66,5.942,2837,Yes,Salt
M2_00922,2026-02-21 05:48:50,35.5,6.7,5.74,2386,No,None
M2_00923,2026-02-21 06:30:53,8.06,6.75,2.569,1985,Yes,Urea
M2_00924,2026-02-21 07:15:51,36.94,6.53,7.096,2996,Yes,Salt
M2_00925,2026-02-21 07:30:42,27.94,6.59,8.113,3744,Yes,Salt
M2_00926,2026-02-21 07:40:23,21.0,6.87,3.944,2096,Yes,Sugar
M2_00927,2026-02-21 08:09:08,25.31,6.6,5.441,2703,No,None
M2_00928,2026-02-21 08:34:42,21.44,6.66,4.525,2472,Yes,Urea
M2_00929,2026-02-21 08:37:00,2.56,6.91,2.271,2003,No,None
M2_00930,2026-02-21 08:56:39,19.38,6.77,6.071,3686,Yes,Salt
M2_00931,2026-02-21 09:13:54,37.12,6.65,5.062,2088,Yes,Water
M2_00932,2026-02-21 16:00:21,19.81,6.72,3.874,2189,No,None
M2_00933,2026-02-21 16:25:49,27.06,6.68,4.925,2465,Yes,Salt
M2_00934,2026-02-21 17:38:01,17.31,6.83,4.109,2474,No,None
M2_00935,2026-02-21 17:47:57,29.75,6.65,4.568,2023,Yes,Water
M2_00936,2026-02-21 18:04:43,36.62,6.58,4.919,2032,Yes,Urea
M2_00937,2026-02-21 18:21:36,10.94,6.91,3.384,2435,Yes,Salt
M2_00938,2026-02-21 19:01:46,12.12,6.86,3.008,1962,No,None
M2_00939,2026-02-22 05:44:11,22.0,6.61,4.798,2398,No,None
M2_00940,2026-02-22 05:58:04,20.94,6.62,7.068,3618,Yes,Salt
M2_00941,2026-02-22 06:02:15,36.25,6.69,3.826,1556,Yes,Water
M2_00942,2026-02-22 06:29:47,27.69,6.77,6.046,2886,No,None
M2_00943,2026-02-22 06:55:37,13.25,6.81,3.071,1924,Yes,Water
M2_00944,2026-02-22 07:27:30,23.0,6.63,4.727,2371,Yes,Salt
M2_00945,2026-02-22 07:36:21,31.62,6.7,5.321,2432,Yes,Urea
M2_00946,2026-02-22 07:59:53,22.62,6.91,4.212,2355,No,None
M2_00947,2026-02-22 08:14:29,31.75,6.6,5.401,2395,No,None
M2_00948,2026-02-22 08:15:36,25.94,6.72,4.272,1958,No,None
M2_00949,2026-02-22 09:14:55,25.19,6.59,4.771,2564,Yes,Sugar
M2_00950,2026-02-22 18:54:49,33.12,6.46,5.89,2459,Yes,Sugar
M2_00951,2026-02-22 19:00:33,28.69,6.61,5.291,2402,No,None
M2_00952,2026-02-22 19:11:37,30.12,6.76,5.589,2595,No,None
M2_00953,2026-02-23 05:32:44,8.44,6.87,2.874,2171,Yes,Urea
M2_00954,2026-02-23 06:18:44,29.0,6.75,4.488,2198,No,None
M2_00955,2026-02-23 06:20:22,17.25,6.58,4.186,2550,No,None
M2_00956,2026-02-23 06:28:52,22.06,6.87,4.254,2254,Yes,Urea
M2_00957,2026-02-23 06:59:29,15.12,6.75,3.114,1997,Yes,Urea
M2_00958,2026-02-23 07:20:58,19.56,6.7,4.518,2528,No,None
M2_00959,2026-02-23 07:24:28,20.94,6.72,4.234,2354,Yes,Sugar
M2_00960,2026-02-23 07:34:52,20.31,6.79,5.124,2669,Yes,Salt
M2_00961,2026-02-23 07:43:56,33.56,6.65,6.164,2609,Yes,Water
M2_00962,2026-02-23 08:06:47,20.75,6.93,4.343,2352,Yes,Sugar
M2_00963,2026-02-23 08:17:07,19.19,6.72,4.182,2228,No,None
M2_00964,2026-02-23 08:30:41,17.69,6.76,4.096,2255,No,None
M2_00965,2026-02-23 09:01:31,40.38,6.56,6.472,2576,No,None
M2_00966,2026-02-23 09:05:45,29.75,6.65,3.517,1692,Yes,Water
M2_00967,2026-02-23 09:29:02,32.31,6.53,6.173,2560,No,None
M2_00968,2026-02-23 16:37:25,21.88,6.68,4.29,2392,No,None
M2_00969,2026-02-23 16:56:26,18.5,6.82,3.692,2111,No,None
M2_00970,2026-02-23 17:14:05,34.5,6.53,5.744,2470,Yes,Sugar
M2_00971,2026-02-23 18:36:48,36.81,6.54,6.517,2687,Yes,Urea
M2_00972,2026-02-23 18:43:14,13.0,7.01,3.25,1991,Yes,Water
M2_00973,2026-02-24 05:32:02,31.81,6.72,4.822,2310,No,None
M2_00974,2026-02-24 06:07:02,3.75,6.93,1.089,971,Yes,Water
M2_00975,2026-02-24 07:07:04,22.81,6.79,6.389,3420,Yes,Salt
M2_00976,2026-02-24 07:28:08,24.19,6.52,5.937,3166,Yes,Salt
M2_00977,2026-02-24 07:33:05,20.94,6.68,4.22,2387,Yes,Water
M2_00978,2026-02-24 07:50:54,30.56,6.64,4.221,1870,Yes,Water
M2_00979,2026-02-24 08:00:18,10.88,6.83,3.144,2159,No,None
M2_00980,2026-02-24 08:23:53,15.12,6.79,3.517,2233,No,None
M2_00981,2026-02-24 08:41:24,23.12,6.61,5.564,2729,No,None
M2_00982,2026-02-24 09:05:26,20.62,6.73,4.207,2233,Yes,Urea
M2_00983,2026-02-24 09:06:11,31.19,6.61,5.096,2358,No,None
M2_00984,2026-02-24 16:57:38,13.56,6.77,3.475,2391,No,None
M2_00985,2026-02-24 17:05:09,14.12,6.61,3.719,2790,No,None
M2_00986,2026-02-24 17:54:34,8.31,6.72,3.364,2447,Yes,Salt
M2_00987,2026-02-24 18:21:08,24.38,6.69,4.197,2104,No,None
M2_00988,2026-02-24 19:20:31,11.62,6.84,3.121,2063,Yes,Sugar
M2_00989,2026-02-25 05:41:52,18.25,6.84,4.486,2411,Yes,Urea
M2_00990,2026-02-25 05:50:27,14.81,6.92,3.488,2154,Yes,Urea
M2_00991,2026-02-25 06:38:10,4.69,6.77,3.168,2782,Yes,Salt
M2_00992,2026-02-25 08:46:53,26.94,6.77,4.053,2146,Yes,Water
M2_00993,2026-02-25 08:55:24,24.25,6.87,3.878,1988,Yes,Water
M2_00994,2026-02-25 08:58:26,15.19,6.8,4.108,2513,Yes,Salt
M2_00995,2026-02-25 09:00:18,22.94,6.64,4.963,2787,Yes,Sugar
M2_00996,2026-02-25 09:02:19,22.88,6.53,3.88,2210,Yes,Sugar
M2_00997,2026-02-25 09:14:27,30.06,6.54,5.29,2420,Yes,Sugar
M2_00998,2026-02-25 09:20:41,31.94,6.77,9.173,4165,Yes,Salt
M2_00999,2026-02-25 09:24:12,8.81,6.9,3.001,2264,Yes,Sugar
M2_01000,2026-02-25 12:08:48,33.75,6.79,4.178,1753,Yes,Water
M2_01001,2026-02-25 16:05:52,20.88,6.7,4.519,2616,Yes,Salt
M2_01002,2026-02-25 16:59:14,30.25,6.7,5.218,2459,No,None
M2_01003,2026-02-25 17:11:09,36.88,6.64,6.133,2542,Yes,Urea
M2_01004,2026-02-25 17:16:08,11.5,6.88,3.413,2280,No,None
M2_01005,2026-02-25 17:30:41,26.94,6.93,5.343,2497,Yes,Urea
M2_01006,2026-02-25 17:54:17,9.81,6.92,3.122,2266,Yes,Salt
M2_01007,2026-02-25 18:10:37,37.75,6.67,3.634,1422,Yes,Water
M2_01008,2026-02-25 18:30:35,21.75,6.62,3.75,2362,Yes,Sugar
M2_01009,2026-02-25 22:22:15,16.81,6.83,3.269,1906,Yes,Sugar
M2_01010,2026-02-26 05:36:26,7.62,6.88,3.029,2125,Yes,Urea
M2_01011,2026-02-26 05:38:21,36.06,6.6,6.024,2412,No,None
M2_01012,2026-02-26 05:55:32,18.88,6.62,4.057,1995,No,None
M2_01013,2026-02-26 06:13:56,20.0,6.61,5.767,3300,Yes,Salt
M2_01014,2026-02-26 06:24:22,24.81,6.68,5.134,2528,No,None
M2_01015,2026-02-26 06:45:07,16.81,6.81,3.712,2098,No,None
M2_01016,2026-02-26 07:27:17,28.31,6.65,6.845,3254,Yes,Salt
M2_01017,2026-02-26 07:39:20,21.12,6.67,4.868,2643,Yes,Salt
M2_01018,2026-02-26 07:52:58,17.69,6.89,3.638,2182,Yes,Urea
M2_01019,2026-02-26 08:04:55,15.94,6.87,2.238,1304,Yes,Water
M2_01020,2026-02-26 08:16:11,4.69,7.06,2.466,2038,Yes,Urea
M2_01021,2026-02-26 08:23:39,12.38,6.98,2.235,1547,Yes,Water
M2_01022,2026-02-26 08:30:16,31.0,6.54,6.77,3042,Yes,Salt
M2_01023,2026-02-26 08:38:55,25.69,6.77,5.272,2480,Yes,Water
M2_01024,2026-02-26 08:40:58,19.69,6.71,6.1,3376,Yes,Salt
M2_01025,2026-02-26 08:44:41,24.62,6.93,3.84,1921,Yes,Water
M2_01026,2026-02-26 08:54:36,21.25,6.69,3.871,2345,Yes,Water
M2_01027,2026-02-26 09:00:16,20.62,6.79,9.839,5401,Yes,Salt
M2_01028,2026-02-26 09:01:46,15.94,6.85,3.415,2149,Yes,Water
M2_01029,2026-02-26 09:11:56,19.25,6.91,3.999,2157,Yes,Water
M2_01030,2026-02-26 17:07:06,19.88,6.69,3.789,2089,Yes,Water
M2_01031,2026-02-26 17:12:49,23.94,6.6,4.565,2225,No,None
M2_01032,2026-02-26 17:20:48,28.25,6.6,5.972,2985,No,None
M2_01033,2026-02-26 17:51:01,22.44,6.67,5.362,2659,Yes,Salt
M2_01034,2026-02-26 17:58:28,14.06,6.89,3.083,1959,No,None
M2_01035,2026-02-26 18:26:25,19.75,6.79,4.079,2340,No,None
M2_01036,2026-02-26 18:51:08,30.44,6.61,5.249,2233,No,None
M2_01037,2026-02-27 05:36:56,20.25,6.66,4.915,2693,Yes,Salt
M2_01038,2026-02-27 05:44:19,10.88,7.0,3.05,2091,Yes,Urea
M2_01039,2026-02-27 06:19:32,6.62,6.89,2.65,2130,Yes,Salt
M2_01040,2026-02-27 06:53:28,24.31,6.5,4.94,2417,No,None
M2_01041,2026-02-27 07:09:19,28.94,6.62,7.218,2877,Yes,Salt
M2_01042,2026-02-27 07:19:02,24.44,6.73,3.422,1745,Yes,Water
M2_01043,2026-02-27 07:32:35,21.12,6.75,4.126,2070,Yes,Water
M2_01044,2026-02-27 07:39:13,38.06,6.49,6.231,2634,No,None
M2_01045,2026-02-27 08:04:25,22.56,6.64,4.034,2097,No,None
M2_01046,2026-02-27 08:21:35,9.75,6.72,2.112,1363,Yes,Water
M2_01047,2026-02-27 08:42:49,8.81,6.81,2.791,2060,Yes,Water
M2_01048,2026-02-27 09:01:10,28.94,6.71,5.841,2806,No,None
M2_01049,2026-02-27 09:14:43,28.69,6.56,8.645,3968,Yes,Salt
M2_01050,2026-02-27 09:26:16,28.5,6.64,5.761,2676,Yes,Urea
M2_01051,2026-02-27 16:02:28,4.38,7.18,2.354,2015,Yes,Urea
M2_01052,2026-02-27 17:35:50,5.94,6.83,1.914,1600,No,None
M2_01053,2026-02-27 17:59:07,29.25,6.65,5.345,2504,No,None
M2_01054,2026-02-28 05:44:39,16.0,6.74,3.886,2301,No,None
M2_01055,2026-02-28 06:00:13,27.19,6.76,7.592,3673,Yes,Salt
M2_01056,2026-02-28 06:10:30,11.25,6.9,3.527,2573,No,None
M2_01057,2026-02-28 07:01:41,12.5,6.86,2.735,1623,Yes,Water
M2_01058,2026-02-28 07:11:15,37.5,6.61,4.07,1692,Yes,Water
M2_01059,2026-02-28 07:30:54,27.75,6.74,4.725,2365,Yes,Water
M2_01060,2026-02-28 08:00:57,13.06,6.78,3.632,2378,Yes,Urea
M2_01061,2026-02-28 08:16:40,20.06,6.82,4.198,2253,No,None
M2_01062,2026-02-28 08:46:03,11.62,7.02,3.055,2022,Yes,Sugar
M2_01063,2026-02-28 08:55:30,27.75,6.66,5.631,2874,Yes,Sugar
M2_01064,2026-02-28 09:13:03,26.25,6.76,5.503,2680,Yes,Urea
M2_01065,2026-02-28 09:13:06,23.81,6.62,5.489,2879,Yes,Salt
M2_01066,2026-02-28 13:07:57,26.69,6.65,6.215,2954,Yes,Salt
M2_01067,2026-02-28 16:24:29,25.38,6.68,4.953,2678,Yes,Salt
M2_01068,2026-02-28 16:52:45,26.69,6.72,4.726,2168,No,None
M2_01069,2026-02-28 17:00:27,27.88,6.82,5.291,2244,Yes,Urea
M2_01070,2026-02-28 17:20:16,19.25,6.76,3.975,2271,No,None
M2_01071,2026-02-28 17:50:48,14.81,6.73,4.106,2770,Yes,Salt
M2_01072,2026-02-28 18:25:28,24.5,6.82,4.454,2317,No,None
M2_01073,2026-02-28 18:29:15,9.31,6.78,3.153,2258,No,None
M2_01074,2026-02-28 20:51:08,14.25,6.99,4.607,3097,Yes,Urea
M2_01075,2026-03-01 06:52:57,11.25,6.87,3.775,2614,Yes,Salt
M2_01076,2026-03-01 07:00:38,8.69,6.82,2.629,2158,No,None
M2_01077,2026-03-01 07:14:17,29.75,6.6,5.932,2467,Yes,Urea
M2_01078,2026-03-01 07:34:15,8.31,6.85,2.633,1919,Yes,Water
M2_01079,2026-03-01 07:54:41,15.38,6.66,2.683,1553,Yes,Water
M2_01080,2026-03-01 08:49:17,7.25,6.95,2.371,1898,Yes,Urea
M2_01081,2026-03-01 08:51:59,23.94,6.65,4.918,2430,Yes,Urea
M2_01082,2026-03-01 08:53:49,28.75,6.93,5.614,2564,Yes,Urea
M2_01083,2026-03-01 16:10:22,17.62,6.65,3.696,2328,Yes,Sugar
M2_01084,2026-03-01 16:28:06,24.5,6.69,4.449,2245,No,None
M2_01085,2026-03-01 16:43:47,19.81,6.74,4.393,2571,No,None
M2_01086,2026-03-01 17:45:48,32.88,6.68,5.841,2665,Yes,Urea
M2_01087,2026-03-01 18:07:25,30.94,6.54,5.312,2278,No,None
M2_01088,2026-03-01 19:00:37,34.25,6.54,5.302,2295,Yes,Water
M2_01089,2026-03-02 05:53:48,24.81,6.78,4.742,2374,No,None
M2_01090,2026-03-02 05:55:05,34.75,6.58,5.766,2504,No,None
M2_01091,2026-03-02 06:00:23,20.06,6.66,4.576,2583,No,None
M2_01092,2026-03-02 06:21:53,25.12,6.76,3.975,1986,Yes,Water
M2_01093,2026-03-02 06:31:06,31.56,6.6,5.713,2378,Yes,Urea
M2_01094,2026-03-02 06:41:42,9.75,6.76,2.943,2237,No,None
M2_01095,2026-03-02 07:55:20,16.44,6.76,3.282,2075,No,None
M2_01096,2026-03-02 08:36:00,18.75,6.78,4.209,2480,No,None
M2_01097,2026-03-02 08:41:47,19.25,6.76,3.945,2132,No,None
M2_01098,2026-03-02 09:03:09,14.0,6.83,3.956,2320,Yes,Urea
M2_01099,2026-03-02 09:09:23,30.38,6.75,3.365,1466,Yes,Water
M2_01100,2026-03-02 09:19:35,18.75,6.67,4.102,2424,No,None
M2_01101,2026-03-02 16:00:55,8.12,6.75,2.755,2073,No,None
M2_01102,2026-03-02 16:35:27,8.94,6.91,2.624,1986,No,None
M2_01103,2026-03-02 17:01:40,16.19,6.68,4.27,2698,No,None
M2_01104,2026-03-02 17:33:42,19.0,6.73,4.078,2212,No,None
M2_01105,2026-03-02 17:48:29,26.25,6.84,4.939,2360,Yes,Water
M2_01106,2026-03-02 18:50:08,24.88,6.63,4.291,1998,No,None
M2_01107,2026-03-02 19:19:27,25.56,6.68,4.954,2605,No,None
M2_01108,2026-03-03 05:32:44,9.69,6.83,2.993,2194,No,None
M2_01109,2026-03-03 05:59:45,34.75,6.56,5.234,2137,Yes,Water
M2_01110,2026-03-03 06:27:17,27.5,6.58,4.842,2242,Yes,Urea
M2_01111,2026-03-03 06:40:33,16.0,6.55,3.86,2396,Yes,Sugar
M2_01112,2026-03-03 06:50:45,20.88,6.68,4.497,2469,No,None
M2_01113,2026-03-03 07:06:15,29.5,6.67,5.435,2561,Yes,Urea
M2_01114,2026-03-03 07:18:34,25.5,6.71,4.583,2380,No,None
M2_01115,2026-03-03 07:30:47,31.81,6.7,5.639,2468,No,None
M2_01116,2026-03-03 07:42:25,15.44,6.93,3.554,2186,No,None
M2_01117,2026-03-03 07:44:54,28.69,6.71,5.645,2861,No,None
M2_01118,2026-03-03 08:06:09,12.44,6.64,3.191,2169,No,None
M2_01119,2026-03-03 08:27:41,17.19,6.87,4.023,2432,No,None
M2_01120,2026-03-03 08:30:03,3.06,6.89,1.858,1739,No,None
M2_01121,2026-03-03 08:53:58,26.44,6.83,4.513,2182,No,None
M2_01122,2026-03-03 16:23:56,9.12,6.77,2.703,1939,Yes,Water
M2_01123,2026-03-03 16:44:20,16.31,6.89,3.902,2408,No,None
M2_01124,2026-03-03 16:58:49,15.31,6.85,3.637,2567,Yes,Sugar
M2_01125,2026-03-03 17:25:43,32.06,6.35,4.899,2251,Yes,Urea
M2_01126,2026-03-03 18:04:34,30.81,6.75,5.257,2301,No,None
M2_01127,2026-03-03 18:24:17,26.69,6.58,4.783,2329,No,None
M2_01128,2026-03-03 18:51:20,34.31,6.43,6.451,2901,Yes,Salt
M2_01129,2026-03-03 18:53:05,21.38,6.77,4.092,2359,Yes,Sugar
M2_01130,2026-03-04 05:58:41,32.0,6.73,5.445,2415,No,None
M2_01131,2026-03-04 06:13:15,12.44,6.89,3.274,2345,Yes,Sugar
M2_01132,2026-03-04 06:31:25,27.25,6.58,5.262,2676,No,None
M2_01133,2026-03-04 06:42:46,35.38,6.55,5.358,2393,Yes,Sugar
M2_01134,2026-03-04 07:31:49,28.62,6.58,5.307,2760,No,None
M2_01135,2026-03-04 07:59:21,31.56,6.69,5.402,2533,No,None
M2_01136,2026-03-04 08:00:07,28.94,6.64,5.044,2680,Yes,Sugar
M2_01137,2026-03-04 08:53:35,18.62,6.71,4.347,2315,No,None
M2_01138,2026-03-04 09:18:01,13.94,6.64,4.012,2426,No,None
M2_01139,2026-03-04 15:42:26,34.12,6.38,5.804,2489,No,None
M2_01140,2026-03-04 16:15:08,26.62,6.62,5.205,2556,No,None
M2_01141,2026-03-04 17:00:03,18.44,6.43,4.204,2454,No,None
M2_01142,2026-03-04 17:02:11,16.25,6.98,4.372,2734,No,None
M2_01143,2026-03-04 17:04:15,28.75,6.66,5.168,2239,No,None
M2_01144,2026-03-04 17:07:35,30.19,6.48,5.431,2619,Yes,Salt
M2_01145,2026-03-05 06:30:23,10.88,6.65,2.723,1823,Yes,Water
M2_01146,2026-03-05 06:49:11,27.38,6.66,4.774,2376,No,None
M2_01147,2026-03-05 07:01:05,17.81,6.78,3.748,2201,Yes,Sugar
M2_01148,2026-03-05 07:09:57,31.44,6.71,6.571,2866,Yes,Salt
M2_01149,2026-03-05 07:46:03,26.5,6.7,4.537,2377,No,None
M2_01150,2026-03-05 08:06:35,24.88,6.58,6.503,3377,Yes,Salt
M2_01151,2026-03-05 08:40:19,10.06,7.07,2.199,1779,Yes,Water
M2_01152,2026-03-05 08:58:44,28.31,6.55,4.552,2240,No,None
M2_01153,2026-03-05 16:29:44,19.88,6.78,4.136,2528,Yes,Sugar
M2_01154,2026-03-05 18:04:01,25.25,6.58,5.029,2526,No,None
M2_01155,2026-03-05 18:28:32,14.94,6.77,3.743,2170,Yes,Sugar
M2_01156,2026-03-05 19:02:24,22.81,6.81,4.426,2418,Yes,Sugar
M2_01157,2026-03-06 06:53:53,21.94,6.66,4.489,2448,No,None
M2_01158,2026-03-06 07:30:48,14.94,6.82,4.436,2730,Yes,Urea
M2_01159,2026-03-06 08:40:21,27.62,6.6,4.789,2208,No,None
M2_01160,2026-03-06 08:44:07,16.44,6.81,3.908,2297,No,None
M2_01161,2026-03-06 08:44:15,18.12,6.84,3.643,2152,No,None
M2_01162,2026-03-06 09:02:55,6.31,6.75,2.772,2162,No,None
M2_01163,2026-03-06 09:06:17,20.69,6.77,4.143,2377,No,None
M2_01164,2026-03-06 09:15:28,24.19,6.84,4.549,2322,Yes,Urea
M2_01165,2026-03-06 16:02:14,19.0,6.79,4.058,2292,Yes,Urea
M2_01166,2026-03-06 18:08:35,9.62,6.82,3.06,2370,No,None
M2_01167,2026-03-06 18:10:36,27.19,6.55,4.564,2414,Yes,Sugar
M2_01168,2026-03-06 18:36:28,26.06,6.5,5.563,2789,No,None
M2_01169,2026-03-06 18:53:33,16.56,6.83,4.287,2534,Yes,Urea
M2_01170,2026-03-06 19:15:51,13.81,6.71,3.729,2447,No,None
M2_01171,2026-03-07 06:37:31,15.19,7.05,3.414,2190,Yes,Urea
M2_01172,2026-03-07 06:40:27,40.06,6.44,9.617,3756,Yes,Salt
M2_01173,2026-03-07 07:13:35,30.56,6.69,5.406,2636,Yes,Urea
M2_01174,2026-03-07 07:29:56,15.56,6.83,4.249,2514,Yes,Salt
M2_01175,2026-03-07 07:32:42,31.75,6.55,6.156,2991,No,None
M2_01176,2026-03-07 07:37:53,12.75,6.69,2.643,1751,Yes,Water
M2_01177,2026-03-07 07:43:00,16.94,6.68,4.686,2982,No,None
M2_01178,2026-03-07 08:14:17,25.94,6.72,4.796,2344,No,None
M2_01179,2026-03-07 08:14:40,11.12,6.81,3.208,2293,Yes,Sugar
M2_01180,2026-03-07 08:31:18,30.12,6.61,6.19,2831,Yes,Salt
M2_01181,2026-03-07 08:37:34,26.69,6.82,5.056,2504,Yes,Sugar
M2_01182,2026-03-07 08:55:28,16.62,6.78,3.209,1955,Yes,Water
M2_01183,2026-03-07 09:01:26,19.0,6.6,4.224,2334,No,None
M2_01184,2026-03-07 09:01:38,27.88,6.66,5.5,2438,No,None
M2_01185,2026-03-07 09:22:27,11.81,6.86,3.017,1934,No,None
M2_01186,2026-03-07 16:08:24,37.69,6.61,6.781,2915,Yes,Sugar
M2_01187,2026-03-07 16:17:48,20.31,6.77,4.374,2413,Yes,Urea
M2_01188,2026-03-07 16:50:01,27.56,6.6,5.432,2733,Yes,Salt
M2_01189,2026-03-07 17:02:39,40.25,6.61,6.12,2245,Yes,Urea
M2_01190,2026-03-07 17:31:23,12.94,6.81,3.662,2635,Yes,Sugar
M2_01191,2026-03-07 20:55:06,15.56,6.59,3.308,2196,No,None
M2_01192,2026-03-08 05:36:34,32.38,6.52,6.161,2839,No,None
M2_01193,2026-03-08 05:43:31,13.62,6.68,6.798,4930,Yes,Salt
M2_01194,2026-03-08 06:04:05,13.81,6.71,3.502,2511,Yes,Sugar
M2_01195,2026-03-08 06:30:17,8.0,6.98,2.615,2023,Yes,Water
M2_01196,2026-03-08 06:42:40,17.12,6.7,4.073,2455,No,None
M2_01197,2026-03-08 07:27:24,21.69,6.82,4.593,2417,No,None
M2_01198,2026-03-08 07:27:42,28.62,6.77,5.935,2615,Yes,Urea
M2_01199,2026-03-08 07:52:11,14.25,6.67,4.481,3037,Yes,Salt
M2_01200,2026-03-08 07:59:50,32.81,6.77,5.101,2218,Yes,Urea
M2_01201,2026-03-08 08:12:56,30.12,6.55,4.924,2339,No,None
M2_01202,2026-03-08 08:50:06,10.25,6.77,3.583,2610,Yes,Salt
M2_01203,2026-03-08 16:04:14,12.19,6.86,3.143,2107,Yes,Urea
M2_01204,2026-03-08 16:04:38,3.69,6.8,3.391,2832,Yes,Salt
M2_01205,2026-03-08 17:59:04,12.0,6.64,3.312,2259,Yes,Sugar
M2_01206,2026-03-08 18:19:15,31.75,6.4,5.196,2365,No,None
M2_01207,2026-03-08 18:27:46,3.19,6.97,2.089,1877,No,None
M2_01208,2026-03-08 18:43:18,31.12,6.62,5.458,2545,No,None
M2_01209,2026-03-08 18:43:47,13.06,6.77,3.746,2568,No,None
M2_01210,2026-03-08 19:02:25,26.0,6.59,4.918,2485,No,None
M2_01211,2026-03-08 19:16:18,9.5,6.82,2.754,2235,Yes,Sugar
M2_01212,2026-03-08 20:26:57,21.31,6.62,6.065,3378,Yes,Salt
M2_01213,2026-03-09 06:15:09,26.62,6.67,5.014,2434,Yes,Sugar
M2_01214,2026-03-09 06:21:15,9.88,6.97,2.041,1514,Yes,Water
M2_01215,2026-03-09 06:25:08,35.75,6.61,6.591,2955,Yes,Sugar
M2_01216,2026-03-09 06:25:13,30.31,6.75,5.451,2532,No,None
M2_01217,2026-03-09 06:33:27,25.44,7.0,4.43,2215,Yes,Urea
M2_01218,2026-03-09 06:47:38,37.56,6.53,5.867,2328,Yes,Sugar
M2_01219,2026-03-09 06:52:42,11.81,6.91,3.115,2179,No,None
M2_01220,2026-03-09 07:03:54,26.0,6.7,5.187,2629,Yes,Urea
M2_01221,2026-03-09 07:56:45,21.12,6.68,4.563,2395,No,None
M2_01222,2026-03-09 08:20:26,29.5,6.5,4.961,2457,No,None
M2_01223,2026-03-09 08:20:40,20.81,6.71,7.65,4196,Yes,Salt
M2_01224,2026-03-09 08:44:54,24.94,6.56,4.239,2152,No,None
M2_01225,2026-03-09 09:03:07,28.5,6.6,6.112,2925,Yes,Salt
M2_01226,2026-03-09 09:07:43,23.94,6.63,6.248,3357,Yes,Salt
M2_01227,2026-03-09 09:24:18,15.06,7.01,3.903,2318,Yes,Water
M2_01228,2026-03-09 16:46:40,23.19,6.63,4.538,2507,No,None
M2_01229,2026-03-09 16:52:53,24.88,6.82,5.892,2907,No,None
M2_01230,2026-03-09 17:44:50,24.38,6.74,4.407,2319,No,None
M2_01231,2026-03-10 00:16:34,24.0,6.64,4.59,2398,No,None
M2_01232,2026-03-10 05:39:50,25.56,6.71,5.35,2576,Yes,Urea
M2_01233,2026-03-10 05:39:56,25.56,6.69,5.17,2744,No,None
M2_01234,2026-03-10 06:13:15,28.31,6.58,5.593,2586,No,None
M2_01235,2026-03-10 07:01:41,12.06,6.85,3.959,2813,Yes,Salt
M2_01236,2026-03-10 07:08:06,38.62,6.61,6.179,2505,No,None
M2_01237,2026-03-10 07:24:36,22.5,6.61,6.256,3452,Yes,Salt
M2_01238,2026-03-10 07:40:25,27.88,6.48,8.94,4208,Yes,Salt
M2_01239,2026-03-10 08:01:53,11.38,7.14,3.121,2047,Yes,Urea
M2_01240,2026-03-10 08:12:27,20.81,6.63,4.433,2369,No,None
M2_01241,2026-03-10 08:18:14,28.06,6.67,4.971,2418,Yes,Water
M2_01242,2026-03-10 08:29:39,22.12,6.69,4.396,2664,Yes,Urea
M2_01243,2026-03-10 08:45:01,25.19,6.44,4.579,2559,Yes,Sugar
M2_01244,2026-03-10 08:58:55,24.62,6.78,4.668,2340,Yes,Water
M2_01245,2026-03-10 16:02:10,23.31,6.62,4.163,2145,Yes,Water
M2_01246,2026-03-10 16:13:32,12.44,6.73,3.722,2545,No,None
M2_01247,2026-03-10 17:20:44,19.38,6.66,4.084,2215,No,None
M2_01248,2026-03-10 17:40:59,11.19,6.87,2.572,1808,Yes,Water
M2_01249,2026-03-10 17:51:41,20.5,6.72,3.901,2324,No,None
M2_01250,2026-03-10 18:27:31,16.5,6.82,3.724,2113,Yes,Water
M2_01251,2026-03-10 18:40:18,30.38,6.72,5.504,2419,Yes,Salt
M2_01252,2026-03-10 23:47:20,31.88,6.71,5.296,2264,No,None
M2_01253,2026-03-11 06:00:17,31.81,6.69,3.816,1712,Yes,Water
M2_01254,2026-03-11 06:20:45,25.25,6.67,5.309,2879,Yes,Salt
M2_01255,2026-03-11 06:26:53,19.38,6.69,3.954,2272,Yes,Sugar
M2_01256,2026-03-11 06:31:59,39.88,6.41,6.537,2475,Yes,Urea
M2_01257,2026-03-11 06:44:42,25.19,6.6,5.824,3078,Yes,Urea
M2_01258,2026-03-11 06:51:48,24.38,6.69,5.163,2653,Yes,Urea
M2_01259,2026-03-11 06:53:53,10.75,6.6,3.145,2269,Yes,Urea
M2_01260,2026-03-11 07:04:28,25.75,6.68,4.244,2332,Yes,Urea
M2_01261,2026-03-11 07:41:44,27.12,6.62,5.044,2605,Yes,Sugar
M2_01262,2026-03-11 08:40:55,23.81,6.68,5.445,2697,Yes,Salt
M2_01263,2026-03-11 08:42:25,31.44,6.58,5.217,2344,Yes,Urea
M2_01264,2026-03-11 09:16:17,11.69,6.71,3.472,2447,No,None
M2_01265,2026-03-11 09:25:04,13.94,6.7,4.537,2881,No,None
M2_01266,2026-03-11 16:27:58,30.94,6.75,2.876,1256,Yes,Water
M2_01267,2026-03-11 16:43:52,13.0,6.54,2.328,1559,Yes,Water
M2_01268,2026-03-11 17:32:26,34.5,6.49,8.222,3564,Yes,Salt
M2_01269,2026-03-11 17:39:17,24.25,6.75,4.126,2174,Yes,Water
M2_01270,2026-03-11 18:54:40,16.56,6.67,3.445,2062,Yes,Urea
M2_01271,2026-03-11 18:58:59,32.44,6.68,5.21,2297,No,None
M2_01272,2026-03-12 03:33:01,29.19,6.58,4.301,1873,Yes,Water
M2_01273,2026-03-12 06:53:16,18.31,6.93,3.458,2240,Yes,Sugar
M2_01274,2026-03-12 07:09:54,23.0,6.65,4.206,2349,Yes,Sugar
M2_01275,2026-03-12 07:13:38,21.19,6.62,3.159,1857,Yes,Water
M2_01276,2026-03-12 07:37:51,36.94,6.37,5.665,2278,No,None
M2_01277,2026-03-12 07:52:34,25.62,6.73,5.491,2973,Yes,Sugar
M2_01278,2026-03-12 08:31:58,19.44,6.88,4.815,2994,Yes,Urea
M2_01279,2026-03-12 08:55:41,24.75,6.55,4.467,2234,Yes,Water
M2_01280,2026-03-12 09:05:12,8.44,6.73,2.455,1822,Yes,Water
M2_01281,2026-03-12 09:15:54,34.44,6.68,7.121,3149,Yes,Salt
M2_01282,2026-03-12 18:31:17,21.94,6.85,3.315,1900,Yes,Water
M2_01283,2026-03-12 19:10:48,16.81,6.85,3.816,2280,Yes,Salt
M2_01284,2026-03-12 19:20:57,32.44,6.64,4.6,1947,Yes,Water
M2_01285,2026-03-12 21:19:53,26.81,6.79,4.942,2445,Yes,Urea
M2_01286,2026-03-13 05:47:26,30.5,6.64,5.561,2516,Yes,Sugar
M2_01287,2026-03-13 06:03:36,30.19,6.82,4.584,2135,Yes,Sugar
M2_01288,2026-03-13 06:26:57,24.81,6.7,4.531,2399,No,None
M2_01289,2026-03-13 09:27:03,15.75,6.88,3.376,2075,No,None
M2_01290,2026-03-13 09:27:37,27.75,6.94,6.92,3154,Yes,Urea
M2_01291,2026-03-13 16:57:17,32.5,6.53,6.686,3038,Yes,Salt
M2_01292,2026-03-13 17:02:03,26.5,6.93,3.611,1602,Yes,Water
M2_01293,2026-03-13 17:09:18,7.38,6.79,2.569,2160,Yes,Sugar
M2_01294,2026-03-13 17:34:30,23.12,6.58,4.791,2529,No,None
M2_01295,2026-03-13 17:54:50,16.88,6.65,3.892,2370,No,None
M2_01296,2026-03-13 18:11:24,20.81,6.74,3.778,2204,No,None
M2_01297,2026-03-13 18:50:03,33.81,6.62,4.825,2058,Yes,Sugar
M2_01298,2026-03-14 05:31:00,31.06,6.75,4.946,2314,No,None
M2_01299,2026-03-14 05:37:59,34.56,6.63,9.793,4123,Yes,Salt
M2_01300,2026-03-14 06:01:06,31.44,6.85,5.391,2418,Yes,Sugar
M2_01301,2026-03-14 06:21:20,32.25,6.76,5.17,2262,Yes,Urea
M2_01302,2026-03-14 07:07:05,25.44,6.73,4.485,2295,Yes,Urea
M2_01303,2026-03-14 07:34:04,31.5,6.7,7.082,3123,No,None
M2_01304,2026-03-14 07:40:51,13.69,6.76,3.468,2386,No,None
M2_01305,2026-03-14 07:50:19,12.19,6.82,3.497,2470,No,None
M2_01306,2026-03-14 08:21:30,9.94,6.84,2.736,1833,No,None
M2_01307,2026-03-14 08:22:38,7.69,6.81,2.404,1943,Yes,Sugar
M2_01308,2026-03-14 08:25:55,29.44,6.81,5.797,2983,No,None
M2_01309,2026-03-14 08:27:20,16.94,6.88,3.43,2056,No,None
M2_01310,2026-03-14 08:27:27,25.06,6.74,4.454,2098,No,None
M2_01311,2026-03-14 08:38:27,30.44,6.68,5.621,2306,Yes,Urea
M2_01312,2026-03-14 16:31:27,14.06,6.79,2.769,1808,Yes,Water
M2_01313,2026-03-15 05:56:55,3.0,6.93,1.643,1470,Yes,Water
M2_01314,2026-03-15 06:00:00,25.81,6.77,4.075,2128,Yes,Sugar
M2_01315,2026-03-15 06:08:33,20.69,6.69,3.822,2289,Yes,Sugar
M2_01316,2026-03-15 06:10:39,36.12,6.45,6.281,2657,No,None
M2_01317,2026-03-15 06:32:55,22.0,6.84,7.048,4070,Yes,Salt
M2_01318,2026-03-15 06:42:57,19.94,6.7,4.232,2265,Yes,Urea
M2_01319,2026-03-15 06:58:18,19.12,6.74,4.263,2290,No,None
M2_01320,2026-03-15 07:17:59,33.0,6.65,6.01,2533,Yes,Salt
M2_01321,2026-03-15 07:19:36,26.19,6.69,5.137,2555,No,None
M2_01322,2026-03-15 07:34:42,16.31,6.77,4.329,2489,Yes,Salt
M2_01323,2026-03-15 08:01:52,18.0,6.85,7.635,4441,Yes,Salt
M2_01324,2026-03-15 08:56:26,4.56,6.8,2.28,1861,Yes,Sugar
M2_01325,2026-03-15 16:21:44,19.31,6.93,4.669,2419,Yes,Urea
M2_01326,2026-03-15 16:29:27,32.31,6.58,5.376,2499,Yes,Sugar
M2_01327,2026-03-15 17:52:03,6.25,6.82,2.262,1954,Yes,Water
M2_01328,2026-03-15 18:20:41,18.06,6.59,5.048,2748,Yes,Salt
M2_01329,2026-03-15 22:48:04,29.56,6.62,5.669,2610,Yes,Urea
M2_01330,2026-03-16 02:58:43,14.88,6.85,7.687,5087,Yes,Salt
M2_01331,2026-03-16 05:37:07,20.81,6.86,3.682,2232,Yes,Sugar
M2_01332,2026-03-16 06:03:44,34.19,6.75,5.688,2473,No,None
M2_01333,2026-03-16 06:22:56,28.19,6.57,4.901,2383,Yes,Water
M2_01334,2026-03-16 07:18:31,26.56,6.6,4.781,2364,No,None
M2_01335,2026-03-16 08:03:02,19.5,6.93,4.168,2520,Yes,Urea
M2_01336,2026-03-16 08:09:59,14.44,6.62,3.298,2157,Yes,Water
M2_01337,2026-03-16 08:57:01,2.94,7.02,1.53,1428,Yes,Water
M2_01338,2026-03-16 09:03:15,6.25,6.87,2.197,1725,Yes,Water
M2_01339,2026-03-16 09:03:44,20.31,6.72,3.873,2370,No,None
M2_01340,2026-03-16 16:24:20,21.88,6.67,5.359,2730,Yes,Sugar
M2_01341,2026-03-17 05:34:39,13.12,7.04,3.575,2419,Yes,Water
M2_01342,2026-03-17 05:36:59,15.12,6.67,4.605,3115,Yes,Salt
M2_01343,2026-03-17 05:37:56,21.38,6.51,4.116,2155,No,None
M2_01344,2026-03-17 05:52:46,28.44,6.73,5.279,2374,No,None
M2_01345,2026-03-17 05:59:13,16.12,6.63,5.176,3286,Yes,Salt
M2_01346,2026-03-17 06:20:44,16.69,6.81,3.847,2268,No,None
M2_01347,2026-03-17 06:31:37,3.25,6.88,2.167,1964,Yes,Salt
M2_01348,2026-03-17 06:33:18,12.69,6.85,3.431,2513,Yes,Sugar
M2_01349,2026-03-17 06:58:14,26.25,6.73,5.268,2403,Yes,Salt
M2_01350,2026-03-17 07:05:46,26.94,6.94,4.956,2550,Yes,Urea
M2_01351,2026-03-17 07:51:01,32.88,6.8,7.06,2696,No,None
M2_01352,2026-03-17 08:51:00,25.38,6.72,4.2,2004,Yes,Water
M2_01353,2026-03-17 09:04:33,27.75,6.71,4.892,2187,Yes,Sugar
M2_01354,2026-03-17 16:16:32,15.06,6.8,3.547,2351,No,None
M2_01355,2026-03-17 16:48:43,25.75,6.57,5.194,2294,No,None
M2_01356,2026-03-17 16:48:57,37.0,6.59,5.823,2470,No,None
M2_01357,2026-03-17 16:52:46,12.56,6.88,3.21,2166,No,None
M2_01358,2026-03-17 18:46:00,6.38,6.94,2.38,1971,No,None
M2_01359,2026-03-18 05:43:05,17.88,6.85,4.132,2380,Yes,Urea
M2_01360,2026-03-18 06:19:13,24.31,6.74,4.435,2160,No,None
M2_01361,2026-03-18 06:23:26,26.0,6.95,3.216,1548,Yes,Water
M2_01362,2026-03-18 06:29:08,15.88,6.78,2.922,1733,Yes,Water
M2_01363,2026-03-18 06:44:48,27.25,6.67,4.241,2078,Yes,Water
M2_01364,2026-03-18 06:56:50,30.19,6.61,5.233,2493,No,None
M2_01365,2026-03-18 06:59:06,20.88,6.91,4.211,2544,Yes,Sugar
M2_01366,2026-03-18 07:26:43,33.5,6.5,5.137,2233,No,None
M2_01367,2026-03-18 07:52:42,13.12,6.88,5.198,3470,Yes,Salt
M2_01368,2026-03-18 07:57:01,23.69,6.55,6.788,3661,Yes,Salt
M2_01369,2026-03-18 08:17:48,27.25,6.67,5.091,2428,Yes,Urea
M2_01370,2026-03-18 17:23:48,15.0,6.72,3.934,2371,No,None
M2_01371,2026-03-18 17:39:29,22.19,6.87,4.074,2212,Yes,Urea
M2_01372,2026-03-18 17:48:12,23.88,6.85,6.104,3293,Yes,Urea
M2_01373,2026-03-18 18:05:03,22.81,6.55,4.203,2228,No,None
M2_01374,2026-03-18 19:12:39,29.31,6.63,6.029,2855,Yes,Salt
M2_01375,2026-03-19 05:57:21,7.81,6.77,2.526,1954,No,None
M2_01376,2026-03-19 06:04:50,32.75,6.71,5.155,2266,Yes,Water
M2_01377,2026-03-19 06:49:40,17.31,6.96,4.665,2789,No,None
M2_01378,2026-03-19 06:50:01,19.62,6.66,3.161,1988,Yes,Water
M2_01379,2026-03-19 07:32:24,29.19,6.68,6.098,2887,No,None
M2_01380,2026-03-19 07:52:44,6.38,7.01,2.318,1904,No,None
M2_01381,2026-03-19 07:57:27,24.5,6.8,4.561,2363,No,None
M2_01382,2026-03-19 08:12:39,18.25,6.65,3.835,2426,Yes,Sugar
M2_01383,2026-03-19 08:49:46,29.19,6.71,5.594,2715,No,None
M2_01384,2026-03-19 08:56:32,16.56,7.01,3.921,2259,Yes,Urea
M2_01385,2026-03-19 09:01:50,20.69,6.75,4.048,2085,Yes,Urea
M2_01386,2026-03-19 09:15:11,6.56,6.93,2.625,2096,Yes,Sugar
M2_01387,2026-03-19 09:20:02,21.19,6.5,4.349,2249,No,None
M2_01388,2026-03-19 13:59:48,26.94,6.6,4.764,2239,Yes,Sugar
M2_01389,2026-03-19 16:04:05,17.5,6.76,3.936,2200,No,None
M2_01390,2026-03-19 16:08:27,31.81,6.67,4.856,2206,Yes,Urea
M2_01391,2026-03-19 16:23:24,32.12,6.82,5.237,2336,Yes,Urea
M2_01392,2026-03-19 17:43:39,37.25,6.61,6.658,2451,Yes,Urea
M2_01393,2026-03-19 22:39:04,23.94,6.66,4.933,2577,Yes,Urea
M2_01394,2026-03-20 05:37:44,28.06,6.71,4.869,2392,Yes,Water
M2_01395,2026-03-20 06:02:30,23.75,6.64,4.619,2350,No,None
M2_01396,2026-03-20 06:09:44,13.81,6.94,2.112,1479,Yes,Water
M2_01397,2026-03-20 06:10:17,20.56,6.64,3.891,2299,Yes,Sugar
M2_01398,2026-03-20 06:34:30,21.69,6.85,3.089,1741,Yes,Water
M2_01399,2026-03-20 06:50:49,2.94,6.96,1.884,1779,Yes,Urea
M2_01400,2026-03-20 07:11:34,21.25,6.73,4.548,2426,No,None
M2_01401,2026-03-20 07:15:37,23.44,6.66,4.054,2221,Yes,Sugar
M2_01402,2026-03-20 08:07:26,27.31,6.64,5.151,2462,No,None
M2_01403,2026-03-20 08:33:16,13.56,6.92,3.478,2613,Yes,Sugar
M2_01404,2026-03-20 09:10:03,39.94,6.62,7.82,2977,Yes,Salt
M2_01405,2026-03-20 09:10:40,27.94,6.67,4.849,2601,Yes,Urea
M2_01406,2026-03-20 09:23:54,17.81,6.87,4.186,2474,Yes,Sugar
M2_01407,2026-03-20 11:39:05,12.31,6.71,3.085,1887,No,None
M2_01408,2026-03-20 16:13:29,33.5,6.68,5.537,2567,Yes,Sugar
M2_01409,2026-03-20 16:26:06,25.0,6.71,4.274,2018,No,None
M2_01410,2026-03-20 16:53:32,27.06,6.78,4.674,2327,Yes,Sugar
M2_01411,2026-03-20 17:52:54,23.5,6.72,4.277,2117,Yes,Urea
M2_01412,2026-03-20 18:16:46,24.75,6.73,4.638,2347,No,None
M2_01413,2026-03-20 18:49:19,34.69,6.87,5.383,2155,Yes,Urea
M2_01414,2026-03-20 18:57:49,15.88,6.77,3.755,2321,No,None
M2_01415,2026-03-20 19:01:41,37.38,6.58,5.515,2229,Yes,Sugar
M2_01416,2026-03-21 05:32:52,26.31,6.82,5.046,2511,No,None
M2_01417,2026-03-21 05:50:59,30.44,6.64,5.708,2592,No,None
M2_01418,2026-03-21 07:26:10,22.12,6.72,4.665,2419,Yes,Urea
M2_01419,2026-03-21 07:36:24,25.06,6.5,4.475,2429,No,None
M2_01420,2026-03-21 07:58:13,26.69,6.74,5.631,2596,Yes,Salt
M2_01421,2026-03-21 08:14:18,18.31,6.71,3.864,2275,No,None
M2_01422,2026-03-21 08:19:12,24.44,6.68,5.404,2659,No,None
M2_01423,2026-03-21 08:23:24,28.69,6.72,5.4,2635,No,None
M2_01424,2026-03-21 08:24:57,29.75,6.87,5.346,2375,Yes,Urea
M2_01425,2026-03-21 09:12:58,20.44,6.8,4.45,2638,Yes,Sugar
M2_01426,2026-03-21 09:21:31,24.44,6.79,4.455,2224,No,None
M2_01427,2026-03-21 17:08:02,37.0,6.71,5.92,2700,No,None
M2_01428,2026-03-21 17:09:22,25.5,6.71,4.949,2285,Yes,Water
M2_01429,2026-03-21 19:04:20,5.25,6.82,2.127,1792,Yes,Sugar
M2_01430,2026-03-21 19:17:10,4.06,6.73,2.092,1803,No,None
M2_01431,2026-03-22 05:40:23,17.81,6.68,3.829,2302,Yes,Sugar
M2_01432,2026-03-22 05:44:41,31.06,6.6,5.651,2822,Yes,Urea
M2_01433,2026-03-22 05:47:09,24.69,6.79,4.769,2329,No,None
M2_01434,2026-03-22 07:14:07,30.06,6.63,4.717,1918,No,None
M2_01435,2026-03-22 07:25:48,33.06,6.71,6.033,2833,Yes,Salt
M2_01436,2026-03-22 07:39:15,22.88,6.56,4.664,2333,No,None
M2_01437,2026-03-22 07:39:53,34.12,6.55,4.757,2138,Yes,Water
M2_01438,2026-03-22 08:36:17,14.94,6.83,3.503,2455,Yes,Sugar
M2_01439,2026-03-22 08:45:53,16.69,6.75,3.864,2449,No,None
M2_01440,2026-03-22 08:51:06,39.81,6.62,6.393,2582,Yes,Urea
M2_01441,2026-03-22 09:01:11,29.81,6.63,4.193,1753,Yes,Water
M2_01442,2026-03-22 09:06:29,31.25,6.61,4.644,2249,Yes,Water
M2_01443,2026-03-22 16:04:35,27.5,6.58,4.976,2209,No,None
M2_01444,2026-03-22 16:31:25,18.44,6.71,4.003,2390,No,None
M2_01445,2026-03-22 16:32:25,26.56,6.64,5.065,2660,No,None
M2_01446,2026-03-22 17:31:12,25.88,6.88,4.322,2265,Yes,Urea
M2_01447,2026-03-22 18:13:16,12.94,6.75,3.088,2082,Yes,Sugar
M2_01448,2026-03-22 18:39:18,18.0,6.8,4.096,2378,Yes,Sugar
M2_01449,2026-03-22 18:54:54,10.88,6.86,2.615,1924,Yes,Water
M2_01450,2026-03-23 06:10:49,33.19,6.66,3.12,1381,Yes,Water
M2_01451,2026-03-23 06:24:34,11.69,6.72,3.577,2428,No,None
M2_01452,2026-03-23 06:24:36,38.88,6.54,5.49,2227,Yes,Sugar
M2_01453,2026-03-23 06:37:23,18.88,6.66,3.834,2221,No,None
M2_01454,2026-03-23 06:55:09,9.0,6.96,2.911,2171,Yes,Urea
M2_01455,2026-03-23 07:19:19,23.38,6.76,4.577,2302,Yes,Urea
M2_01456,2026-03-23 07:21:52,11.56,6.93,2.992,2124,No,None
M2_01457,2026-03-23 07:25:43,23.44,6.76,5.111,2620,No,None
M2_01458,2026-03-23 07:33:56,14.5,6.85,3.283,2275,Yes,Sugar
M2_01459,2026-03-23 07:43:34,15.62,6.8,3.737,2279,Yes,Water
M2_01460,2026-03-23 07:47:40,32.31,6.63,5.3,2210,No,None
M2_01461,2026-03-23 07:53:13,18.0,6.67,4.248,2491,No,None
M2_01462,2026-03-23 08:33:50,27.94,6.56,8.328,3890,Yes,Salt
M2_01463,2026-03-23 08:38:35,37.62,6.53,6.204,2367,No,None
M2_01464,2026-03-23 08:50:46,25.88,6.58,4.853,2264,Yes,Sugar
M2_01465,2026-03-23 09:17:06,23.56,6.84,4.29,2173,Yes,Urea
M2_01466,2026-03-23 14:03:55,19.94,6.78,4.039,2232,No,None
M2_01467,2026-03-23 16:46:59,30.69,6.68,5.732,2560,No,None
M2_01468,2026-03-23 16:47:45,26.38,6.71,4.55,2315,Yes,Sugar
M2_01469,2026-03-23 17:20:49,26.75,6.8,4.799,2454,No,None
M2_01470,2026-03-23 17:32:05,21.56,7.09,4.424,2401,Yes,Urea
M2_01471,2026-03-23 17:47:20,16.25,6.68,3.465,2394,Yes,Sugar
M2_01472,2026-03-23 19:08:53,29.19,6.47,5.897,2463,Yes,Salt
M2_01473,2026-03-24 05:41:01,30.94,6.58,7.028,3253,Yes,Sugar
M2_01474,2026-03-24 05:59:20,17.12,6.82,3.325,2078,Yes,Urea
M2_01475,2026-03-24 06:57:06,14.88,6.68,4.221,2713,Yes,Salt
M2_01476,2026-03-24 07:08:43,14.25,6.68,3.5,2123,No,None
M2_01477,2026-03-24 07:33:50,30.94,6.65,3.947,1661,Yes,Water
M2_01478,2026-03-24 08:34:10,20.81,6.78,4.038,2263,No,None
M2_01479,2026-03-24 09:09:55,16.31,6.81,4.399,2629,Yes,Salt
M2_01480,2026-03-24 09:19:25,26.88,6.81,5.31,2512,No,None
M2_01481,2026-03-24 09:25:19,16.94,6.76,3.365,2187,No,None
M2_01482,2026-03-24 16:39:55,14.94,6.6,3.376,2224,No,None
M2_01483,2026-03-24 16:49:35,5.81,6.91,2.187,2136,Yes,Sugar
M2_01484,2026-03-24 17:07:37,28.06,6.53,3.953,1836,Yes,Water
M2_01485,2026-03-24 17:20:25,27.69,6.64,5.117,2623,No,None
M2_01486,2026-03-24 17:30:20,29.25,6.57,5.111,2178,No,None
M2_01487,2026-03-24 17:40:16,22.94,6.83,5.137,2638,Yes,Urea
M2_01488,2026-03-24 18:02:55,29.5,6.72,4.78,2222,Yes,Sugar
M2_01489,2026-03-24 18:22:52,29.81,6.72,5.198,2418,No,None
M2_01490,2026-03-24 18:34:23,23.0,6.51,4.791,2299,No,None
M2_01491,2026-03-25 02:32:27,23.56,6.7,3.672,2012,Yes,Water
M2_01492,2026-03-25 05:31:43,31.75,6.71,5.334,2261,No,None
M2_01493,2026-03-25 05:40:09,16.0,6.7,3.647,2270,No,None
M2_01494,2026-03-25 05:56:48,29.25,6.8,4.31,1962,Yes,Water
M2_01495,2026-03-25 06:28:47,14.62,6.72,3.634,2329,No,None
M2_01496,2026-03-25 07:09:09,25.5,6.65,5.324,2752,Yes,Salt
M2_01497,2026-03-25 07:48:38,23.19,6.8,4.26,2193,Yes,Urea
M2_01498,2026-03-25 08:09:42,24.94,6.64,4.531,2346,No,None
M2_01499,2026-03-25 08:11:52,9.19,7.1,1.67,1288,Yes,Water
M2_01500,2026-03-25 08:25:31,7.75,6.72,2.568,2086,Yes,Water
M2_01501,2026-03-25 08:29:41,28.25,6.59,9.367,4583,Yes,Salt
M2_01502,2026-03-25 08:56:37,19.81,6.69,3.575,2073,Yes,Sugar
M2_01503,2026-03-25 09:23:00,22.19,6.78,4.331,2300,Yes,Urea
M2_01504,2026-03-25 16:43:19,20.62,7.1,5.259,2895,Yes,Urea
M2_01505,2026-03-25 18:28:17,22.06,6.63,4.367,2507,No,None
M2_01506,2026-03-25 19:09:33,33.19,6.57,5.472,2438,No,None
M2_01507,2026-03-26 05:35:52,35.75,6.46,5.395,2518,Yes,Sugar
M2_01508,2026-03-26 05:40:34,30.81,6.49,5.67,2487,Yes,Sugar
M2_01509,2026-03-26 05:56:45,40.12,6.73,6.699,2559,No,None
M2_01510,2026-03-26 05:59:30,19.44,6.64,3.927,2073,No,None
M2_01511,2026-03-26 06:00:46,18.31,6.94,4.289,2369,No,None
M2_01512,2026-03-26 06:11:01,18.5,6.95,2.982,1808,Yes,Water
M2_01513,2026-03-26 06:15:48,25.75,6.83,3.282,1476,Yes,Water
M2_01514,2026-03-26 06:17:22,12.31,6.95,3.277,2261,No,None
M2_01515,2026-03-26 06:20:34,9.25,6.85,3.073,2108,No,None
M2_01516,2026-03-26 07:12:36,19.75,6.8,4.017,2282,Yes,Salt
M2_01517,2026-03-26 07:42:05,24.62,6.8,4.162,2006,Yes,Water
M2_01518,2026-03-26 07:53:00,26.62,6.67,4.817,2318,No,None
M2_01519,2026-03-26 08:08:05,35.94,6.55,10.849,4763,Yes,Salt
M2_01520,2026-03-26 08:17:52,36.38,6.55,6.265,2619,Yes,Sugar
M2_01521,2026-03-26 08:34:36,11.5,6.9,3.033,2127,Yes,Sugar
M2_01522,2026-03-26 08:36:28,24.81,6.83,5.701,2814,Yes,Salt
M2_01523,2026-03-26 08:59:46,24.12,6.65,4.244,2379,No,None
M2_01524,2026-03-26 09:00:06,11.88,6.8,3.916,2726,Yes,Salt
M2_01525,2026-03-26 09:04:02,19.94,6.73,4.202,2368,Yes,Sugar
M2_01526,2026-03-26 09:25:33,19.5,6.78,3.889,2122,No,None
M2_01527,2026-03-26 09:26:39,21.56,6.7,4.469,2396,Yes,Sugar
M2_01528,2026-03-26 17:17:47,25.06,6.81,4.595,2505,No,None
M2_01529,2026-03-26 17:34:35,28.0,6.58,4.623,2259,No,None
M2_01530,2026-03-26 18:45:25,20.62,6.86,4.884,2672,Yes,Urea
M2_01531,2026-03-26 19:09:52,30.69,6.58,4.775,2048,No,None
M2_01532,2026-03-27 05:43:57,30.06,6.72,3.412,1545,Yes,Water
M2_01533,2026-03-27 06:40:41,34.12,6.71,5.409,2251,Yes,Water
M2_01534,2026-03-27 07:12:52,13.75,6.88,3.734,2450,No,None
M2_01535,2026-03-27 07:16:00,25.06,6.61,5.485,2816,Yes,Salt
M2_01536,2026-03-27 07:25:37,32.75,6.72,6.095,2793,Yes,Sugar
M2_01537,2026-03-27 08:07:35,19.75,6.7,3.713,2163,Yes,Water
M2_01538,2026-03-27 08:23:07,34.75,6.5,5.752,2231,No,None
M2_01539,2026-03-27 08:24:15,17.19,6.72,4.201,2433,No,None
M2_01540,2026-03-27 08:27:01,29.75,6.43,5.652,2648,Yes,Urea
M2_01541,2026-03-27 08:27:45,19.5,6.76,3.033,1761,Yes,Water
M2_01542,2026-03-27 08:42:46,31.81,6.78,6.054,2572,Yes,Urea
M2_01543,2026-03-27 16:08:51,35.69,6.56,5.485,2214,No,None
M2_01544,2026-03-27 17:37:55,24.44,6.65,7.244,3685,Yes,Salt
M2_01545,2026-03-27 17:39:00,12.94,6.77,3.888,2641,Yes,Salt
M2_01546,2026-03-27 18:03:12,19.06,6.67,6.67,3825,Yes,Salt
M2_01547,2026-03-27 18:11:47,17.44,6.75,3.922,2474,Yes,Urea
M2_01548,2026-03-27 18:12:15,9.56,6.5,2.819,1969,No,None
M2_01549,2026-03-27 19:20:41,24.56,6.84,4.904,2460,Yes,Urea
M2_01550,2026-03-27 19:24:00,32.88,6.68,5.323,2262,No,None
M2_01551,2026-03-27 19:25:15,11.5,6.85,3.382,2219,No,None
M2_01552,2026-03-27 19:28:56,28.75,6.84,5.32,2625,Yes,Urea
M2_01553,2026-03-27 22:21:09,13.94,6.73,3.114,1986,No,None
M2_01554,2026-03-28 05:38:03,18.25,6.59,4.054,2497,Yes,Sugar
M2_01555,2026-03-28 05:50:13,21.81,6.66,4.236,2500,No,None
M2_01556,2026-03-28 06:43:48,15.88,6.99,4.155,2656,No,None
M2_01557,2026-03-28 07:38:09,3.44,6.83,1.895,1538,No,None
M2_01558,2026-03-28 08:28:57,31.62,6.47,5.309,2432,Yes,Sugar
M2_01559,2026-03-28 08:59:32,25.81,6.67,4.932,2490,No,None
M2_01560,2026-03-28 09:00:47,25.31,6.62,5.36,2790,No,None
M2_01561,2026-03-28 09:01:36,22.94,6.87,4.303,2201,Yes,Water
M2_01562,2026-03-28 09:01:56,17.88,6.86,4.095,2573,Yes,Urea
M2_01563,2026-03-28 16:08:41,24.44,6.73,5.167,2570,No,None
M2_01564,2026-03-28 17:58:34,29.81,6.74,4.717,1907,Yes,Water
M2_01565,2026-03-28 18:06:41,37.62,6.5,5.865,2614,Yes,Sugar
M2_01566,2026-03-28 18:22:42,25.19,6.77,4.613,2332,No,None
M2_01567,2026-03-29 06:06:18,17.81,6.82,4.014,2219,No,None
M2_01568,2026-03-29 06:08:17,39.88,6.36,6.886,2585,No,None
M2_01569,2026-03-29 06:56:21,15.19,6.75,4.413,2800,Yes,Sugar
M2_01570,2026-03-29 07:03:22,20.38,6.66,4.239,2267,No,None
M2_01571,2026-03-29 08:01:02,25.69,6.73,4.469,2314,No,None
M2_01572,2026-03-29 08:04:50,29.0,6.46,5.556,2582,No,None
M2_01573,2026-03-29 08:12:29,34.56,6.58,5.724,2562,No,None
M2_01574,2026-03-29 08:14:06,6.56,6.92,2.617,2129,No,None
M2_01575,2026-03-29 09:13:25,27.0,6.6,5.495,2827,No,None
M2_01576,2026-03-29 16:14:27,34.38,6.56,5.18,2327,Yes,Sugar
M2_01577,2026-03-29 16:14:43,29.44,6.81,4.813,2367,Yes,Urea
M2_01578,2026-03-29 16:22:16,21.12,6.71,3.852,2038,No,None
M2_01579,2026-03-29 17:12:52,25.06,6.64,4.714,2092,No,None
M2_01580,2026-03-29 17:42:56,26.38,6.67,5.166,2535,Yes,Salt
M2_01581,2026-03-30 06:02:33,22.44,6.65,4.147,2207,No,None
M2_01582,2026-03-30 06:17:51,31.62,6.68,3.238,1452,Yes,Water
M2_01583,2026-03-30 06:29:30,17.56,6.99,3.411,2000,Yes,Urea
M2_01584,2026-03-30 06:42:57,21.0,6.49,4.275,2426,Yes,Sugar
M2_01585,2026-03-30 07:03:26,32.5,6.5,5.252,2351,No,None
M2_01586,2026-03-30 07:42:21,29.12,6.66,4.727,2203,No,None
M2_01587,2026-03-30 08:29:02,15.31,6.88,3.723,2270,No,None
M2_01588,2026-03-30 09:11:19,26.12,6.76,4.418,2051,Yes,Water
M2_01589,2026-03-30 09:15:59,10.06,6.67,3.136,2275,No,None
M2_01590,2026-03-30 09:20:20,21.69,6.69,5.124,2694,Yes,Salt
M2_01591,2026-03-30 09:25:33,27.0,6.61,5.178,2516,Yes,Urea
M2_01592,2026-03-30 17:16:31,11.25,7.14,4.161,2683,Yes,Sugar
M2_01593,2026-03-30 17:25:07,28.5,6.66,7.78,3734,Yes,Salt
M2_01594,2026-03-30 17:53:32,18.06,6.96,4.201,2619,Yes,Urea
M2_01595,2026-03-30 18:24:09,35.81,6.76,5.694,2081,No,None
M2_01596,2026-03-31 05:34:10,24.62,6.74,9.076,4539,Yes,Salt
M2_01597,2026-03-31 06:40:09,27.19,6.76,5.258,2577,No,None
M2_01598,2026-03-31 06:59:48,29.19,6.76,4.547,2127,No,None
M2_01599,2026-03-31 08:03:05,20.56,6.65,5.177,2756,No,None
M2_01600,2026-03-31 08:04:43,24.5,6.63,4.862,2607,Yes,Salt
M2_01601,2026-03-31 08:07:31,19.38,6.73,3.276,1872,Yes,Water
M2_01602,2026-03-31 08:08:18,29.88,6.6,4.777,2180,No,None
M2_01603,2026-03-31 08:40:46,31.44,6.56,5.264,2517,Yes,Water
M2_01604,2026-03-31 09:29:06,15.44,6.73,3.304,2025,Yes,Urea
M2_01605,2026-03-31 17:42:03,33.94,6.64,5.555,2367,No,None
M2_01606,2026-03-31 17:59:21,22.12,6.7,4.365,2286,No,None
M2_01607,2026-03-31 18:03:46,23.25,6.69,4.415,2464,Yes,Salt
M2_01608,2026-03-31 18:06:29,28.44,6.56,6.909,3011,Yes,Salt
M2_01609,2026-04-01 05:46:30,31.5,6.58,5.149,2480,No,None
M2_01610,2026-04-01 06:44:17,31.5,6.6,5.199,2368,No,None
M2_01611,2026-04-01 06:50:46,35.0,6.53,7.108,2926,Yes,Salt
M2_01612,2026-04-01 07:24:55,38.25,6.51,5.518,2302,Yes,Sugar
M2_01613,2026-04-01 07:46:29,32.25,6.61,5.442,2361,Yes,Sugar
M2_01614,2026-04-01 08:09:07,18.25,6.88,4.21,2534,Yes,Salt
M2_01615,2026-04-01 08:10:33,36.81,6.58,5.652,2351,No,None
M2_01616,2026-04-01 08:32:33,8.5,6.77,2.727,1829,Yes,Water
M2_01617,2026-04-01 09:01:00,17.5,6.85,4.353,2447,Yes,Urea
M2_01618,2026-04-01 17:56:16,22.38,6.71,4.105,2083,Yes,Sugar
M2_01619,2026-04-01 18:16:28,13.94,6.72,3.158,2121,Yes,Sugar
M2_01620,2026-04-01 19:12:00,21.69,6.71,3.847,2055,Yes,Water
M2_01621,2026-04-02 05:33:54,22.0,6.64,4.038,2044,Yes,Water
M2_01622,2026-04-02 06:03:53,36.19,6.63,6.288,2518,No,None
M2_01623,2026-04-02 06:07:39,16.19,6.84,3.513,2206,No,None
M2_01624,2026-04-02 06:16:21,20.31,6.81,4.616,2754,No,None
M2_01625,2026-04-02 06:47:12,14.12,7.06,3.307,2040,Yes,Urea
M2_01626,2026-04-02 06:51:00,25.75,6.56,4.963,2449,Yes,Urea
M2_01627,2026-04-02 07:09:46,33.62,6.52,5.426,2287,Yes,Urea
M2_01628,2026-04-02 07:20:28,20.81,6.89,4.919,2787,No,None
M2_01629,2026-04-02 08:00:55,35.38,6.5,6.171,2501,No,None
M2_01630,2026-04-02 08:23:27,24.88,6.75,3.886,2027,No,None
M2_01631,2026-04-02 16:04:56,33.62,6.43,4.233,1767,Yes,Water
M2_01632,2026-04-02 16:08:28,14.62,6.89,2.102,1286,Yes,Water
M2_01633,2026-04-02 16:10:01,21.31,6.73,3.594,1993,Yes,Sugar
M2_01634,2026-04-02 16:38:00,33.12,6.52,5.86,2293,No,None
M2_01635,2026-04-02 17:03:48,22.81,6.66,4.743,2618,Yes,Sugar
M2_01636,2026-04-02 17:17:37,31.31,6.61,5.586,2535,No,None
M2_01637,2026-04-02 18:25:09,18.19,6.93,5.48,3309,Yes,Salt
M2_01638,2026-04-02 18:51:18,15.62,6.73,3.348,2287,Yes,Water
M2_01639,2026-04-02 19:28:42,28.56,6.52,4.667,2087,No,None
M2_01640,2026-04-03 06:14:33,24.56,6.71,4.655,2541,Yes,Sugar
M2_01641,2026-04-03 06:44:35,17.25,6.78,3.448,1949,Yes,Water
M2_01642,2026-04-03 06:46:48,31.38,6.64,5.491,2597,No,None
M2_01643,2026-04-03 07:17:47,12.81,6.83,3.0,2136,No,None
M2_01644,2026-04-03 08:27:28,35.38,6.62,5.74,2369,No,None
M2_01645,2026-04-03 08:31:25,10.44,6.79,2.666,2019,No,None
M2_01646,2026-04-03 08:40:21,25.5,6.71,4.406,2329,Yes,Sugar
M2_01647,2026-04-03 16:24:11,30.62,6.83,6.05,2704,Yes,Urea
M2_01648,2026-04-03 16:59:30,22.06,6.56,4.556,2673,Yes,Sugar
M2_01649,2026-04-03 17:55:36,16.69,6.67,3.991,2525,Yes,Salt
M2_01650,2026-04-03 18:01:04,26.75,6.75,4.473,2219,No,None
M2_01651,2026-04-03 18:28:16,24.81,6.66,4.359,2332,No,None
M2_01652,2026-04-04 05:40:56,22.81,6.73,4.682,2558,No,None
M2_01653,2026-04-04 05:42:48,26.19,6.79,5.952,3204,Yes,Sugar
M2_01654,2026-04-04 05:43:49,33.62,6.67,5.805,2497,No,None
M2_01655,2026-04-04 05:47:10,30.81,6.51,5.183,2447,Yes,Sugar
M2_01656,2026-04-04 06:17:49,38.5,6.53,6.387,2555,No,None
M2_01657,2026-04-04 06:32:20,39.69,6.7,5.943,2249,Yes,Urea
M2_01658,2026-04-04 07:10:19,34.94,6.78,5.855,2474,Yes,Urea
M2_01659,2026-04-04 07:17:33,4.56,6.93,3.023,2590,No,None
M2_01660,2026-04-04 07:31:46,18.75,6.59,3.949,2265,No,None
M2_01661,2026-04-04 07:37:44,28.06,6.79,3.126,1743,Yes,Water
M2_01662,2026-04-04 07:48:41,27.81,6.84,4.976,2343,No,None
M2_01663,2026-04-04 08:48:02,11.56,6.78,5.637,4171,Yes,Salt
M2_01664,2026-04-04 16:02:08,29.81,6.73,5.24,2158,Yes,Urea
M2_01665,2026-04-04 16:03:48,7.31,6.83,2.525,2022,No,None
M2_01666,2026-04-04 18:23:12,25.94,6.8,3.627,1927,Yes,Water
M2_01667,2026-04-04 18:37:56,21.5,6.68,4.319,2428,No,None
M2_01668,2026-04-04 19:24:18,16.25,6.62,6.194,3652,Yes,Salt
M2_01669,2026-04-05 05:40:14,21.31,6.76,4.385,2256,Yes,Urea
M2_01670,2026-04-05 05:59:44,29.25,6.85,5.6,2660,Yes,Urea
M2_01671,2026-04-05 06:06:29,27.31,6.59,8.557,3842,Yes,Salt
M2_01672,2026-04-05 06:10:35,22.25,6.6,4.251,2146,Yes,Water
M2_01673,2026-04-05 06:26:18,32.5,6.45,5.423,2699,Yes,Sugar
M2_01674,2026-04-05 06:41:49,10.38,6.88,2.924,2339,Yes,Water
M2_01675,2026-04-05 07:40:24,19.38,6.81,3.054,1672,Yes,Water
M2_01676,2026-04-05 07:59:22,14.56,6.82,3.153,2174,No,None
M2_01677,2026-04-05 08:00:22,33.56,6.65,5.457,2462,No,None
M2_01678,2026-04-05 08:05:57,36.12,6.6,5.376,2123,No,None
M2_01679,2026-04-05 08:09:10,26.12,6.84,5.086,2634,No,None
M2_01680,2026-04-05 08:12:28,11.38,6.7,3.503,2266,Yes,Salt
M2_01681,2026-04-05 08:45:58,26.5,6.8,5.226,2613,Yes,Water
M2_01682,2026-04-05 09:10:12,30.75,6.69,5.683,2666,Yes,Sugar
M2_01683,2026-04-05 09:11:07,35.38,6.55,6.629,2664,Yes,Salt
M2_01684,2026-04-05 09:17:40,32.75,6.52,5.328,2435,No,None
M2_01685,2026-04-05 09:25:27,35.0,6.57,8.404,3622,Yes,Salt
M2_01686,2026-04-05 16:20:07,22.06,6.76,4.137,2257,Yes,Sugar
M2_01687,2026-04-05 16:31:59,8.75,6.78,2.963,2365,Yes,Salt
M2_01688,2026-04-05 16:51:03,15.88,6.84,3.585,2261,No,None
M2_01689,2026-04-05 17:09:49,17.94,6.81,3.34,1922,Yes,Water
M2_01690,2026-04-05 17:11:31,13.19,6.75,4.977,3050,Yes,Salt
M2_01691,2026-04-05 17:45:17,29.62,6.52,4.532,2182,No,None
M2_01692,2026-04-05 18:55:03,28.81,6.74,5.708,2422,Yes,Urea
M2_01693,2026-04-05 19:09:35,17.0,6.95,4.321,2548,Yes,Water
M2_01694,2026-04-05 19:17:51,11.5,6.77,3.763,2307,No,None
M2_01695,2026-04-05 19:22:47,17.56,6.49,6.367,3907,Yes,Salt
M2_01696,2026-04-06 01:24:47,16.31,6.69,3.195,1935,No,None
M2_01697,2026-04-06 06:20:35,27.5,6.7,4.497,2168,No,None
M2_01698,2026-04-06 06:51:28,37.0,6.73,6.372,2556,No,None
M2_01699,2026-04-06 07:02:58,34.19,6.62,4.947,2216,No,None
M2_01700,2026-04-06 07:06:26,22.06,6.76,4.463,2301,Yes,Water
M2_01701,2026-04-06 07:07:55,36.62,6.5,5.776,2469,Yes,Urea
M2_01702,2026-04-06 07:15:01,23.31,6.69,4.217,2349,No,None
M2_01703,2026-04-06 07:16:23,9.31,6.71,2.526,1899,No,None
M2_01704,2026-04-06 07:42:34,20.94,6.63,3.968,2076,No,None
M2_01705,2026-04-06 08:27:03,28.88,6.57,4.75,2152,No,None
M2_01706,2026-04-06 08:58:58,11.44,6.81,2.469,1678,Yes,Water
M2_01707,2026-04-06 09:23:05,28.19,6.68,6.733,2894,No,None
M2_01708,2026-04-06 16:15:38,29.81,6.69,5.207,2490,Yes,Sugar
M2_01709,2026-04-06 17:11:24,20.62,6.76,3.916,2042,No,None
M2_01710,2026-04-06 17:12:32,20.69,6.76,4.234,2057,No,None
M2_01711,2026-04-06 17:12:38,33.62,6.63,5.4,2041,Yes,Water
M2_01712,2026-04-06 19:11:19,32.94,6.59,7.701,3404,Yes,Salt
M2_01713,2026-04-07 04:17:20,29.56,6.96,5.56,2687,No,None
M2_01714,2026-04-07 05:38:37,23.31,6.65,4.839,2396,No,None
M2_01715,2026-04-07 05:49:55,22.38,6.95,3.076,1823,Yes,Water
M2_01716,2026-04-07 06:45:05,22.62,6.65,5.928,2970,Yes,Salt
M2_01717,2026-04-07 06:53:34,20.44,6.69,4.577,2566,No,None
M2_01718,2026-04-07 06:59:46,30.81,6.69,5.451,2488,No,None
M2_01719,2026-04-07 08:17:35,30.12,6.48,3.302,1596,Yes,Water
M2_01720,2026-04-07 08:30:07,19.0,6.79,4.068,2262,No,None
M2_01721,2026-04-07 08:40:21,31.56,6.52,5.112,2249,No,None
M2_01722,2026-04-07 09:19:45,16.06,6.72,4.299,2435,No,None
M2_01723,2026-04-07 10:40:27,13.31,6.76,3.572,2536,Yes,Sugar
M2_01724,2026-04-07 18:34:53,29.06,6.62,5.244,2561,No,None
M2_01725,2026-04-07 18:51:46,9.69,6.78,2.949,2053,No,None
M2_01726,2026-04-08 05:34:58,11.69,6.84,3.123,2266,No,None
M2_01727,2026-04-08 06:28:16,22.62,6.69,4.281,2307,Yes,Salt
M2_01728,2026-04-08 06:32:09,31.88,6.69,5.303,2162,No,None
M2_01729,2026-04-08 06:53:48,30.75,6.39,6.052,2772,Yes,Salt
M2_01730,2026-04-08 07:11:05,31.38,6.47,4.735,2162,Yes,Water
M2_01731,2026-04-08 07:47:54,31.31,6.78,6.174,2740,No,None
M2_01732,2026-04-08 08:34:18,20.38,6.9,4.326,2481,Yes,Sugar
M2_01733,2026-04-08 09:18:16,21.94,6.76,4.823,2630,No,None
M2_01734,2026-04-08 09:28:15,18.88,6.77,3.745,2050,No,None
M2_01735,2026-04-08 16:15:36,25.06,6.79,3.205,1697,Yes,Water
M2_01736,2026-04-08 17:46:15,25.38,6.57,4.998,2544,Yes,Sugar
M2_01737,2026-04-08 18:02:18,16.12,6.95,4.153,2716,Yes,Urea
M2_01738,2026-04-08 18:45:41,18.25,6.76,3.479,1964,No,None
M2_01739,2026-04-08 19:06:29,23.75,6.52,8.08,4180,Yes,Salt
M2_01740,2026-04-08 19:09:38,23.75,6.69,4.711,2485,No,None
M2_01741,2026-04-08 19:23:22,28.88,6.51,3.768,1822,Yes,Water
M2_01742,2026-04-08 19:27:27,20.94,6.64,3.9,2289,Yes,Sugar
M2_01743,2026-04-08 22:08:03,28.25,6.65,5.167,2486,No,None
M2_01744,2026-04-09 06:18:16,29.44,6.8,4.403,2088,Yes,Water
M2_01745,2026-04-09 06:36:14,24.69,6.71,4.756,2561,No,None
M2_01746,2026-04-09 07:02:12,29.0,6.63,6.275,3049,Yes,Salt
M2_01747,2026-04-09 07:50:08,17.0,6.8,2.994,2101,Yes,Sugar
M2_01748,2026-04-09 08:49:26,27.5,6.52,4.554,2290,Yes,Sugar
M2_01749,2026-04-09 16:26:15,29.06,6.77,4.658,2352,No,None
M2_01750,2026-04-09 17:29:24,3.44,6.74,2.73,2175,Yes,Salt
M2_01751,2026-04-09 17:59:31,27.56,6.71,6.028,3152,Yes,Salt
M2_01752,2026-04-09 18:10:18,14.31,7.11,3.339,2220,Yes,Urea
M2_01753,2026-04-09 18:21:06,26.25,6.72,5.066,2506,Yes,Water
M2_01754,2026-04-09 19:29:31,12.0,6.79,2.236,1536,Yes,Water
M2_01755,2026-04-10 05:57:14,25.31,6.71,5.015,2417,Yes,Sugar
M2_01756,2026-04-10 06:14:22,6.19,7.08,2.702,2061,Yes,Urea
M2_01757,2026-04-10 06:24:16,3.25,6.7,2.183,1921,No,None
M2_01758,2026-04-10 06:27:56,19.56,6.79,4.103,2518,Yes,Sugar
M2_01759,2026-04-10 06:44:47,15.0,6.55,3.121,2017,Yes,Sugar
M2_01760,2026-04-10 07:52:41,11.12,6.62,6.625,4931,Yes,Salt
M2_01761,2026-04-10 08:07:17,21.38,6.83,4.511,2510,No,None
M2_01762,2026-04-10 08:30:19,25.19,6.84,4.415,2045,Yes,Urea
M2_01763,2026-04-10 08:35:43,15.94,6.71,3.404,2081,No,None
M2_01764,2026-04-10 16:33:26,26.69,6.55,4.969,2415,No,None
M2_01765,2026-04-10 18:37:56,30.62,6.75,2.944,1429,Yes,Water
M2_01766,2026-04-10 18:40:16,24.0,6.88,6.169,3111,No,None
M2_01767,2026-04-10 18:45:04,32.94,6.79,6.819,3009,No,None
M2_01768,2026-04-10 19:17:59,32.06,6.51,6.846,3103,Yes,Salt
M2_01769,2026-04-10 19:24:57,11.94,6.89,2.373,1570,Yes,Water
M2_01770,2026-04-10 19:28:31,29.38,6.68,4.571,2351,Yes,Sugar
M2_01771,2026-04-11 06:34:44,21.12,6.68,4.082,2192,Yes,Water
M2_01772,2026-04-11 07:00:39,24.56,6.67,4.409,2482,Yes,Sugar
M2_01773,2026-04-11 07:04:18,20.06,6.94,4.014,2294,No,None
M2_01774,2026-04-11 07:43:47,16.44,6.78,3.786,2513,No,None
M2_01775,2026-04-11 07:59:37,40.06,6.55,8.063,2875,Yes,Salt
M2_01776,2026-04-11 08:01:24,27.06,6.69,5.258,2378,No,None
M2_01777,2026-04-11 08:07:40,37.69,6.58,5.342,2309,No,None
M2_01778,2026-04-11 08:29:23,12.88,6.85,3.306,2131,No,None
M2_01779,2026-04-11 08:35:50,37.06,6.64,8.769,3830,Yes,Salt
M2_01780,2026-04-11 09:29:43,29.69,6.64,4.815,2183,No,None
M2_01781,2026-04-11 16:34:25,10.19,6.86,2.859,1873,No,None
M2_01782,2026-04-11 17:46:55,33.06,6.73,5.079,2032,Yes,Water
M2_01783,2026-04-11 17:56:39,9.69,7.1,3.416,2432,No,None
M2_01784,2026-04-11 18:11:01,28.81,6.67,4.599,2249,Yes,Sugar
M2_01785,2026-04-11 18:14:47,33.62,6.64,5.144,2337,No,None
M2_01786,2026-04-11 18:17:00,23.06,6.51,4.656,2342,No,None
M2_01787,2026-04-11 18:33:21,24.31,6.74,4.821,2557,No,None
M2_01788,2026-04-11 19:01:09,16.06,6.85,4.322,2697,No,None
M2_01789,2026-04-11 20:28:37,28.62,6.45,4.63,2195,No,None
M2_01790,2026-04-12 05:35:24,21.06,6.78,3.475,2031,Yes,Sugar
M2_01791,2026-04-12 05:41:09,20.0,6.55,3.879,1902,Yes,Urea
M2_01792,2026-04-12 05:48:23,33.31,6.73,7.754,3300,Yes,Salt
M2_01793,2026-04-12 06:22:46,28.19,6.65,4.789,2411,No,None
M2_01794,2026-04-12 07:06:30,2.62,6.91,2.099,1939,Yes,Sugar
M2_01795,2026-04-12 07:20:11,31.81,6.82,4.69,2049,Yes,Water
M2_01796,2026-04-12 07:32:29,21.19,6.89,2.528,1262,Yes,Water
M2_01797,2026-04-12 07:58:21,15.06,6.76,3.926,2452,No,None
M2_01798,2026-04-12 08:32:58,29.88,6.64,6.381,3050,Yes,Urea
M2_01799,2026-04-12 08:39:02,34.25,6.37,6.256,2525,No,None
M2_01800,2026-04-12 08:45:35,22.5,6.9,4.11,2225,Yes,Urea
M2_01801,2026-04-12 08:59:33,30.06,6.6,5.261,2512,No,None
M2_01802,2026-04-12 09:11:37,13.12,6.69,3.336,1970,No,None
M2_01803,2026-04-12 09:17:02,28.19,6.63,5.147,2504,Yes,Urea
M2_01804,2026-04-12 17:09:50,22.0,6.71,3.934,2090,Yes,Water
M2_01805,2026-04-12 18:31:21,25.75,6.61,4.634,2085,No,None
M2_01806,2026-04-12 19:16:13,32.62,6.58,5.778,2459,Yes,Salt
M2_01807,2026-04-13 05:33:58,30.38,6.62,5.253,2442,No,None
M2_01808,2026-04-13 05:37:30,29.75,6.63,5.439,2592,No,None
M2_01809,2026-04-13 05:39:39,17.06,6.87,3.076,1796,Yes,Water
M2_01810,2026-04-13 05:40:47,36.69,6.52,6.109,2353,No,None
M2_01811,2026-04-13 05:44:23,21.56,6.75,5.775,3396,Yes,Salt
M2_01812,2026-04-13 05:59:56,31.19,6.5,6.489,2965,Yes,Salt
M2_01813,2026-04-13 06:15:34,36.25,6.53,5.766,2428,No,None
M2_01814,2026-04-13 06:18:01,34.25,6.64,6.008,2570,Yes,Sugar
M2_01815,2026-04-13 06:45:54,29.44,6.64,5.526,2449,No,None
M2_01816,2026-04-13 06:48:25,34.56,6.53,6.603,2811,Yes,Salt
M2_01817,2026-04-13 06:53:52,34.0,6.39,5.404,2354,Yes,Sugar
M2_01818,2026-04-13 07:15:54,27.56,6.59,4.994,2463,No,None
M2_01819,2026-04-13 07:31:05,40.06,6.51,6.009,2240,No,None
M2_01820,2026-04-13 07:34:59,22.88,6.7,3.296,1698,Yes,Water
M2_01821,2026-04-13 07:48:48,26.19,6.66,5.011,2543,No,None
M2_01822,2026-04-13 08:22:00,35.94,6.71,6.177,2128,No,None
M2_01823,2026-04-13 08:31:44,30.5,6.82,5.208,2471,No,None
M2_01824,2026-04-13 08:32:05,27.19,6.68,6.63,3192,Yes,Salt
M2_01825,2026-04-13 08:42:06,20.5,6.79,3.964,2015,Yes,Urea
M2_01826,2026-04-13 08:47:40,26.06,6.76,4.229,2038,Yes,Water
M2_01827,2026-04-13 08:53:08,30.38,6.6,4.842,2135,Yes,Urea
M2_01828,2026-04-13 09:01:30,11.44,6.73,3.064,2070,Yes,Urea
M2_01829,2026-04-13 09:15:44,6.69,6.84,2.997,2270,No,None
M2_01830,2026-04-13 16:33:57,31.81,6.45,4.706,2234,No,None
M2_01831,2026-04-13 17:06:19,21.69,6.82,3.752,1904,Yes,Water
M2_01832,2026-04-13 17:52:50,34.25,6.77,3.688,1452,Yes,Water
M2_01833,2026-04-14 00:23:27,20.06,6.73,3.72,2309,Yes,Sugar
M2_01834,2026-04-14 05:36:56,16.5,6.91,3.771,2170,Yes,Water
M2_01835,2026-04-14 05:47:46,30.62,6.84,5.246,2401,No,None
M2_01836,2026-04-14 06:25:01,26.06,6.7,4.722,2400,Yes,Water
M2_01837,2026-04-14 06:50:50,20.56,6.72,4.579,2659,No,None
M2_01838,2026-04-14 07:00:31,7.0,7.03,2.438,1984,Yes,Urea
M2_01839,2026-04-14 08:02:48,24.12,6.72,5.163,2636,Yes,Salt
M2_01840,2026-04-14 08:11:39,14.69,6.79,3.584,2220,No,None
M2_01841,2026-04-14 08:42:44,31.19,6.92,6.639,2814,Yes,Urea
M2_01842,2026-04-14 08:42:46,24.75,6.74,4.651,2194,No,None
M2_01843,2026-04-14 08:51:02,25.31,6.75,4.239,2130,Yes,Water
M2_01844,2026-04-14 08:53:17,10.62,6.63,2.808,1899,No,None
M2_01845,2026-04-14 08:53:47,25.0,6.63,4.04,1972,Yes,Water
M2_01846,2026-04-14 08:54:05,11.56,6.91,2.615,1782,Yes,Water
M2_01847,2026-04-14 09:23:46,31.12,6.47,7.02,3207,Yes,Salt
M2_01848,2026-04-14 16:38:33,7.88,6.85,2.373,1925,No,None
M2_01849,2026-04-14 17:22:52,5.31,6.67,2.271,1884,Yes,Urea
M2_01850,2026-04-14 17:50:27,25.62,6.77,4.209,1991,Yes,Sugar
M2_01851,2026-04-14 17:50:56,9.69,6.9,2.889,1976,Yes,Urea
M2_01852,2026-04-14 17:55:09,18.81,7.07,3.442,1869,Yes,Water
M2_01853,2026-04-14 21:05:30,22.25,6.67,4.553,2442,No,None
M2_01854,2026-04-15 05:30:59,18.69,6.68,3.421,2069,No,None
M2_01855,2026-04-15 05:33:56,24.06,6.57,4.886,2599,Yes,Water
M2_01856,2026-04-15 05:51:56,23.0,6.73,5.112,2752,Yes,Water
M2_01857,2026-04-15 05:52:04,15.81,6.93,3.968,2425,Yes,Urea
M2_01858,2026-04-15 06:04:44,38.38,6.7,5.412,2124,Yes,Urea
M2_01859,2026-04-15 06:23:26,7.75,6.93,2.565,2024,Yes,Sugar
M2_01860,2026-04-15 07:27:02,26.69,6.69,5.117,2196,No,None
M2_01861,2026-04-15 07:34:23,17.88,6.77,5.051,2693,Yes,Salt
M2_01862,2026-04-15 07:39:04,8.0,6.58,2.849,2232,No,None
M2_01863,2026-04-15 07:39:12,11.81,6.97,3.259,2173,Yes,Urea
M2_01864,2026-04-15 08:02:58,9.38,6.84,3.04,2141,Yes,Water
M2_01865,2026-04-15 08:20:36,31.06,6.85,5.417,2493,Yes,Urea
M2_01866,2026-04-15 17:06:32,27.19,6.7,4.64,2105,No,None
M2_01867,2026-04-15 17:56:06,24.81,6.94,4.258,2125,Yes,Water
M2_01868,2026-04-15 18:31:16,10.56,6.68,3.065,2525,Yes,Sugar
M2_01869,2026-04-15 19:00:05,24.38,6.8,4.849,2434,No,None
M2_01870,2026-04-15 19:22:05,29.31,6.7,4.76,2128,No,None
M2_01871,2026-04-15 19:24:43,11.38,6.72,3.349,2305,No,None
M2_01872,2026-04-15 21:53:06,30.38,6.63,5.557,2735,No,None
M2_01873,2026-04-16 05:31:53,31.44,6.85,4.864,2136,No,None
M2_01874,2026-04-16 06:35:49,26.38,6.7,4.392,2208,Yes,Sugar
M2_01875,2026-04-16 06:42:17,26.06,6.7,5.058,2513,No,None
M2_01876,2026-04-16 06:54:13,14.06,6.63,3.249,2269,Yes,Sugar
M2_01877,2026-04-16 07:15:35,11.12,6.79,3.215,2133,Yes,Salt
M2_01878,2026-04-16 07:31:54,15.19,6.76,2.347,1394,Yes,Water
M2_01879,2026-04-16 07:43:54,25.94,6.37,5.177,2701,No,None
M2_01880,2026-04-16 07:45:24,17.5,6.92,3.087,1683,Yes,Water
M2_01881,2026-04-16 09:26:09,18.56,6.78,3.822,2320,Yes,Salt
M2_01882,2026-04-16 16:51:40,8.06,6.85,5.653,4153,Yes,Salt
M2_01883,2026-04-16 18:21:49,18.94,6.75,4.518,2549,Yes,Salt
M2_01884,2026-04-16 18:36:52,17.31,6.74,5.594,3058,Yes,Salt
M2_01885,2026-04-16 19:09:42,30.31,6.67,5.725,2507,Yes,Salt
M2_01886,2026-04-16 19:22:09,26.5,6.81,4.988,2264,Yes,Salt
M2_01887,2026-04-17 06:18:05,29.94,6.57,5.032,2491,Yes,Sugar
M2_01888,2026-04-17 06:19:01,28.88,6.69,5.022,2002,No,None
M2_01889,2026-04-17 06:21:25,29.19,6.75,4.888,2177,No,None
M2_01890,2026-04-17 06:22:28,21.75,6.61,4.321,2231,No,None
M2_01891,2026-04-17 06:24:32,20.44,6.72,6.357,3764,Yes,Salt
M2_01892,2026-04-17 07:17:55,12.25,6.83,4.487,2835,Yes,Salt
M2_01893,2026-04-17 07:20:30,30.12,6.7,4.358,2143,No,None
M2_01894,2026-04-17 08:11:19,23.0,6.51,3.596,1653,Yes,Water
M2_01895,2026-04-17 08:27:05,22.5,6.91,4.293,2342,Yes,Water
M2_01896,2026-04-17 09:01:54,32.44,6.65,5.006,1957,Yes,Urea
M2_01897,2026-04-17 09:21:04,25.31,6.66,5.365,2690,Yes,Salt
M2_01898,2026-04-17 09:29:31,15.81,6.83,3.697,2424,Yes,Sugar
M2_01899,2026-04-17 13:19:50,14.0,6.85,3.451,2157,Yes,Water
M2_01900,2026-04-17 16:30:28,15.75,7.04,3.873,2316,Yes,Urea
M2_01901,2026-04-17 16:31:25,17.75,6.65,5.184,3122,Yes,Salt
M2_01902,2026-04-17 16:50:04,35.69,6.59,5.993,2508,No,None
M2_01903,2026-04-17 17:34:41,9.5,6.86,3.319,2161,Yes,Urea
M2_01904,2026-04-17 17:50:31,16.75,6.76,5.297,3187,Yes,Salt
M2_01905,2026-04-17 18:09:05,11.0,6.86,2.845,2088,Yes,Water
M2_01906,2026-04-17 18:11:12,15.19,7.09,3.94,2411,Yes,Urea
M2_01907,2026-04-17 18:34:38,17.06,6.74,5.281,3276,Yes,Salt
M2_01908,2026-04-17 18:43:43,23.69,6.78,4.649,2456,Yes,Urea
M2_01909,2026-04-17 18:56:13,33.5,6.56,5.97,2522,No,None
M2_01910,2026-04-17 19:25:07,17.88,6.74,4.065,2231,Yes,Water
M2_01911,2026-04-18 01:06:22,26.56,6.58,5.13,2295,No,None
M2_01912,2026-04-18 06:06:44,29.94,6.66,5.84,2568,Yes,Salt
M2_01913,2026-04-18 06:10:06,33.81,6.47,5.48,2500,No,None
M2_01914,2026-04-18 06:13:57,2.69,6.87,2.145,1831,Yes,Urea
M2_01915,2026-04-18 06:17:31,4.12,7.22,2.279,1956,Yes,Urea
M2_01916,2026-04-18 06:25:25,21.44,6.78,4.39,2229,Yes,Urea
M2_01917,2026-04-18 06:34:36,29.12,6.73,5.186,2488,Yes,Sugar
M2_01918,2026-04-18 06:53:50,28.19,6.48,3.258,1533,Yes,Water
M2_01919,2026-04-18 07:27:34,12.44,6.81,3.264,2172,No,None
M2_01920,2026-04-18 08:50:48,24.19,6.69,4.487,2133,No,None
M2_01921,2026-04-18 12:44:42,29.06,6.56,4.247,1975,Yes,Water
M2_01922,2026-04-18 16:55:25,20.0,6.6,4.582,2371,Yes,Salt
M2_01923,2026-04-19 05:42:38,7.56,6.95,2.753,1947,No,None
M2_01924,2026-04-19 05:50:02,17.88,6.67,4.222,2349,No,None
M2_01925,2026-04-19 06:04:29,20.19,6.67,4.017,2239,Yes,Salt
M2_01926,2026-04-19 06:28:42,19.38,6.68,4.146,2394,Yes,Sugar
M2_01927,2026-04-19 06:31:34,34.38,6.64,5.845,2488,No,None
M2_01928,2026-04-19 07:00:21,21.94,6.73,3.954,2078,No,None
M2_01929,2026-04-19 07:13:05,26.88,6.66,5.26,2613,Yes,Urea
M2_01930,2026-04-19 07:20:40,30.81,6.7,4.584,2110,Yes,Urea
M2_01931,2026-04-19 07:23:52,24.12,6.94,4.679,2231,Yes,Urea
M2_01932,2026-04-19 07:36:15,25.44,6.48,4.572,2330,Yes,Sugar
M2_01933,2026-04-19 08:14:20,15.38,6.79,4.48,2710,Yes,Salt
M2_01934,2026-04-19 08:24:50,25.38,6.6,6.36,3380,Yes,Salt
M2_01935,2026-04-19 08:25:46,28.25,6.77,3.209,1354,Yes,Water
M2_01936,2026-04-19 08:57:37,6.5,6.86,2.282,1687,No,None
M2_01937,2026-04-19 09:15:56,10.06,6.98,2.947,2201,Yes,Urea
M2_01938,2026-04-19 09:20:29,31.0,6.54,5.154,2178,Yes,Urea
M2_01939,2026-04-19 09:24:33,33.88,6.6,6.559,2816,Yes,Salt
M2_01940,2026-04-19 12:25:43,33.06,6.77,5.106,2124,Yes,Urea
M2_01941,2026-04-19 14:13:15,28.06,6.88,5.861,2815,No,None
M2_01942,2026-04-19 16:01:10,20.5,6.73,4.709,2429,No,None
M2_01943,2026-04-19 16:30:32,27.62,6.69,3.776,1841,Yes,Water
M2_01944,2026-04-19 16:35:52,35.62,6.58,6.079,2719,Yes,Sugar
M2_01945,2026-04-19 17:40:31,26.25,6.49,7.292,3414,Yes,Salt
M2_01946,2026-04-19 18:51:29,36.12,6.45,7.871,3317,Yes,Salt
M2_01947,2026-04-19 19:00:32,20.19,6.8,4.273,2481,No,None
M2_01948,2026-04-20 05:45:11,28.94,6.7,5.181,2510,No,None
M2_01949,2026-04-20 07:04:20,25.38,6.78,5.104,2599,Yes,Sugar
M2_01950,2026-04-20 07:18:55,22.88,6.44,5.606,2859,Yes,Salt
M2_01951,2026-04-20 07:44:53,24.06,6.74,4.763,2658,No,None
M2_01952,2026-04-20 08:16:48,31.81,6.82,6.075,2720,Yes,Urea
M2_01953,2026-04-20 08:35:44,20.25,6.72,3.935,2356,Yes,Urea
M2_01954,2026-04-20 08:46:23,32.75,6.48,5.913,2344,No,None
M2_01955,2026-04-20 11:06:48,24.38,6.73,4.849,2511,Yes,Urea
M2_01956,2026-04-20 16:33:17,31.12,6.45,5.106,2270,Yes,Water
M2_01957,2026-04-20 16:38:45,25.0,6.62,4.599,2482,No,None
M2_01958,2026-04-20 17:04:54,7.19,6.89,2.259,1664,Yes,Water
M2_01959,2026-04-20 18:40:11,36.62,6.5,6.319,2627,Yes,Salt
M2_01960,2026-04-20 19:07:57,6.88,6.61,2.791,2121,No,None
M2_01961,2026-04-21 05:35:16,14.38,6.63,3.77,2394,Yes,Sugar
M2_01962,2026-04-21 05:36:22,29.94,6.71,5.178,2426,No,None
M2_01963,2026-04-21 05:42:30,24.06,6.7,5.097,2673,No,None
M2_01964,2026-04-21 05:48:59,14.44,6.75,3.948,2448,No,None
M2_01965,2026-04-21 06:00:20,26.38,6.77,5.27,2689,No,None
M2_01966,2026-04-21 06:10:28,24.94,6.93,5.104,2440,Yes,Urea
M2_01967,2026-04-21 07:02:00,31.31,6.77,5.892,2666,No,None
M2_01968,2026-04-21 07:12:20,24.62,6.82,4.522,2318,Yes,Sugar
M2_01969,2026-04-21 07:18:19,14.12,6.73,3.684,2444,Yes,Urea
M2_01970,2026-04-21 07:53:24,16.81,6.66,4.868,2991,Yes,Salt
M2_01971,2026-04-21 08:01:49,19.38,6.62,3.599,2141,Yes,Sugar
M2_01972,2026-04-21 08:08:03,30.12,6.72,3.629,1693,Yes,Water
M2_01973,2026-04-21 08:09:53,19.25,6.66,3.944,2293,No,None
M2_01974,2026-04-21 08:11:05,23.56,6.7,5.433,2687,Yes,Salt
M2_01975,2026-04-21 09:04:08,19.81,6.73,4.068,2513,No,None
M2_01976,2026-04-21 09:14:26,32.06,6.65,4.794,2088,No,None
M2_01977,2026-04-21 16:02:10,21.62,6.81,3.992,2257,Yes,Water
M2_01978,2026-04-21 16:47:18,12.44,6.71,3.638,2562,No,None
M2_01979,2026-04-21 17:33:29,7.69,7.02,2.829,2092,No,None
M2_01980,2026-04-21 17:54:12,17.44,6.81,3.853,2529,No,None
M2_01981,2026-04-21 18:57:09,20.56,6.75,3.987,2308,Yes,Urea
M2_01982,2026-04-21 18:57:22,40.44,6.64,4.99,2031,Yes,Water
M2_01983,2026-04-21 20:53:37,30.5,6.48,6.095,2635,No,None
M2_01984,2026-04-22 06:42:10,25.5,6.85,4.667,2365,No,None
M2_01985,2026-04-22 06:48:46,17.25,6.83,3.829,2491,Yes,Sugar
M2_01986,2026-04-22 06:55:11,25.19,6.83,4.887,2353,No,None
M2_01987,2026-04-22 07:00:16,24.62,6.87,6.062,3018,No,None
M2_01988,2026-04-22 07:52:36,32.19,6.54,6.243,2677,No,None
M2_01989,2026-04-22 08:27:58,17.94,6.97,2.331,1284,Yes,Water
M2_01990,2026-04-22 08:42:25,22.06,6.76,4.165,2128,Yes,Water
M2_01991,2026-04-22 08:50:40,29.69,6.62,6.406,3033,Yes,Salt
M2_01992,2026-04-22 08:53:00,31.56,6.76,9.914,4345,Yes,Salt
M2_01993,2026-04-22 08:54:45,8.44,6.68,3.78,2868,Yes,Salt
M2_01994,2026-04-22 09:10:15,19.19,6.68,4.474,2506,No,None
M2_01995,2026-04-22 09:25:31,23.75,6.75,4.645,2434,Yes,Urea
M2_01996,2026-04-22 16:24:48,22.38,6.84,4.578,2611,No,None
M2_01997,2026-04-22 16:30:13,31.75,6.73,5.485,2458,No,None
M2_01998,2026-04-22 16:47:16,25.81,6.68,4.646,2348,Yes,Water
M2_01999,2026-04-22 17:17:42,27.19,6.65,4.499,2298,Yes,Sugar
M2_02000,2026-04-22 18:17:58,22.94,6.85,3.372,1799,Yes,Water
M2_02001,2026-04-22 18:35:40,22.31,6.73,3.917,2343,No,None
M2_02002,2026-04-22 18:38:30,29.94,6.56,11.519,5486,Yes,Salt
M2_02003,2026-04-22 18:55:39,4.06,6.86,2.11,1711,No,None
M2_02004,2026-04-23 05:40:51,29.12,6.66,5.178,2623,Yes,Salt
M2_02005,2026-04-23 05:41:20,30.69,6.44,5.2,2510,No,None
M2_02006,2026-04-23 05:43:57,25.75,6.46,4.98,2399,No,None
M2_02007,2026-04-23 05:52:55,24.69,6.76,4.84,2556,No,None
M2_02008,2026-04-23 06:25:53,31.56,6.61,3.674,1634,Yes,Water
M2_02009,2026-04-23 07:29:53,34.81,6.72,5.814,2383,No,None
M2_02010,2026-04-23 08:02:11,26.19,6.73,4.286,2101,Yes,Urea
M2_02011,2026-04-23 08:05:04,30.88,6.75,4.728,2440,Yes,Urea
M2_02012,2026-04-23 08:43:14,27.31,6.53,4.56,2301,No,None
M2_02013,2026-04-23 08:52:30,14.5,6.86,4.039,2474,No,None
M2_02014,2026-04-23 09:04:54,18.31,6.53,3.573,2042,No,None
M2_02015,2026-04-23 16:01:07,21.75,6.36,4.185,2362,Yes,Sugar
M2_02016,2026-04-23 16:38:16,32.62,6.65,5.611,2452,No,None
M2_02017,2026-04-23 17:15:25,38.12,6.65,5.624,2172,No,None
M2_02018,2026-04-23 17:19:14,27.75,6.82,5.046,2520,Yes,Sugar
M2_02019,2026-04-23 17:37:16,18.06,6.72,4.197,2338,Yes,Urea
M2_02020,2026-04-23 18:09:51,3.19,6.9,1.701,1573,No,None
M2_02021,2026-04-23 18:17:26,17.69,6.84,4.279,2381,Yes,Salt
M2_02022,2026-04-23 18:55:29,16.25,6.67,3.833,2371,No,None
M2_02023,2026-04-24 02:08:37,21.56,6.64,5.251,3013,Yes,Salt
M2_02024,2026-04-24 02:18:27,22.0,6.78,4.56,2421,No,None
M2_02025,2026-04-24 06:06:15,30.69,6.63,6.301,2756,No,None
M2_02026,2026-04-24 06:27:07,30.56,6.5,4.776,2246,No,None
M2_02027,2026-04-24 06:29:23,40.0,6.44,7.26,3009,Yes,Salt
M2_02028,2026-04-24 06:43:22,37.88,6.39,6.326,2537,No,None
M2_02029,2026-04-24 07:04:29,21.81,6.63,4.193,2386,No,None
M2_02030,2026-04-24 07:52:10,38.12,6.43,7.009,2705,Yes,Sugar
M2_02031,2026-04-24 07:59:54,31.88,6.68,6.871,2938,Yes,Water
M2_02032,2026-04-24 08:22:22,18.25,6.9,4.383,2464,No,None
M2_02033,2026-04-24 08:26:20,16.0,6.6,4.01,2498,No,None
M2_02034,2026-04-24 08:33:21,29.5,6.65,5.402,2527,No,None
M2_02035,2026-04-24 08:49:17,33.0,6.51,7.225,3356,No,None
M2_02036,2026-04-24 08:50:19,26.12,6.61,4.899,2362,No,None
M2_02037,2026-04-24 09:12:23,27.12,6.74,4.513,2241,Yes,Water
M2_02038,2026-04-24 09:19:46,12.81,6.81,2.461,1650,Yes,Water
M2_02039,2026-04-24 09:21:05,33.12,6.49,5.353,2351,No,None
M2_02040,2026-04-24 16:21:36,10.44,6.93,2.069,1259,Yes,Water
M2_02041,2026-04-24 17:00:37,30.12,6.7,5.492,2428,No,None
M2_02042,2026-04-24 17:47:24,26.19,6.73,4.787,2302,No,None
M2_02043,2026-04-24 18:02:00,29.94,6.75,3.507,1589,Yes,Water
M2_02044,2026-04-24 19:16:03,20.0,6.7,5.77,3280,Yes,Salt
M2_02045,2026-04-24 19:25:50,26.75,6.55,4.798,2297,Yes,Sugar
M2_02046,2026-04-25 05:30:52,21.19,6.76,4.045,2336,Yes,Sugar
M2_02047,2026-04-25 05:37:04,31.19,6.75,5.141,2215,No,None
M2_02048,2026-04-25 05:39:23,17.06,6.8,3.808,2390,No,None
M2_02049,2026-04-25 05:40:56,28.44,6.58,4.948,2271,No,None
M2_02050,2026-04-25 05:52:00,15.12,6.75,3.515,2281,Yes,Urea
M2_02051,2026-04-25 05:55:12,24.31,6.85,5.173,3048,Yes,Sugar
M2_02052,2026-04-25 06:07:06,17.94,6.75,4.098,2306,No,None
M2_02053,2026-04-25 06:08:25,9.62,6.9,3.095,2168,No,None
M2_02054,2026-04-25 06:11:40,16.75,6.91,2.846,1794,Yes,Water
M2_02055,2026-04-25 06:36:10,32.25,6.54,7.48,2932,Yes,Salt
M2_02056,2026-04-25 07:06:17,18.56,7.05,3.685,2186,Yes,Urea
M2_02057,2026-04-25 07:10:14,13.19,6.82,3.17,2041,No,None
M2_02058,2026-04-25 07:28:31,23.5,6.61,4.218,2183,Yes,Sugar
M2_02059,2026-04-25 07:29:59,20.94,6.61,4.458,2384,No,None
M2_02060,2026-04-25 08:33:33,14.81,6.74,3.596,2173,No,None
M2_02061,2026-04-25 08:48:19,34.19,6.57,4.873,2145,No,None
M2_02062,2026-04-25 09:25:15,24.31,6.65,5.258,2622,Yes,Salt
M2_02063,2026-04-25 16:53:56,26.88,6.55,5.184,2598,No,None
M2_02064,2026-04-25 17:05:33,27.0,6.64,4.561,2126,No,None
M2_02065,2026-04-25 17:17:36,8.0,7.05,3.15,2594,Yes,Sugar
M2_02066,2026-04-25 17:36:11,26.25,6.8,3.606,1778,Yes,Water
M2_02067,2026-04-25 18:03:13,3.0,6.88,1.949,1752,Yes,Sugar
M2_02068,2026-04-25 18:26:56,16.12,6.72,3.795,2317,No,None
M2_02069,2026-04-25 18:38:12,13.25,6.8,3.695,2103,No,None
M2_02070,2026-04-25 18:40:42,19.44,6.77,3.75,2067,No,None
M2_02071,2026-04-26 03:16:29,11.56,6.73,2.974,1993,No,None
M2_02072,2026-04-26 05:59:55,36.75,6.52,5.784,2254,No,None
M2_02073,2026-04-26 06:07:37,28.06,6.69,5.105,2448,Yes,Water
M2_02074,2026-04-26 07:08:03,33.81,6.69,6.126,2505,Yes,Sugar
M2_02075,2026-04-26 08:56:00,40.44,6.51,6.151,2353,No,None
M2_02076,2026-04-26 09:05:25,26.25,6.89,5.387,2637,Yes,Urea
M2_02077,2026-04-26 09:14:28,24.81,6.66,4.7,2391,No,None
M2_02078,2026-04-26 09:22:38,11.75,6.79,3.268,2212,Yes,Urea
M2_02079,2026-04-26 18:19:23,17.25,6.91,3.852,2335,No,None
M2_02080,2026-04-27 06:42:11,39.06,6.56,4.239,1547,Yes,Water
M2_02081,2026-04-27 06:43:08,23.12,6.65,4.291,2268,No,None
M2_02082,2026-04-27 07:00:55,21.06,6.64,4.351,2533,No,None
M2_02083,2026-04-27 07:24:26,19.31,6.84,4.181,2311,No,None
M2_02084,2026-04-27 07:50:52,28.31,6.54,5.919,2852,No,None
M2_02085,2026-04-27 07:53:24,24.88,6.54,4.116,2067,Yes,Water
M2_02086,2026-04-27 08:39:13,8.0,7.07,2.21,1780,Yes,Urea
M2_02087,2026-04-27 08:52:15,23.94,6.58,4.693,2348,No,None
M2_02088,2026-04-27 08:55:10,20.0,6.71,3.52,2131,Yes,Urea
M2_02089,2026-04-27 15:37:33,10.19,6.7,3.0,2320,Yes,Sugar
M2_02090,2026-04-27 16:17:23,14.19,6.7,3.234,1933,No,None
M2_02091,2026-04-27 16:48:22,21.5,6.69,4.476,2381,No,None
M2_02092,2026-04-27 17:11:40,25.75,6.87,4.855,2523,No,None
M2_02093,2026-04-27 18:47:33,17.56,6.75,2.992,1974,Yes,Water
M2_02094,2026-04-27 19:42:38,19.62,6.65,4.018,2414,Yes,Sugar
M2_02095,2026-04-27 22:15:54,32.12,6.86,5.707,2390,Yes,Urea
M2_02096,2026-04-28 02:35:58,22.25,6.75,4.328,2303,Yes,Sugar
M2_02097,2026-04-28 05:49:34,20.75,6.97,5.53,3092,Yes,Urea
M2_02098,2026-04-28 06:09:28,27.44,6.67,4.731,2329,No,None
M2_02099,2026-04-28 06:35:36,23.19,6.51,4.128,2436,Yes,Sugar
M2_02100,2026-04-28 06:38:06,29.5,6.74,6.274,2871,Yes,Urea
M2_02101,2026-04-28 07:17:35,22.44,6.6,4.337,2215,No,None
M2_02102,2026-04-28 07:19:08,25.12,6.79,4.649,2238,No,None
M2_02103,2026-04-28 07:52:03,30.5,6.58,5.811,2468,No,None
M2_02104,2026-04-28 07:52:46,28.5,6.52,5.452,2427,No,None
M2_02105,2026-04-28 08:24:03,12.56,6.67,3.641,2276,No,None
M2_02106,2026-04-28 08:24:52,29.81,6.48,5.231,2469,No,None
M2_02107,2026-04-28 08:42:34,26.12,6.75,4.906,2371,No,None
M2_02108,2026-04-28 08:49:37,15.94,6.79,3.903,2446,Yes,Urea
M2_02109,2026-04-28 08:58:42,21.94,6.65,4.192,2264,No,None
M2_02110,2026-04-28 09:21:33,3.38,6.87,1.704,1532,Yes,Water
M2_02111,2026-04-28 17:09:39,32.88,6.73,4.865,2069,Yes,Urea
M2_02112,2026-04-28 18:28:06,19.31,6.87,4.419,2598,Yes,Urea
M2_02113,2026-04-28 19:09:54,11.88,6.69,2.997,2013,No,None
M2_02114,2026-04-29 06:09:00,20.81,6.63,4.194,2359,Yes,Sugar
M2_02115,2026-04-29 06:56:04,12.25,6.75,3.232,2133,No,None
M2_02116,2026-04-29 06:56:19,31.31,6.59,5.894,2686,No,None
M2_02117,2026-04-29 07:06:50,14.75,6.87,3.392,2115,Yes,Sugar
M2_02118,2026-04-29 07:07:07,25.12,6.63,5.861,2926,Yes,Salt
M2_02119,2026-04-29 07:08:54,14.81,6.62,3.654,2198,Yes,Sugar
M2_02120,2026-04-29 08:12:46,30.31,6.78,4.362,1876,No,None
M2_02121,2026-04-29 08:27:12,8.06,6.8,2.355,1785,No,None
M2_02122,2026-04-29 08:57:41,6.12,6.84,2.636,2084,No,None
M2_02123,2026-04-29 16:56:34,12.38,6.5,3.69,2428,No,None
M2_02124,2026-04-29 17:07:01,22.75,6.69,3.923,2194,No,None
M2_02125,2026-04-29 18:19:15,17.0,6.51,4.083,2506,Yes,Sugar
M2_02126,2026-04-29 18:45:16,4.06,6.74,1.875,1536,No,None
M2_02127,2026-04-29 21:50:15,8.88,6.69,2.636,1896,No,None
M2_02128,2026-04-30 05:36:05,7.12,6.93,3.292,2519,Yes,Salt
M2_02129,2026-04-30 06:05:05,21.5,6.8,4.409,2685,No,None
M2_02130,2026-04-30 06:24:04,30.06,6.8,4.816,2259,Yes,Water
M2_02131,2026-04-30 06:57:57,28.94,6.7,4.691,2358,No,None
M2_02132,2026-04-30 07:10:19,24.56,6.67,4.907,2383,Yes,Sugar
M2_02133,2026-04-30 07:19:29,13.88,6.74,3.312,2136,No,None
M2_02134,2026-04-30 07:55:50,25.75,6.66,5.839,3114,Yes,Sugar
M2_02135,2026-04-30 16:05:19,3.19,6.89,1.726,1643,Yes,Water
M2_02136,2026-04-30 16:36:12,36.12,6.71,7.323,3161,Yes,Salt
M2_02137,2026-04-30 17:25:45,23.62,6.68,4.686,2310,No,None
M2_02138,2026-05-01 05:57:15,22.0,6.67,3.017,1548,Yes,Water
M2_02139,2026-05-01 06:00:40,27.62,6.59,5.093,2491,No,None
M2_02140,2026-05-01 06:37:03,14.62,6.83,5.389,3199,Yes,Salt
M2_02141,2026-05-01 06:38:09,33.5,6.59,2.846,1174,Yes,Water
M2_02142,2026-05-01 07:04:37,29.62,6.77,5.847,2650,Yes,Urea
M2_02143,2026-05-01 07:45:50,32.38,6.45,5.828,2581,No,None
M2_02144,2026-05-01 07:48:05,32.88,6.62,4.938,2261,No,None
M2_02145,2026-05-01 07:50:18,10.25,6.83,3.064,2291,No,None
M2_02146,2026-05-01 07:52:08,26.94,6.71,4.972,2401,No,None
M2_02147,2026-05-01 08:27:19,31.88,6.56,5.091,2397,No,None
M2_02148,2026-05-01 08:57:59,27.75,6.73,3.544,1818,Yes,Water
M2_02149,2026-05-01 16:37:11,13.06,6.86,3.282,2259,No,None
M2_02150,2026-05-01 17:22:52,25.88,6.83,4.895,2515,Yes,Urea
M2_02151,2026-05-01 19:23:15,36.12,6.69,10.326,4568,Yes,Salt
M2_02152,2026-05-01 19:29:23,26.0,6.61,4.603,2112,No,None
M2_02153,2026-05-02 05:38:33,12.31,6.73,7.323,4691,Yes,Salt
M2_02154,2026-05-02 05:51:37,38.94,6.82,5.678,2334,Yes,Water
M2_02155,2026-05-02 06:05:26,18.25,6.74,3.914,2071,No,None
M2_02156,2026-05-02 06:53:09,24.5,6.62,4.42,2428,No,None
M2_02157,2026-05-02 07:23:50,21.81,6.95,4.789,2471,Yes,Urea
M2_02158,2026-05-02 07:28:19,30.81,6.65,6.555,2792,Yes,Salt
M2_02159,2026-05-02 07:38:11,31.25,6.52,6.121,2908,No,None
M2_02160,2026-05-02 07:49:03,22.62,6.77,4.908,2527,Yes,Sugar
M2_02161,2026-05-02 08:06:27,20.06,6.67,4.425,2427,No,None
M2_02162,2026-05-02 08:49:30,24.12,6.61,4.717,2449,Yes,Sugar
M2_02163,2026-05-02 10:33:50,28.19,6.73,4.013,1943,Yes,Water
M2_02164,2026-05-02 14:23:50,25.25,6.67,4.351,2206,Yes,Water
M2_02165,2026-05-02 15:38:18,23.19,6.71,5.814,2866,Yes,Sugar
M2_02166,2026-05-02 17:11:23,17.62,6.74,4.057,2403,No,None
M2_02167,2026-05-02 17:16:57,39.0,6.53,5.424,2120,Yes,Sugar
M2_02168,2026-05-02 17:32:26,33.94,6.56,5.338,2255,No,None
M2_02169,2026-05-02 18:31:38,33.19,6.34,5.601,2653,No,None
M2_02170,2026-05-02 19:01:05,28.81,6.67,5.44,2541,Yes,Salt
M2_02171,2026-05-02 19:01:47,25.62,6.9,4.946,2497,Yes,Urea
M2_02172,2026-05-03 05:49:29,27.12,6.63,4.676,2429,Yes,Sugar
M2_02173,2026-05-03 06:26:13,23.56,6.85,4.466,2264,Yes,Urea
M2_02174,2026-05-03 06:44:56,33.62,6.65,5.386,2293,No,None
M2_02175,2026-05-03 06:56:17,30.75,6.48,5.022,2362,No,None
M2_02176,2026-05-03 07:18:27,20.88,6.79,4.39,2230,No,None
M2_02177,2026-05-03 07:36:50,20.25,6.63,6.386,3851,Yes,Salt
M2_02178,2026-05-03 07:42:36,24.69,6.83,3.117,1661,Yes,Water
M2_02179,2026-05-03 07:59:32,24.38,6.68,5.245,2760,No,None
M2_02180,2026-05-03 08:42:01,9.88,6.7,2.916,2050,No,None
M2_02181,2026-05-03 09:06:41,17.81,6.72,6.053,3783,Yes,Salt
M2_02182,2026-05-03 16:53:18,20.31,6.78,5.12,2818,No,None
M2_02183,2026-05-03 18:34:05,30.75,6.61,9.206,4021,Yes,Salt
M2_02184,2026-05-04 06:19:44,27.25,6.64,4.914,2329,Yes,Urea
M2_02185,2026-05-04 06:57:09,33.81,6.44,5.934,2691,No,None
M2_02186,2026-05-04 07:11:11,18.62,6.9,4.286,2462,No,None
M2_02187,2026-05-04 07:14:32,7.12,6.83,2.057,1639,Yes,Urea
M2_02188,2026-05-04 07:50:53,24.81,6.69,4.444,2431,No,None
M2_02189,2026-05-04 08:04:26,28.44,6.64,5.643,2623,No,None
M2_02190,2026-05-04 08:20:39,13.12,6.87,3.738,2362,Yes,Salt
M2_02191,2026-05-04 09:06:14,8.19,6.69,3.989,3046,Yes,Salt
M2_02192,2026-05-04 16:49:52,16.44,6.74,4.071,2634,Yes,Sugar
M2_02193,2026-05-04 16:53:02,8.56,6.81,2.75,2078,No,None
M2_02194,2026-05-04 17:21:16,21.25,6.66,3.379,1989,Yes,Sugar
M2_02195,2026-05-04 17:38:23,25.88,6.59,4.77,2441,No,None
M2_02196,2026-05-04 18:41:42,22.5,6.7,4.868,2641,No,None
M2_02197,2026-05-04 18:41:48,26.31,6.38,4.145,1958,No,None
M2_02198,2026-05-04 19:08:51,19.5,6.72,3.523,1972,Yes,Sugar
M2_02199,2026-05-05 06:00:59,10.94,6.83,3.211,2214,No,None
M2_02200,2026-05-05 06:22:38,16.12,6.56,3.893,2201,No,None
M2_02201,2026-05-05 07:04:34,26.56,6.78,4.675,2400,Yes,Sugar
M2_02202,2026-05-05 07:22:56,13.44,6.86,3.168,1987,Yes,Sugar
M2_02203,2026-05-05 07:29:21,15.0,6.86,3.424,2267,No,None
M2_02204,2026-05-05 08:04:21,11.62,6.87,3.16,2244,No,None
M2_02205,2026-05-05 08:18:10,23.81,6.96,5.057,2504,Yes,Urea
M2_02206,2026-05-05 08:20:53,30.19,6.54,4.605,2170,No,None
M2_02207,2026-05-05 08:32:13,22.38,6.72,4.353,2084,Yes,Water
M2_02208,2026-05-05 08:56:52,12.69,6.83,3.374,2219,No,None
M2_02209,2026-05-05 09:07:44,7.94,6.75,2.72,2136,No,None
M2_02210,2026-05-05 09:10:34,30.88,6.59,4.439,1991,Yes,Water
M2_02211,2026-05-05 09:19:14,30.25,6.56,5.189,2435,No,None
M2_02212,2026-05-05 09:20:09,16.44,6.88,3.608,2190,No,None
M2_02213,2026-05-05 09:25:25,31.19,6.69,4.483,1902,Yes,Water
M2_02214,2026-05-05 16:15:46,14.0,6.77,3.95,2443,Yes,Sugar
M2_02215,2026-05-05 17:41:52,22.69,6.94,4.9,2631,Yes,Urea
M2_02216,2026-05-05 18:02:35,17.12,6.94,3.961,2349,Yes,Urea
M2_02217,2026-05-05 19:19:39,40.31,6.42,6.446,2619,No,None
M2_02218,2026-05-05 22:13:07,16.5,6.77,4.083,2324,No,None
M2_02219,2026-05-06 02:52:42,18.19,6.73,5.359,3385,No,None
M2_02220,2026-05-06 05:48:30,23.56,6.75,4.579,2408,Yes,Sugar
M2_02221,2026-05-06 05:59:42,10.31,6.89,3.183,2158,No,None
M2_02222,2026-05-06 06:18:16,21.19,6.93,4.54,2302,Yes,Urea
M2_02223,2026-05-06 06:31:47,34.81,6.51,6.018,2438,No,None
M2_02224,2026-05-06 07:11:11,14.19,6.67,6.713,4053,Yes,Salt
M2_02225,2026-05-06 07:21:27,11.5,6.73,3.27,2389,Yes,Water
M2_02226,2026-05-06 07:22:54,31.38,6.48,5.446,2492,No,None
M2_02227,2026-05-06 07:29:10,15.94,6.73,3.7,2345,Yes,Urea
M2_02228,2026-05-06 07:37:53,19.5,6.88,4.341,2654,No,None
M2_02229,2026-05-06 07:48:44,31.88,6.7,5.247,2200,Yes,Sugar
M2_02230,2026-05-06 07:59:17,14.81,6.6,2.973,1826,Yes,Water
M2_02231,2026-05-06 08:05:16,24.12,6.6,5.102,2706,No,None
M2_02232,2026-05-06 08:24:18,32.88,6.69,6.701,2806,No,None
M2_02233,2026-05-06 09:03:18,9.56,6.88,2.921,2182,No,None
M2_02234,2026-05-06 09:04:54,20.88,6.79,3.558,1889,No,None
M2_02235,2026-05-06 09:07:41,20.06,6.71,4.12,2429,No,None
M2_02236,2026-05-06 16:12:01,17.69,6.74,5.51,3240,Yes,Salt
M2_02237,2026-05-06 16:14:03,30.56,6.68,5.274,2484,Yes,Sugar
M2_02238,2026-05-06 16:32:35,32.12,6.5,5.312,2554,Yes,Sugar
M2_02239,2026-05-06 16:53:36,23.38,6.71,4.905,2259,No,None
M2_02240,2026-05-06 17:11:13,25.75,6.66,4.913,2367,No,None
M2_02241,2026-05-06 17:21:23,20.81,6.78,3.85,2282,Yes,Water
M2_02242,2026-05-06 18:14:47,2.88,7.0,1.784,1689,Yes,Sugar
M2_02243,2026-05-06 18:20:33,16.81,6.94,3.685,2307,Yes,Urea
M2_02244,2026-05-07 02:35:31,27.06,6.63,5.685,2717,Yes,Salt
M2_02245,2026-05-07 05:41:46,20.69,6.76,4.363,2471,No,None
M2_02246,2026-05-07 05:51:58,12.0,6.74,3.347,2372,No,None
M2_02247,2026-05-07 06:04:40,12.0,6.78,2.978,2053,No,None
M2_02248,2026-05-07 06:20:51,32.06,6.39,6.06,2749,No,None
M2_02249,2026-05-07 06:52:54,26.62,6.84,5.217,2490,No,None
M2_02250,2026-05-07 07:28:47,32.12,6.64,4.123,1893,Yes,Water
M2_02251,2026-05-07 07:43:11,26.94,6.8,4.822,2303,Yes,Water
M2_02252,2026-05-07 08:10:07,17.69,6.75,4.451,2562,Yes,Salt
M2_02253,2026-05-07 16:13:06,15.5,6.64,3.385,2224,No,None
M2_02254,2026-05-07 16:26:13,26.38,6.71,4.789,2102,Yes,Sugar
M2_02255,2026-05-07 17:23:02,11.06,6.85,2.7,1936,Yes,Water
M2_02256,2026-05-07 17:24:45,31.56,6.64,5.104,2213,No,None
M2_02257,2026-05-07 18:05:54,23.19,6.94,5.058,2742,Yes,Urea
M2_02258,2026-05-07 18:37:25,4.31,6.99,2.249,1877,Yes,Urea
M2_02259,2026-05-08 05:39:24,33.31,6.54,7.274,3092,Yes,Salt
M2_02260,2026-05-08 05:48:33,23.0,6.68,4.533,2376,No,None
M2_02261,2026-05-08 05:58:47,9.94,6.79,2.845,2007,Yes,Water
M2_02262,2026-05-08 06:58:27,7.19,6.99,1.282,962,Yes,Water
M2_02263,2026-05-08 07:03:03,18.5,6.67,4.349,2733,No,None
M2_02264,2026-05-08 07:06:33,25.62,6.74,4.54,2389,No,None
M2_02265,2026-05-08 07:27:28,23.12,6.65,5.201,2794,Yes,Salt
M2_02266,2026-05-08 07:31:20,10.12,6.83,2.624,2125,Yes,Sugar
M2_02267,2026-05-08 07:35:21,26.62,6.72,4.461,2434,No,None
M2_02268,2026-05-08 07:49:34,27.69,6.82,5.214,2195,Yes,Urea
M2_02269,2026-05-08 07:53:26,30.0,6.56,5.164,2361,Yes,Sugar
M2_02270,2026-05-08 08:09:02,29.88,6.59,3.794,1726,Yes,Water
M2_02271,2026-05-08 08:13:33,19.44,6.76,4.121,2360,Yes,Water
M2_02272,2026-05-08 08:14:02,23.25,6.62,4.973,2535,No,None
M2_02273,2026-05-08 08:17:46,13.62,6.75,3.27,1855,No,None
M2_02274,2026-05-08 08:26:39,17.69,6.7,3.484,2248,No,None
M2_02275,2026-05-08 09:01:25,22.25,6.63,7.807,3951,Yes,Salt
M2_02276,2026-05-08 09:26:29,39.69,6.47,5.464,2085,Yes,Water
M2_02277,2026-05-08 16:16:01,24.38,6.64,6.147,3385,Yes,Sugar
M2_02278,2026-05-08 16:18:27,30.0,6.7,5.457,2671,No,None
M2_02279,2026-05-08 17:11:42,13.38,6.91,3.485,2396,No,None
M2_02280,2026-05-08 17:32:30,33.06,6.6,5.97,2593,Yes,Water
M2_02281,2026-05-08 18:01:43,15.19,6.82,4.291,2721,No,None
M2_02282,2026-05-08 19:05:51,12.44,6.68,3.122,2133,No,None
M2_02283,2026-05-08 19:23:01,15.81,6.76,3.448,2282,No,None
M2_02284,2026-05-09 06:09:53,31.25,6.51,7.785,3156,Yes,Salt
M2_02285,2026-05-09 06:40:08,31.88,6.67,4.959,2294,No,None
M2_02286,2026-05-09 06:55:47,4.44,6.85,1.879,1423,Yes,Water
M2_02287,2026-05-09 07:19:10,27.62,6.71,5.229,2511,No,None
M2_02288,2026-05-09 07:33:34,31.06,6.59,5.851,2494,Yes,Salt
M2_02289,2026-05-09 08:52:19,36.25,6.57,5.467,2395,No,None
M2_02290,2026-05-09 09:25:18,20.25,6.81,7.461,4253,Yes,Salt
M2_02291,2026-05-09 16:04:30,21.19,6.88,4.166,2306,Yes,Urea
M2_02292,2026-05-09 17:05:06,14.25,6.68,3.979,2596,No,None
M2_02293,2026-05-09 17:37:48,21.81,6.87,4.668,2512,No,None
M2_02294,2026-05-09 18:11:06,16.88,6.77,3.753,2289,No,None
M2_02295,2026-05-09 18:40:29,26.69,6.6,5.056,2617,No,None
M2_02296,2026-05-09 19:06:26,28.25,6.46,5.011,2451,Yes,Water
M2_02297,2026-05-09 19:19:36,8.69,6.96,4.568,3421,Yes,Salt
M2_02298,2026-05-10 06:03:31,24.69,6.56,4.792,2606,No,None
M2_02299,2026-05-10 06:06:03,21.19,6.63,4.073,2153,Yes,Water
M2_02300,2026-05-10 06:07:03,26.25,6.76,4.589,2250,Yes,Water
M2_02301,2026-05-10 06:23:10,17.06,6.64,3.828,2271,No,None
M2_02302,2026-05-10 06:53:19,18.56,6.97,3.706,2175,Yes,Urea
M2_02303,2026-05-10 07:19:31,17.88,6.74,3.667,2147,Yes,Salt
M2_02304,2026-05-10 07:53:40,21.62,6.77,3.623,1939,Yes,Water
M2_02305,2026-05-10 07:58:47,11.75,6.89,3.279,1876,No,None
M2_02306,2026-05-10 08:06:48,30.0,6.52,5.51,2459,No,None
M2_02307,2026-05-10 08:18:33,21.12,6.9,4.527,2417,No,None
M2_02308,2026-05-10 08:19:47,18.81,6.74,3.606,2022,Yes,Water
M2_02309,2026-05-10 09:05:15,32.69,6.92,5.399,2475,Yes,Water
M2_02310,2026-05-10 09:16:56,30.56,6.72,5.373,2479,Yes,Urea
M2_02311,2026-05-10 17:08:07,32.56,6.6,5.862,2594,No,None
M2_02312,2026-05-11 06:02:47,28.44,6.61,5.123,2405,Yes,Sugar
M2_02313,2026-05-11 06:10:13,24.69,6.61,4.074,2088,No,None
M2_02314,2026-05-11 06:13:25,4.06,6.91,2.417,2069,No,None
M2_02315,2026-05-11 06:21:42,21.81,6.68,3.604,2097,Yes,Sugar
M2_02316,2026-05-11 06:34:39,25.25,6.59,4.727,2272,Yes,Water
M2_02317,2026-05-11 06:43:18,29.94,6.66,3.738,1758,Yes,Water
M2_02318,2026-05-11 07:10:56,36.38,6.6,5.436,2502,Yes,Sugar
M2_02319,2026-05-11 07:48:45,9.06,6.79,2.886,2017,No,None
M2_02320,2026-05-11 07:51:21,34.06,6.57,5.209,2312,Yes,Sugar
M2_02321,2026-05-11 08:14:20,40.19,6.69,6.029,2117,Yes,Water
M2_02322,2026-05-11 08:15:19,24.19,6.73,3.913,2120,Yes,Water
M2_02323,2026-05-11 08:32:50,25.75,6.75,4.833,2475,Yes,Urea
M2_02324,2026-05-11 08:36:48,23.62,6.65,4.789,2669,No,None
M2_02325,2026-05-11 09:10:49,23.81,6.52,4.977,2197,No,None
M2_02326,2026-05-11 16:56:29,19.0,6.79,4.759,2692,No,None
M2_02327,2026-05-11 17:13:54,33.12,6.86,3.534,1452,Yes,Water
M2_02328,2026-05-11 18:10:04,31.5,6.6,6.066,2790,Yes,Water
M2_02329,2026-05-11 19:05:21,21.38,6.6,5.027,2652,No,None
M2_02330,2026-05-11 19:06:57,30.69,6.57,5.215,2334,No,None
M2_02331,2026-05-11 19:23:24,29.69,6.89,4.072,1853,Yes,Water
M2_02332,2026-05-11 19:29:14,14.88,6.86,3.704,2148,Yes,Urea
M2_02333,2026-05-12 05:30:28,15.75,6.85,3.485,2141,No,None
M2_02334,2026-05-12 06:14:05,14.94,6.7,3.321,2041,No,None
M2_02335,2026-05-12 07:06:15,25.19,6.68,4.489,2307,No,None
M2_02336,2026-05-12 07:23:21,29.75,6.62,5.546,2407,No,None
M2_02337,2026-05-12 07:59:11,15.0,7.04,3.91,2493,No,None
M2_02338,2026-05-12 08:20:49,10.31,6.83,3.185,2377,Yes,Salt
M2_02339,2026-05-12 08:26:44,36.38,6.71,4.515,1869,Yes,Water
M2_02340,2026-05-12 08:46:33,15.5,6.72,2.66,1534,Yes,Water
M2_02341,2026-05-12 08:47:21,38.88,6.62,7.521,2900,Yes,Salt
M2_02342,2026-05-12 09:12:37,21.19,6.83,5.766,3294,Yes,Sugar
M2_02343,2026-05-12 15:36:18,26.44,6.66,5.049,2716,Yes,Sugar
M2_02344,2026-05-12 16:12:32,17.75,6.89,2.668,1470,Yes,Water
M2_02345,2026-05-12 17:19:59,20.31,6.66,4.443,2378,No,None
M2_02346,2026-05-12 18:22:49,21.44,6.5,2.683,1539,Yes,Water
M2_02347,2026-05-12 18:58:46,22.06,6.84,4.483,2533,Yes,Urea
M2_02348,2026-05-13 00:24:15,15.19,6.86,3.687,2339,No,None
M2_02349,2026-05-13 06:08:00,21.06,6.84,4.729,2368,Yes,Salt
M2_02350,2026-05-13 06:57:46,17.88,6.89,3.466,1815,Yes,Water
M2_02351,2026-05-13 07:05:38,16.38,6.81,4.245,2446,Yes,Urea
M2_02352,2026-05-13 07:06:37,25.0,6.64,5.175,2582,No,None
M2_02353,2026-05-13 07:50:32,28.0,6.67,5.407,2459,No,None
M2_02354,2026-05-13 08:16:47,5.44,6.88,1.747,1587,Yes,Water
M2_02355,2026-05-13 08:23:19,16.88,6.68,3.755,2395,No,None
M2_02356,2026-05-13 09:04:06,23.5,6.83,4.663,2424,No,None
M2_02357,2026-05-13 09:08:38,31.69,6.73,5.395,2420,Yes,Sugar
M2_02358,2026-05-13 09:22:26,7.56,6.71,2.938,2251,No,None
M2_02359,2026-05-13 16:00:53,22.31,6.62,5.094,2723,Yes,Salt
M2_02360,2026-05-13 16:21:02,14.5,6.74,3.206,2054,Yes,Sugar
M2_02361,2026-05-13 17:16:28,28.12,6.65,5.233,2367,No,None
M2_02362,2026-05-13 17:33:21,19.69,6.63,4.344,2181,No,None
M2_02363,2026-05-13 17:45:04,25.81,6.55,4.571,2428,No,None
M2_02364,2026-05-13 18:18:50,25.56,6.65,4.102,2198,No,None
M2_02365,2026-05-14 04:41:04,20.5,6.72,4.54,2418,No,None
M2_02366,2026-05-14 05:34:34,27.0,6.62,4.826,2250,No,None
M2_02367,2026-05-14 05:46:48,28.5,6.59,4.597,2210,Yes,Water
M2_02368,2026-05-14 05:55:23,14.62,6.76,4.346,2696,Yes,Salt
M2_02369,2026-05-14 06:34:28,15.81,6.94,3.494,2248,Yes,Urea
M2_02370,2026-05-14 06:36:12,19.12,6.86,3.961,2281,No,None
M2_02371,2026-05-14 06:47:59,29.06,6.62,6.279,2952,Yes,Salt
M2_02372,2026-05-14 07:14:46,26.75,6.64,4.822,2443,No,None
M2_02373,2026-05-14 07:22:50,5.19,6.9,2.089,1838,No,None
M2_02374,2026-05-14 07:24:40,34.31,6.67,8.162,3632,Yes,Salt
M2_02375,2026-05-14 08:03:45,35.31,6.7,4.858,1939,No,None
M2_02376,2026-05-14 08:36:30,31.0,6.58,5.023,2459,Yes,Sugar
M2_02377,2026-05-14 08:57:45,17.69,6.67,3.502,2284,No,None
M2_02378,2026-05-14 17:10:47,31.81,6.59,5.312,2339,No,None
M2_02379,2026-05-14 17:53:53,17.94,6.69,3.809,2105,No,None
M2_02380,2026-05-14 17:56:26,16.44,6.74,3.377,2032,No,None
M2_02381,2026-05-14 18:09:21,31.25,6.65,5.482,2627,Yes,Sugar
M2_02382,2026-05-14 18:12:15,30.5,6.71,4.722,2112,No,None
M2_02383,2026-05-14 18:25:38,6.25,6.78,2.601,2240,No,None
M2_02384,2026-05-14 18:27:37,39.5,6.48,5.126,1886,Yes,Water
M2_02385,2026-05-14 18:27:47,28.56,6.73,4.79,2187,No,None
M2_02386,2026-05-14 19:26:08,2.81,6.9,2.043,1931,Yes,Water
M2_02387,2026-05-14 19:28:26,30.25,6.82,5.382,2452,Yes,Urea
M2_02388,2026-05-15 05:34:01,22.94,6.57,4.209,2327,Yes,Sugar
M2_02389,2026-05-15 05:37:26,33.81,6.43,4.912,2070,Yes,Sugar
M2_02390,2026-05-15 05:48:28,21.5,6.61,4.481,2369,No,None
M2_02391,2026-05-15 06:10:05,19.5,6.75,4.009,2225,Yes,Urea
M2_02392,2026-05-15 06:30:57,10.81,6.9,2.959,2133,Yes,Sugar
M2_02393,2026-05-15 07:10:01,24.19,6.73,8.254,4139,Yes,Salt
M2_02394,2026-05-15 07:18:16,15.5,6.75,3.588,1948,Yes,Water
M2_02395,2026-05-15 07:21:02,31.81,6.64,5.62,2585,No,None
M2_02396,2026-05-15 07:47:23,21.94,6.63,5.267,2880,No,None
M2_02397,2026-05-15 07:48:03,34.19,6.69,5.682,2489,Yes,Sugar
M2_02398,2026-05-15 07:49:40,23.81,6.83,4.543,2206,Yes,Sugar
M2_02399,2026-05-15 08:02:52,18.25,6.79,3.77,2212,Yes,Sugar
M2_02400,2026-05-15 08:12:26,28.12,6.71,4.826,2373,Yes,Sugar
M2_02401,2026-05-15 08:19:20,34.31,6.64,5.577,2358,Yes,Water
M2_02402,2026-05-15 08:33:41,24.69,6.72,4.494,2136,No,None
M2_02403,2026-05-15 08:46:41,21.5,6.85,4.547,2391,Yes,Water
M2_02404,2026-05-15 09:19:47,3.06,6.92,2.007,1860,No,None
M2_02405,2026-05-15 09:20:07,12.06,6.78,3.011,2068,No,None
M2_02406,2026-05-15 09:22:00,25.38,6.75,4.106,2016,Yes,Sugar
M2_02407,2026-05-15 16:15:33,39.5,6.49,6.146,2492,No,None
M2_02408,2026-05-15 17:47:24,31.56,6.74,6.029,2903,Yes,Urea
M2_02409,2026-05-15 17:48:30,19.69,6.72,3.993,2407,Yes,Sugar
M2_02410,2026-05-15 18:55:03,20.5,6.7,4.346,2581,No,None
M2_02411,2026-05-15 19:06:51,15.5,6.66,4.793,2916,Yes,Salt
M2_02412,2026-05-16 00:33:18,25.5,6.74,4.8,2471,No,None
M2_02413,2026-05-16 05:32:30,28.62,6.66,9.698,4328,Yes,Salt
M2_02414,2026-05-16 05:50:59,17.12,6.74,5.579,3410,Yes,Salt
M2_02415,2026-05-16 05:51:45,26.88,6.78,4.908,2363,Yes,Water
M2_02416,2026-05-16 06:24:41,29.56,6.67,5.497,2533,No,None
M2_02417,2026-05-16 06:29:00,26.94,6.63,7.25,3802,Yes,Salt
M2_02418,2026-05-16 07:34:26,19.0,6.76,4.322,2529,No,None
M2_02419,2026-05-16 08:22:47,15.31,6.78,3.04,1965,Yes,Sugar
M2_02420,2026-05-16 08:25:55,22.56,6.69,4.167,2185,Yes,Urea
M2_02421,2026-05-16 08:50:27,19.38,6.7,4.43,2420,No,None
M2_02422,2026-05-16 18:24:44,28.12,6.54,5.68,2773,No,None
M2_02423,2026-05-16 18:38:00,24.5,6.75,4.908,2712,Yes,Urea
M2_02424,2026-05-17 06:01:43,28.75,6.73,3.629,1711,Yes,Water
M2_02425,2026-05-17 06:12:37,31.94,6.54,5.361,2534,Yes,Sugar
M2_02426,2026-05-17 06:52:31,22.19,6.75,3.884,2101,No,None
M2_02427,2026-05-17 07:00:56,40.12,6.62,6.802,2909,No,None
M2_02428,2026-05-17 07:01:55,21.94,6.73,4.095,2296,Yes,Water
M2_02429,2026-05-17 07:11:06,14.38,6.77,3.088,2010,Yes,Sugar
M2_02430,2026-05-17 08:11:37,24.0,6.74,4.855,2780,No,None
M2_02431,2026-05-17 08:39:56,22.81,6.49,3.486,1778,Yes,Water
M2_02432,2026-05-17 08:41:24,21.0,6.64,4.529,2138,No,None
M2_02433,2026-05-17 08:57:52,28.0,6.82,4.493,2239,No,None
M2_02434,2026-05-17 09:11:08,24.38,6.69,4.892,2409,Yes,Urea
M2_02435,2026-05-17 09:15:05,27.56,6.58,4.279,1999,No,None
M2_02436,2026-05-17 16:16:36,28.44,6.6,4.726,2201,No,None
M2_02437,2026-05-17 17:25:28,16.19,6.64,6.817,4107,Yes,Salt
M2_02438,2026-05-17 17:50:11,16.44,6.76,5.343,3098,Yes,Salt
M2_02439,2026-05-17 18:38:05,30.25,6.71,4.94,2397,No,None
M2_02440,2026-05-17 18:42:20,10.44,6.76,2.235,1516,Yes,Water
M2_02441,2026-05-17 19:09:51,3.69,6.94,1.797,1594,No,None
M2_02442,2026-05-17 19:14:39,29.38,6.59,4.865,2474,No,None
M2_02443,2026-05-17 19:22:10,16.44,6.72,3.568,2138,Yes,Sugar
M2_02444,2026-05-18 05:42:02,23.62,6.63,4.223,2253,Yes,Sugar
M2_02445,2026-05-18 05:55:16,8.5,6.86,3.076,2278,No,None
M2_02446,2026-05-18 06:06:07,23.56,6.6,9.371,5150,Yes,Salt
M2_02447,2026-05-18 06:11:27,29.62,6.68,5.566,2751,No,None
M2_02448,2026-05-18 06:17:20,33.69,6.56,5.262,2207,No,None
M2_02449,2026-05-18 06:24:17,22.88,6.6,4.101,2277,No,None
M2_02450,2026-05-18 06:44:26,23.38,6.82,4.096,2222,No,None
M2_02451,2026-05-18 06:50:49,24.31,6.79,4.51,2015,Yes,Water
M2_02452,2026-05-18 06:55:14,23.0,6.62,5.103,2849,No,None
M2_02453,2026-05-18 07:59:03,33.12,6.69,5.428,2526,Yes,Urea
M2_02454,2026-05-18 08:00:45,19.31,6.69,3.96,2408,Yes,Water
M2_02455,2026-05-18 08:03:04,21.56,6.84,5.738,3240,Yes,Sugar
M2_02456,2026-05-18 08:29:55,30.44,6.61,5.28,2406,Yes,Water
M2_02457,2026-05-18 08:47:32,20.25,6.78,3.91,2145,No,None
M2_02458,2026-05-18 08:53:42,19.94,6.58,7.28,4200,Yes,Salt
M2_02459,2026-05-18 09:06:13,33.19,6.35,5.269,2336,Yes,Sugar
M2_02460,2026-05-18 09:28:48,6.06,6.8,2.218,1820,No,None
M2_02461,2026-05-18 18:18:07,33.56,6.5,4.612,2160,Yes,Sugar
M2_02462,2026-05-18 18:22:24,20.38,6.77,4.274,2502,No,None
M2_02463,2026-05-19 05:31:00,10.19,6.86,2.492,1860,Yes,Water
M2_02464,2026-05-19 05:36:23,25.12,6.68,4.626,2355,Yes,Sugar
M2_02465,2026-05-19 06:58:13,25.38,6.74,4.513,2267,No,None
M2_02466,2026-05-19 08:05:33,2.62,6.91,1.994,1725,No,None
M2_02467,2026-05-19 08:39:58,29.56,6.8,5.557,2649,No,None
M2_02468,2026-05-19 08:49:23,28.62,6.83,5.452,2516,Yes,Urea
M2_02469,2026-05-19 08:54:29,37.94,6.55,5.408,2117,Yes,Urea
M2_02470,2026-05-19 16:20:14,23.0,6.77,4.505,2655,Yes,Sugar
M2_02471,2026-05-19 16:48:40,10.19,6.85,3.403,2452,No,None
M2_02472,2026-05-19 18:24:06,31.62,6.56,6.838,2921,Yes,Salt
M2_02473,2026-05-19 18:48:54,25.25,6.71,4.837,2508,No,None
M2_02474,2026-05-19 19:22:27,24.25,6.57,5.025,2254,No,None
M2_02475,2026-05-20 06:21:48,13.0,6.55,3.198,2220,Yes,Sugar
M2_02476,2026-05-20 06:28:01,20.94,6.68,3.703,2139,Yes,Urea
M2_02477,2026-05-20 06:57:59,25.69,6.7,7.723,3958,Yes,Salt
M2_02478,2026-05-20 07:43:05,18.44,6.61,7.742,4315,Yes,Salt
M2_02479,2026-05-20 08:12:24,8.31,6.89,2.449,1938,Yes,Water
M2_02480,2026-05-20 08:30:38,23.56,6.58,8.443,4248,Yes,Salt
M2_02481,2026-05-20 08:31:54,7.44,6.88,2.752,2104,No,None
M2_02482,2026-05-20 08:31:55,30.38,6.83,5.349,2448,No,None
M2_02483,2026-05-20 09:08:44,26.69,6.74,4.989,2638,Yes,Urea
M2_02484,2026-05-20 09:10:51,22.69,6.77,4.46,2341,No,None
M2_02485,2026-05-20 16:42:31,10.94,6.81,3.446,2450,No,None
M2_02486,2026-05-20 17:26:23,32.12,6.48,5.438,2821,Yes,Sugar
M2_02487,2026-05-20 17:32:43,30.31,6.66,5.269,2348,No,None
M2_02488,2026-05-20 18:11:23,38.5,6.59,5.619,2260,No,None
M2_02489,2026-05-20 18:56:05,39.69,6.62,6.09,2398,Yes,Urea
M2_02490,2026-05-20 19:03:07,14.0,6.84,4.028,2550,Yes,Sugar
M2_02491,2026-05-20 19:15:56,30.31,6.56,4.655,2213,No,None
M2_02492,2026-05-21 05:53:31,20.75,6.92,4.139,2437,Yes,Urea
M2_02493,2026-05-21 06:26:48,22.38,6.69,2.812,1580,Yes,Water
M2_02494,2026-05-21 06:54:26,16.81,6.71,3.404,2032,No,None
M2_02495,2026-05-21 07:24:25,27.38,6.73,5.361,2459,No,None
M2_02496,2026-05-21 08:04:10,13.19,6.84,3.357,2204,No,None
M2_02497,2026-05-21 08:13:44,28.38,6.74,5.745,2651,Yes,Salt
M2_02498,2026-05-21 08:22:41,24.19,6.61,4.48,2193,No,None
M2_02499,2026-05-21 08:43:19,23.44,6.92,4.811,2430,Yes,Urea
M2_02500,2026-05-21 08:58:57,29.62,6.79,5.464,2366,No,None
M2_02501,2026-05-21 09:06:18,28.81,6.62,5.415,2410,Yes,Sugar
M2_02502,2026-05-21 16:38:03,16.88,6.85,3.042,1839,Yes,Water
M2_02503,2026-05-21 16:40:32,8.81,6.79,1.802,1443,Yes,Water
M2_02504,2026-05-21 18:37:58,3.25,6.95,2.029,1893,Yes,Sugar
M2_02505,2026-05-21 19:22:02,27.88,6.98,5.102,2542,Yes,Urea
M2_02506,2026-05-21 19:23:43,12.75,6.87,3.289,2188,No,None
M2_02507,2026-05-22 05:49:47,17.5,6.69,4.109,2643,Yes,Sugar
M2_02508,2026-05-22 06:07:44,27.0,6.72,4.509,2163,Yes,Urea
M2_02509,2026-05-22 06:30:03,30.06,6.6,5.479,2488,No,None
M2_02510,2026-05-22 06:30:37,10.88,6.71,3.325,2443,No,None
M2_02511,2026-05-22 07:16:40,24.75,6.61,2.979,1545,Yes,Water
M2_02512,2026-05-22 07:49:56,35.06,6.4,5.702,2219,No,None
M2_02513,2026-05-22 07:59:01,33.38,6.57,3.727,1698,Yes,Water
M2_02514,2026-05-22 08:09:59,22.12,6.72,4.699,2544,Yes,Sugar
M2_02515,2026-05-22 08:14:09,28.56,6.67,5.327,2549,Yes,Water
M2_02516,2026-05-22 08:50:15,22.06,6.71,4.645,2340,Yes,Sugar
M2_02517,2026-05-22 09:11:19,23.94,6.85,3.638,1943,Yes,Water
M2_02518,2026-05-22 09:12:06,23.69,6.67,4.792,2368,Yes,Water
M2_02519,2026-05-22 09:22:51,14.06,6.84,3.836,2598,Yes,Salt
M2_02520,2026-05-22 16:08:42,28.12,6.61,4.915,2290,No,None
M2_02521,2026-05-22 16:16:26,10.19,6.98,3.172,2365,Yes,Urea
M2_02522,2026-05-22 17:26:05,15.94,6.75,3.222,2021,Yes,Water
M2_02523,2026-05-22 17:30:16,29.81,6.61,5.106,2270,No,None
M2_02524,2026-05-22 18:28:59,24.5,6.6,5.696,3038,Yes,Salt
M2_02525,2026-05-22 18:52:53,29.0,6.63,4.641,2180,Yes,Sugar
M2_02526,2026-05-22 18:58:49,31.31,6.7,5.257,2484,Yes,Sugar
M2_02527,2026-05-23 05:50:20,40.19,6.62,5.294,2151,Yes,Water
M2_02528,2026-05-23 05:59:14,31.44,6.66,6.333,2581,No,None
M2_02529,2026-05-23 06:33:01,22.19,6.71,4.968,2893,No,None
M2_02530,2026-05-23 06:57:37,31.56,6.61,4.542,2057,No,None
M2_02531,2026-05-23 07:01:27,38.94,6.85,6.314,2565,Yes,Urea
M2_02532,2026-05-23 07:51:40,31.12,6.61,5.378,2255,No,None
M2_02533,2026-05-23 07:52:46,25.75,6.84,4.943,2409,Yes,Urea
M2_02534,2026-05-23 08:28:20,28.44,6.74,4.845,2486,No,None
M2_02535,2026-05-23 08:30:19,30.75,6.71,5.452,2601,No,None
M2_02536,2026-05-23 09:08:35,34.06,6.64,4.706,1815,Yes,Water
M2_02537,2026-05-23 16:30:32,29.62,6.69,7.058,3016,Yes,Salt
M2_02538,2026-05-23 16:59:09,22.75,6.59,4.828,2663,No,None
M2_02539,2026-05-23 18:06:51,22.25,6.71,4.718,2459,No,None
M2_02540,2026-05-24 00:01:28,28.44,6.75,5.618,2758,No,None
M2_02541,2026-05-24 02:43:49,26.56,6.6,5.439,2768,Yes,Salt
M2_02542,2026-05-24 02:55:14,9.38,6.82,2.802,2157,Yes,Urea
M2_02543,2026-05-24 05:53:17,19.62,6.86,4.374,2428,Yes,Sugar
M2_02544,2026-05-24 06:16:03,20.19,7.08,4.476,2477,Yes,Urea
M2_02545,2026-05-24 07:00:23,23.25,6.76,5.383,2798,Yes,Water
M2_02546,2026-05-24 07:18:50,14.94,6.9,3.415,2161,No,None
M2_02547,2026-05-24 07:23:48,22.25,6.73,4.876,2508,Yes,Sugar
M2_02548,2026-05-24 07:24:29,18.25,6.83,3.32,1843,Yes,Water
M2_02549,2026-05-24 07:39:27,30.88,6.63,5.541,2586,Yes,Urea
M2_02550,2026-05-24 07:49:23,3.06,6.89,2.099,1907,No,None
M2_02551,2026-05-24 07:56:02,28.56,6.86,6.171,2957,Yes,Urea
M2_02552,2026-05-24 07:57:15,21.25,6.73,4.28,2113,No,None
M2_02553,2026-05-24 08:04:34,21.31,6.73,4.503,2502,Yes,Urea
M2_02554,2026-05-24 08:49:38,31.62,6.73,8.41,3972,Yes,Salt
M2_02555,2026-05-24 09:23:15,24.81,6.67,6.113,3081,Yes,Salt
M2_02556,2026-05-24 09:29:57,14.12,6.75,3.499,2436,No,None
M2_02557,2026-05-24 13:04:04,6.88,6.93,2.82,2313,No,None
M2_02558,2026-05-24 16:26:38,30.81,6.67,5.107,2302,Yes,Water
M2_02559,2026-05-24 16:41:56,17.38,6.66,3.945,2337,Yes,Water
M2_02560,2026-05-24 17:46:46,27.44,6.46,6.449,2936,Yes,Salt
M2_02561,2026-05-24 18:00:10,15.12,6.64,4.709,3033,Yes,Salt
M2_02562,2026-05-24 18:27:55,18.88,6.86,4.989,2670,Yes,Urea
M2_02563,2026-05-24 23:53:17,34.38,6.65,5.311,2464,Yes,Sugar
M2_02564,2026-05-25 05:59:58,21.94,6.71,4.835,2636,No,None
M2_02565,2026-05-25 06:04:56,25.75,6.94,4.704,2213,Yes,Urea
M2_02566,2026-05-25 06:48:59,9.12,7.07,2.555,1974,Yes,Urea
M2_02567,2026-05-25 07:19:05,23.62,6.83,5.172,2658,No,None
M2_02568,2026-05-25 07:19:18,23.44,6.82,4.764,2483,Yes,Urea
M2_02569,2026-05-25 07:30:59,25.69,6.61,4.584,2298,No,None
M2_02570,2026-05-25 07:45:24,30.31,6.6,6.675,3299,Yes,Salt
M2_02571,2026-05-25 08:25:37,28.06,7.04,5.943,2967,Yes,Urea
M2_02572,2026-05-25 08:30:04,40.31,6.62,6.918,2642,Yes,Urea
M2_02573,2026-05-25 08:38:36,12.81,6.99,3.56,2332,Yes,Urea
M2_02574,2026-05-25 08:38:54,21.88,6.75,3.812,1984,No,None
M2_02575,2026-05-25 08:45:13,17.12,6.86,3.668,2348,No,None
M2_02576,2026-05-25 08:58:07,25.69,6.57,4.179,2136,Yes,Water
M2_02577,2026-05-25 09:10:25,33.88,6.93,5.914,2724,Yes,Urea
M2_02578,2026-05-25 09:15:30,25.12,6.76,4.963,2471,No,None
M2_02579,2026-05-25 09:21:53,25.0,6.76,4.821,2432,No,None
M2_02580,2026-05-25 17:13:05,29.94,6.41,5.565,2652,Yes,Sugar
M2_02581,2026-05-25 17:33:43,19.75,6.7,3.778,2180,No,None
M2_02582,2026-05-25 17:57:11,8.94,6.73,2.584,1960,Yes,Water
M2_02583,2026-05-25 18:09:59,31.94,6.57,5.868,2507,Yes,Urea
M2_02584,2026-05-25 18:28:15,14.88,6.75,3.264,2302,Yes,Urea
M2_02585,2026-05-25 18:46:50,30.38,6.79,7.219,3067,Yes,Salt
M2_02586,2026-05-26 05:36:01,38.38,6.9,5.665,2272,Yes,Urea
M2_02587,2026-05-26 05:51:07,3.5,7.13,1.807,1631,Yes,Water
M2_02588,2026-05-26 06:20:08,24.44,6.84,4.892,2274,Yes,Urea
M2_02589,2026-05-26 06:36:15,37.81,6.58,5.537,2083,No,None
M2_02590,2026-05-26 07:14:13,27.88,6.7,5.175,2690,Yes,Sugar
M2_02591,2026-05-26 07:16:30,33.25,6.57,5.11,2121,Yes,Water
M2_02592,2026-05-26 07:44:55,9.81,6.85,2.249,1597,Yes,Water
M2_02593,2026-05-26 08:40:15,27.69,6.73,5.845,2852,Yes,Salt
M2_02594,2026-05-26 08:56:05,33.5,6.61,5.933,2634,Yes,Urea
M2_02595,2026-05-26 16:08:53,3.31,7.05,1.813,1708,Yes,Urea
M2_02596,2026-05-26 16:16:00,26.56,6.63,4.514,2354,No,None
M2_02597,2026-05-26 16:48:50,29.19,6.58,6.401,3327,Yes,Salt
M2_02598,2026-05-26 17:01:50,33.62,6.63,5.527,2383,No,None
M2_02599,2026-05-26 17:08:55,25.94,6.54,4.995,2267,No,None
M2_02600,2026-05-26 17:35:25,14.94,6.86,3.454,2166,Yes,Water
M2_02601,2026-05-26 17:46:49,30.06,6.64,5.364,2467,No,None
M2_02602,2026-05-26 17:48:04,20.44,6.79,4.175,2210,No,None
M2_02603,2026-05-26 18:11:46,32.5,6.61,5.24,2231,Yes,Urea
M2_02604,2026-05-26 18:31:05,26.38,6.73,4.383,2392,Yes,Sugar
M2_02605,2026-05-26 19:02:15,22.94,6.88,4.906,2876,Yes,Urea
M2_02606,2026-05-26 19:02:40,21.31,6.6,4.184,2366,Yes,Sugar
M2_02607,2026-05-26 19:18:28,17.06,6.69,3.969,2645,No,None
M2_02608,2026-05-27 06:07:05,21.94,6.68,3.075,1519,Yes,Water
M2_02609,2026-05-27 06:37:16,16.56,6.66,3.781,2154,No,None
M2_02610,2026-05-27 06:42:11,16.75,6.59,4.134,2909,Yes,Sugar
M2_02611,2026-05-27 06:45:31,37.88,6.47,6.424,2602,No,None
M2_02612,2026-05-27 07:08:34,10.19,6.79,3.242,2326,No,None
M2_02613,2026-05-27 07:11:36,38.06,6.72,5.992,2517,No,None
M2_02614,2026-05-27 07:15:41,30.69,6.64,9.527,4447,Yes,Salt
M2_02615,2026-05-27 07:41:04,15.06,6.64,3.086,1888,Yes,Sugar
M2_02616,2026-05-27 07:42:58,29.19,6.61,4.821,2633,Yes,Sugar
M2_02617,2026-05-27 07:58:11,24.38,6.75,4.876,2649,No,None
M2_02618,2026-05-27 08:18:20,29.19,6.61,5.728,2735,No,None
M2_02619,2026-05-27 08:19:20,31.12,6.8,5.805,2550,No,None
M2_02620,2026-05-27 09:04:22,28.19,6.76,4.558,2213,Yes,Water
M2_02621,2026-05-27 09:08:42,36.25,6.52,5.668,2314,Yes,Water
M2_02622,2026-05-27 09:11:20,24.69,6.99,5.722,2757,Yes,Urea
M2_02623,2026-05-27 16:03:06,21.94,6.65,4.554,2563,No,None
M2_02624,2026-05-27 16:12:14,33.62,6.54,5.48,2259,Yes,Salt
M2_02625,2026-05-27 18:17:13,16.44,6.79,3.711,2342,Yes,Water
M2_02626,2026-05-27 18:54:06,16.12,6.77,5.056,3104,No,None
M2_02627,2026-05-28 06:02:05,29.75,6.4,5.666,2622,Yes,Sugar
M2_02628,2026-05-28 06:31:13,27.19,6.82,3.744,1860,Yes,Water
M2_02629,2026-05-28 06:43:26,22.5,6.74,3.611,1806,Yes,Water
M2_02630,2026-05-28 07:07:05,16.94,6.74,4.012,2305,No,None
M2_02631,2026-05-28 07:14:11,15.12,6.86,2.658,1681,Yes,Water
M2_02632,2026-05-28 07:27:02,20.38,6.66,3.937,2130,Yes,Water
M2_02633,2026-05-28 08:19:14,15.5,6.81,3.702,2294,No,None
M2_02634,2026-05-28 08:29:57,29.12,6.6,4.884,2325,No,None
M2_02635,2026-05-28 08:31:21,25.31,6.6,4.141,1973,Yes,Water
M2_02636,2026-05-28 08:48:44,16.94,6.67,4.013,2469,No,None
M2_02637,2026-05-28 09:11:11,19.81,6.8,4.025,2124,No,None
M2_02638,2026-05-28 09:50:14,23.94,6.92,4.712,2514,Yes,Urea
M2_02639,2026-05-28 12:03:52,18.44,6.65,3.882,2144,No,None
M2_02640,2026-05-28 16:00:50,29.69,6.68,4.786,2202,No,None
M2_02641,2026-05-28 16:21:14,19.12,6.66,4.356,2781,No,None
M2_02642,2026-05-28 16:29:52,31.19,6.53,6.25,2736,Yes,Salt
M2_02643,2026-05-28 17:04:02,22.38,6.83,4.703,2448,No,None
M2_02644,2026-05-28 17:32:22,5.06,6.87,2.984,2355,Yes,Salt
M2_02645,2026-05-28 17:54:11,34.31,6.55,5.613,2171,Yes,Urea
M2_02646,2026-05-28 17:58:17,20.12,6.61,5.141,2798,Yes,Salt
M2_02647,2026-05-28 18:11:49,40.06,6.4,7.274,2686,Yes,Salt
M2_02648,2026-05-28 18:31:31,18.75,6.69,4.742,2886,Yes,Salt
M2_02649,2026-05-28 18:58:41,21.5,6.6,4.673,2397,No,None
M2_02650,2026-05-28 18:59:08,30.5,6.62,4.807,1975,No,None
M2_02651,2026-05-28 22:33:01,21.0,6.63,2.223,1176,Yes,Water
M2_02652,2026-05-29 05:40:05,26.0,6.71,3.854,1699,Yes,Water
M2_02653,2026-05-29 05:47:25,16.5,6.97,3.568,2255,Yes,Water
M2_02654,2026-05-29 05:54:41,23.62,6.91,4.774,2512,Yes,Urea
M2_02655,2026-05-29 06:22:46,24.25,6.75,4.858,2402,Yes,Urea
M2_02656,2026-05-29 06:24:09,24.62,6.83,4.594,2272,No,None
M2_02657,2026-05-29 06:50:00,11.12,6.76,2.93,2074,No,None
M2_02658,2026-05-29 07:03:57,19.19,6.91,4.392,2568,Yes,Urea
M2_02659,2026-05-29 07:36:48,40.31,6.63,6.019,2469,Yes,Sugar
M2_02660,2026-05-29 07:58:09,19.69,6.84,4.842,2644,Yes,Sugar
M2_02661,2026-05-29 08:01:35,15.81,6.78,3.135,2121,Yes,Urea
M2_02662,2026-05-29 08:25:11,31.75,6.55,4.162,1997,Yes,Water
M2_02663,2026-05-29 08:25:16,30.0,6.66,4.989,2745,Yes,Sugar
M2_02664,2026-05-29 08:40:21,34.62,6.61,5.416,2244,No,None
M2_02665,2026-05-29 08:57:32,10.31,6.81,3.332,2576,No,None
M2_02666,2026-05-29 08:59:26,28.38,6.48,7.869,3425,Yes,Salt
M2_02667,2026-05-29 09:00:33,21.12,6.71,6.361,3139,Yes,Salt
M2_02668,2026-05-29 09:01:49,17.12,6.62,5.189,3143,Yes,Salt
M2_02669,2026-05-29 09:26:19,40.38,6.55,4.459,1750,Yes,Water
M2_02670,2026-05-29 16:18:07,32.12,6.52,6.082,2511,No,None
M2_02671,2026-05-29 16:38:01,31.12,6.79,5.683,2702,Yes,Urea
M2_02672,2026-05-29 17:01:03,23.44,6.84,5.031,2611,No,None
M2_02673,2026-05-29 17:34:32,29.06,6.68,5.911,2780,Yes,Salt
M2_02674,2026-05-29 17:56:17,15.44,6.56,3.474,2303,Yes,Water
M2_02675,2026-05-29 18:41:24,24.81,6.74,4.024,2188,Yes,Sugar
M2_02676,2026-05-29 19:28:44,21.06,6.74,4.464,2612,Yes,Sugar
M2_02677,2026-05-30 05:34:08,28.94,6.73,4.765,2224,No,None
M2_02678,2026-05-30 05:41:19,16.62,6.63,3.646,2198,Yes,Urea
M2_02679,2026-05-30 05:41:46,23.44,6.7,4.835,2250,No,None
M2_02680,2026-05-30 05:43:57,24.62,6.81,4.663,2336,Yes,Urea
M2_02681,2026-05-30 06:07:43,24.81,6.66,4.976,2687,No,None
M2_02682,2026-05-30 07:24:54,29.94,6.58,4.993,2382,Yes,Water
M2_02683,2026-05-30 07:41:38,23.62,6.5,4.828,2590,No,None
M2_02684,2026-05-30 07:54:04,26.44,6.66,4.046,2219,Yes,Urea
M2_02685,2026-05-30 08:03:26,17.0,6.91,3.762,2184,No,None
M2_02686,2026-05-30 08:08:55,24.62,6.69,3.868,2151,Yes,Urea
M2_02687,2026-05-30 08:08:55,9.44,6.76,2.737,1995,No,None
M2_02688,2026-05-30 08:15:26,3.19,6.83,1.998,1866,Yes,Sugar
M2_02689,2026-05-30 08:28:47,30.75,6.68,4.453,2125,Yes,Water
M2_02690,2026-05-30 08:43:23,36.31,6.6,5.31,2274,No,None
M2_02691,2026-05-30 08:56:26,25.5,6.68,4.154,2395,Yes,Sugar
M2_02692,2026-05-30 09:09:22,23.94,6.65,5.47,2811,Yes,Salt
M2_02693,2026-05-30 09:18:26,17.12,6.63,3.762,2224,Yes,Sugar
M2_02694,2026-05-30 09:22:31,16.69,6.61,5.279,3350,Yes,Salt
M2_02695,2026-05-30 09:25:18,31.88,6.59,6.605,2787,Yes,Salt
M2_02696,2026-05-30 17:03:06,21.94,6.87,5.286,2993,Yes,Urea
M2_02697,2026-05-30 17:14:00,15.12,6.82,3.434,2226,Yes,Water
M2_02698,2026-05-30 17:49:45,24.44,6.73,5.189,2755,Yes,Urea
M2_02699,2026-05-30 18:00:25,26.25,6.51,9.461,4945,Yes,Salt
M2_02700,2026-05-30 18:46:39,10.88,6.67,3.1,2277,No,None
M2_02701,2026-05-30 18:59:56,33.56,6.76,6.402,2673,No,None
M2_02702,2026-05-31 03:16:26,28.06,6.62,4.786,2419,Yes,Sugar
M2_02703,2026-05-31 05:31:45,31.62,6.61,5.433,2447,No,None
M2_02704,2026-05-31 06:04:16,21.0,6.57,3.999,2164,Yes,Water
M2_02705,2026-05-31 06:06:07,28.69,6.87,5.076,2270,Yes,Urea
M2_02706,2026-05-31 07:14:32,9.44,6.81,2.896,2290,Yes,Water
M2_02707,2026-05-31 07:37:11,11.88,6.74,2.409,1650,Yes,Water
M2_02708,2026-05-31 08:15:26,34.31,6.54,6.224,2499,No,None
M2_02709,2026-05-31 08:20:03,25.81,6.76,5.304,2633,No,None
M2_02710,2026-05-31 08:31:39,35.81,6.46,6.542,2491,Yes,Salt
M2_02711,2026-05-31 09:03:11,29.56,6.84,5.678,2902,Yes,Urea
M2_02712,2026-05-31 09:15:35,26.75,6.63,5.769,2762,Yes,Salt
M2_02713,2026-05-31 09:17:53,10.12,6.89,4.729,3548,Yes,Salt
M2_02714,2026-05-31 09:22:07,34.69,6.66,5.779,2550,No,None
M2_02715,2026-05-31 09:26:45,23.44,6.66,4.863,2361,Yes,Urea
M2_02716,2026-05-31 16:36:12,25.94,6.75,4.977,2370,Yes,Urea
M2_02717,2026-05-31 17:28:58,21.69,6.75,3.755,1929,No,None
M2_02718,2026-05-31 17:31:51,20.19,6.72,8.598,4686,Yes,Salt
M2_02719,2026-05-31 17:48:50,15.56,6.74,3.234,2157,No,None
M2_02720,2026-05-31 18:31:25,31.44,6.75,6.376,2872,Yes,Urea
M2_02721,2026-05-31 18:36:10,31.0,6.61,5.838,2538,No,None
M2_02722,2026-05-31 18:57:11,16.94,6.77,4.958,3129,Yes,Salt
M2_02723,2026-06-01 03:52:36,3.06,6.98,2.078,1868,Yes,Salt
M2_02724,2026-06-01 07:00:58,29.94,6.74,5.581,2694,Yes,Urea
M2_02725,2026-06-01 07:28:37,12.69,6.84,3.413,2297,No,None
M2_02726,2026-06-01 07:47:20,26.25,6.71,4.603,2256,Yes,Water
M2_02727,2026-06-01 08:00:33,29.19,6.82,5.373,2325,No,None
M2_02728,2026-06-01 08:06:28,10.25,6.96,2.778,1884,Yes,Sugar
M2_02729,2026-06-01 08:11:43,28.75,6.65,4.693,2033,Yes,Water
M2_02730,2026-06-01 08:31:54,3.88,7.1,1.0,853,Yes,Water
M2_02731,2026-06-01 09:01:32,22.88,6.72,5.048,2740,Yes,Salt
M2_02732,2026-06-01 09:21:01,15.56,6.64,3.831,2277,No,None
M2_02733,2026-06-01 16:35:00,21.56,6.64,4.282,2262,No,None
M2_02734,2026-06-01 16:36:36,16.94,6.82,3.304,2156,Yes,Sugar
M2_02735,2026-06-01 16:49:56,35.94,6.71,5.583,2257,No,None
M2_02736,2026-06-01 17:40:13,12.0,6.89,2.818,2184,Yes,Sugar
M2_02737,2026-06-01 18:18:19,6.69,6.83,2.498,2020,No,None
M2_02738,2026-06-01 19:05:56,24.38,6.68,4.194,1988,No,None
M2_02739,2026-06-01 19:16:27,25.88,6.61,6.763,3407,Yes,Salt
M2_02740,2026-06-01 19:18:51,31.88,6.49,10.108,4865,Yes,Salt
M2_02741,2026-06-02 05:30:33,12.25,6.79,3.386,2520,Yes,Salt
M2_02742,2026-06-02 05:59:37,8.5,6.91,2.51,1882,Yes,Water
M2_02743,2026-06-02 06:31:21,14.69,6.69,3.151,2121,Yes,Sugar
M2_02744,2026-06-02 06:45:01,29.12,6.71,4.772,2292,No,None
M2_02745,2026-06-02 06:45:43,12.81,6.81,4.396,3003,Yes,Salt
M2_02746,2026-06-02 07:02:46,23.5,6.74,4.38,2260,No,None
M2_02747,2026-06-02 07:05:22,38.44,6.47,5.961,2634,No,None
M2_02748,2026-06-02 07:42:48,34.31,6.49,5.13,2269,Yes,Sugar
M2_02749,2026-06-02 08:01:49,3.56,6.92,1.876,1635,Yes,Sugar
M2_02750,2026-06-02 08:15:38,21.75,6.72,4.02,2077,Yes,Sugar
M2_02751,2026-06-02 08:19:11,25.81,6.76,4.263,2270,Yes,Sugar
M2_02752,2026-06-02 08:42:03,20.25,6.78,3.973,2204,No,None
M2_02753,2026-06-02 08:48:23,22.25,6.76,4.216,2320,No,None
M2_02754,2026-06-02 09:02:27,25.31,6.75,4.016,2075,Yes,Water
M2_02755,2026-06-02 09:20:37,29.0,6.78,5.58,2488,Yes,Urea
M2_02756,2026-06-02 09:23:18,26.12,6.7,5.396,2480,No,None
M2_02757,2026-06-02 16:53:53,23.69,6.6,4.701,2463,Yes,Sugar
M2_02758,2026-06-02 17:01:23,25.62,6.52,5.211,2681,Yes,Salt
M2_02759,2026-06-02 17:42:54,31.75,6.6,4.461,1923,Yes,Water
M2_02760,2026-06-02 17:47:13,25.38,6.59,4.364,2418,Yes,Sugar
M2_02761,2026-06-02 17:57:52,27.81,6.65,4.076,1974,Yes,Water
M2_02762,2026-06-02 18:08:13,26.81,6.66,4.285,2040,No,None
M2_02763,2026-06-02 18:25:48,33.38,6.75,6.19,2873,No,None
M2_02764,2026-06-02 18:28:15,24.06,6.79,5.047,2444,Yes,Salt
M2_02765,2026-06-02 19:00:35,9.75,6.87,2.773,1929,No,None
M2_02766,2026-06-02 19:15:52,25.62,6.89,4.444,2162,No,None
M2_02767,2026-06-03 05:32:38,16.75,6.93,3.842,2480,Yes,Urea
M2_02768,2026-06-03 05:41:21,22.06,6.69,3.976,2181,No,None
M2_02769,2026-06-03 05:52:37,13.0,6.86,2.359,1656,Yes,Water
M2_02770,2026-06-03 05:56:05,28.62,6.76,5.763,2475,Yes,Salt
M2_02771,2026-06-03 06:08:29,22.81,6.65,5.678,2831,Yes,Salt
M2_02772,2026-06-03 06:10:19,19.69,6.68,4.894,2804,No,None
M2_02773,2026-06-03 06:31:23,27.06,6.87,4.904,2144,Yes,Urea
M2_02774,2026-06-03 06:43:56,16.0,6.82,3.544,2284,Yes,Salt
M2_02775,2026-06-03 07:11:37,12.5,6.75,3.349,2235,No,None
M2_02776,2026-06-03 07:26:51,35.19,6.62,5.355,2335,No,None
M2_02777,2026-06-03 07:42:43,19.75,6.97,4.252,2485,Yes,Urea
M2_02778,2026-06-03 08:07:31,26.25,6.76,5.798,3115,Yes,Sugar
M2_02779,2026-06-03 08:21:08,14.44,6.73,3.384,2088,Yes,Water
M2_02780,2026-06-03 08:28:23,27.88,6.68,4.735,2211,No,None
M2_02781,2026-06-03 08:34:20,34.75,6.63,6.223,2567,No,None
M2_02782,2026-06-03 08:37:14,39.5,6.45,5.84,2242,Yes,Urea
M2_02783,2026-06-03 08:49:50,25.56,6.8,4.585,2747,Yes,Sugar
M2_02784,2026-06-03 08:58:07,29.69,6.48,5.653,2525,No,None
M2_02785,2026-06-03 16:02:36,39.81,6.48,6.616,2482,No,None
M2_02786,2026-06-03 16:11:30,24.56,6.5,8.927,4644,Yes,Salt
M2_02787,2026-06-03 16:20:08,28.81,6.62,4.921,2404,Yes,Urea
M2_02788,2026-06-03 16:34:52,10.62,6.88,3.011,2106,No,None
M2_02789,2026-06-03 18:20:49,28.5,6.42,4.999,2796,Yes,Sugar
M2_02790,2026-06-03 20:33:09,32.38,6.61,5.379,2358,Yes,Salt
M2_02791,2026-06-04 05:32:00,29.75,6.66,5.354,2554,No,None
M2_02792,2026-06-04 05:33:24,9.06,6.89,3.009,2399,Yes,Sugar
M2_02793,2026-06-04 05:50:19,22.94,6.67,5.195,2850,No,None
M2_02794,2026-06-04 06:17:31,13.25,6.67,4.259,2703,Yes,Salt
M2_02795,2026-06-04 06:39:58,29.25,6.74,4.61,2023,Yes,Water
M2_02796,2026-06-04 07:38:58,33.19,6.62,5.739,2610,Yes,Urea
M2_02797,2026-06-04 08:18:28,32.81,6.96,6.436,2816,Yes,Urea
M2_02798,2026-06-04 08:49:21,29.75,6.58,7.263,3639,Yes,Salt
M2_02799,2026-06-04 09:14:11,20.81,6.68,4.403,2538,No,None
M2_02800,2026-06-04 16:16:54,33.19,6.62,5.394,2286,No,None
M2_02801,2026-06-04 16:46:41,12.06,6.74,2.877,1823,No,None
M2_02802,2026-06-04 17:43:40,23.69,6.66,4.599,2613,No,None
M2_02803,2026-06-04 18:48:53,34.88,6.69,6.023,2492,Yes,Urea
M2_02804,2026-06-05 05:36:08,23.0,6.7,5.181,2545,No,None
M2_02805,2026-06-05 05:36:56,24.88,6.56,4.118,2182,Yes,Sugar
M2_02806,2026-06-05 06:03:47,10.44,6.87,2.8,1863,No,None
M2_02807,2026-06-05 06:42:18,11.38,6.89,4.411,3168,Yes,Salt
M2_02808,2026-06-05 06:53:54,30.0,6.71,6.308,2601,No,None
M2_02809,2026-06-05 07:03:06,20.75,6.68,4.246,2238,No,None
M2_02810,2026-06-05 07:06:29,27.06,6.66,4.535,2353,Yes,Sugar
M2_02811,2026-06-05 07:10:54,7.88,6.92,1.851,1473,Yes,Water
M2_02812,2026-06-05 07:46:03,28.19,6.76,5.062,2284,Yes,Sugar
M2_02813,2026-06-05 07:50:09,36.06,6.65,5.461,2428,No,None
M2_02814,2026-06-05 07:57:40,26.19,6.58,5.061,2416,No,None
M2_02815,2026-06-05 08:11:37,18.88,6.72,7.08,4002,Yes,Salt
M2_02816,2026-06-05 08:12:24,17.31,6.79,3.867,2205,No,None
M2_02817,2026-06-05 08:24:24,21.88,6.77,4.514,2345,No,None
M2_02818,2026-06-05 08:29:10,30.56,6.65,4.19,1923,Yes,Water
M2_02819,2026-06-05 08:45:23,22.75,6.58,5.546,2741,Yes,Salt
M2_02820,2026-06-05 09:19:36,22.38,6.69,5.04,2671,No,None
M2_02821,2026-06-05 09:21:21,33.94,6.59,7.601,3466,Yes,Salt
M2_02822,2026-06-05 09:24:07,30.31,6.57,5.154,2509,Yes,Water
M2_02823,2026-06-05 16:27:49,26.94,6.67,4.602,2035,Yes,Water
M2_02824,2026-06-05 17:37:55,26.06,6.58,4.576,2168,Yes,Urea
M2_02825,2026-06-05 18:10:47,13.31,6.75,3.2,2222,Yes,Sugar
M2_02826,2026-06-05 18:30:30,24.56,6.7,4.479,2272,Yes,Sugar
M2_02827,2026-06-05 19:15:27,21.81,6.61,3.89,2334,Yes,Sugar
M2_02828,2026-06-05 19:19:24,20.44,6.69,3.992,2273,Yes,Sugar
M2_02829,2026-06-05 21:43:35,9.62,6.67,3.342,2382,Yes,Salt
M2_02830,2026-06-05 22:08:59,25.75,6.72,6.752,3442,Yes,Salt
M2_02831,2026-06-06 05:36:17,26.62,6.63,4.89,2396,No,None
M2_02832,2026-06-06 06:04:59,21.19,6.62,4.01,2216,No,None
M2_02833,2026-06-06 07:07:22,29.81,6.6,5.414,2427,No,None
M2_02834,2026-06-06 07:18:25,19.38,6.91,4.197,2514,No,None
M2_02835,2026-06-06 07:34:56,16.56,6.76,4.047,2402,No,None
M2_02836,2026-06-06 08:03:55,18.62,6.8,3.098,1892,Yes,Water
M2_02837,2026-06-06 08:04:25,31.38,6.68,5.03,2423,Yes,Sugar
M2_02838,2026-06-06 08:14:54,24.75,6.75,5.056,2702,Yes,Salt
M2_02839,2026-06-06 08:25:08,30.5,6.46,10.328,4831,Yes,Salt
M2_02840,2026-06-06 08:31:49,16.94,6.91,3.152,1832,Yes,Water
M2_02841,2026-06-06 08:35:13,27.38,6.72,5.258,2493,No,None
M2_02842,2026-06-06 09:16:33,33.56,6.43,4.833,2435,Yes,Sugar
M2_02843,2026-06-06 09:20:53,10.75,6.71,3.458,2555,Yes,Salt
M2_02844,2026-06-06 09:22:36,35.81,6.44,6.174,2632,No,None
M2_02845,2026-06-06 17:07:54,17.94,6.88,3.928,2325,No,None
M2_02846,2026-06-06 17:28:45,25.81,6.75,4.847,2559,Yes,Sugar
M2_02847,2026-06-06 17:36:06,28.62,6.78,5.738,2469,Yes,Water
M2_02848,2026-06-06 19:18:28,32.06,6.83,5.473,2513,Yes,Urea
M2_02849,2026-06-07 03:50:34,23.88,6.7,4.893,2507,Yes,Urea
M2_02850,2026-06-07 05:43:52,4.94,6.84,2.273,2042,Yes,Urea
M2_02851,2026-06-07 05:55:59,19.06,6.74,4.322,2578,Yes,Sugar
M2_02852,2026-06-07 06:19:38,10.12,6.82,2.679,2152,No,None
M2_02853,2026-06-07 06:29:35,9.5,6.76,2.904,2027,No,None
M2_02854,2026-06-07 06:31:34,22.0,6.88,4.721,2483,Yes,Urea
M2_02855,2026-06-07 06:46:10,32.12,6.58,5.383,2428,Yes,Sugar
M2_02856,2026-06-07 06:55:17,3.94,6.77,1.98,1864,No,None
M2_02857,2026-06-07 06:57:47,33.0,6.5,5.557,2210,No,None
M2_02858,2026-06-07 07:14:42,7.0,6.72,2.616,2069,No,None
M2_02859,2026-06-07 08:05:37,30.44,6.47,5.634,2427,No,None
M2_02860,2026-06-07 08:08:10,9.62,6.93,3.139,2428,No,None
M2_02861,2026-06-07 08:08:31,26.25,6.67,10.813,4658,Yes,Salt
M2_02862,2026-06-07 09:26:56,24.62,6.71,4.72,2486,No,None
M2_02863,2026-06-07 09:29:48,27.69,6.71,5.059,2672,Yes,Sugar
M2_02864,2026-06-07 14:21:17,13.31,6.91,3.125,2074,No,None
M2_02865,2026-06-07 16:00:28,39.12,6.61,8.906,3219,Yes,Salt
M2_02866,2026-06-07 18:34:36,19.12,6.84,4.087,2230,No,None
M2_02867,2026-06-07 19:05:47,29.31,6.9,5.636,2575,Yes,Water
M2_02868,2026-06-08 05:32:25,26.44,6.71,4.519,2131,Yes,Urea
M2_02869,2026-06-08 05:39:02,19.81,7.0,4.598,2620,Yes,Urea
M2_02870,2026-06-08 05:44:16,25.25,6.59,4.784,2439,No,None
M2_02871,2026-06-08 05:55:29,19.44,6.68,5.358,2830,Yes,Salt
M2_02872,2026-06-08 06:04:03,8.88,6.78,2.332,1680,No,None
M2_02873,2026-06-08 06:11:05,22.81,6.66,4.251,2270,No,None
M2_02874,2026-06-08 06:31:00,38.0,6.85,6.065,2765,Yes,Urea
M2_02875,2026-06-08 06:31:15,31.44,6.44,4.61,2469,No,None
M2_02876,2026-06-08 06:50:29,21.69,6.89,3.989,2217,No,None
M2_02877,2026-06-08 06:52:35,13.62,6.91,2.787,1916,Yes,Water
M2_02878,2026-06-08 06:55:12,27.56,6.61,4.686,2155,No,None
M2_02879,2026-06-08 07:07:18,36.06,6.57,6.36,2691,No,None
M2_02880,2026-06-08 07:08:33,14.31,6.69,3.673,2399,Yes,Urea
M2_02881,2026-06-08 07:50:09,38.25,6.46,5.495,2111,No,None
M2_02882,2026-06-08 08:19:00,28.94,6.67,5.762,3120,Yes,Sugar
M2_02883,2026-06-08 08:34:01,13.94,6.78,2.931,2123,Yes,Sugar
M2_02884,2026-06-08 09:06:49,24.88,6.67,4.176,2211,Yes,Water
M2_02885,2026-06-08 09:12:30,26.31,6.73,5.117,2615,No,None
M2_02886,2026-06-08 09:25:55,11.62,6.77,3.077,2070,No,None
M2_02887,2026-06-08 16:50:50,34.88,6.59,5.537,2382,Yes,Sugar
M2_02888,2026-06-08 16:52:25,31.44,6.54,5.781,2591,No,None
M2_02889,2026-06-08 17:04:23,25.5,6.65,5.251,2346,Yes,Urea
M2_02890,2026-06-08 17:09:46,30.5,6.53,3.81,1774,Yes,Water
M2_02891,2026-06-08 17:50:33,39.81,6.52,6.618,2547,Yes,Salt
M2_02892,2026-06-08 19:26:38,24.0,6.68,7.609,3738,Yes,Salt
M2_02893,2026-06-08 23:54:30,28.5,6.78,5.159,2398,Yes,Urea
M2_02894,2026-06-09 05:33:51,18.38,6.76,2.985,1707,Yes,Water
M2_02895,2026-06-09 06:01:01,17.62,6.61,4.321,2617,No,None
M2_02896,2026-06-09 06:41:06,28.12,6.56,4.667,2248,No,None
M2_02897,2026-06-09 07:02:12,34.81,6.89,4.198,1799,Yes,Water
M2_02898,2026-06-09 07:11:37,23.94,6.68,4.722,2449,No,None
M2_02899,2026-06-09 07:11:49,11.38,6.78,2.849,1871,Yes,Sugar
M2_02900,2026-06-09 07:31:24,22.44,6.61,3.932,2150,No,None
M2_02901,2026-06-09 07:55:25,19.94,6.69,4.586,2403,No,None
M2_02902,2026-06-09 08:39:19,16.12,6.79,4.143,2355,Yes,Salt
M2_02903,2026-06-09 08:41:41,6.25,6.99,1.604,1334,Yes,Water
M2_02904,2026-06-09 09:16:27,14.38,7.06,3.571,2350,Yes,Urea
M2_02905,2026-06-09 17:27:54,32.69,6.59,4.71,2041,No,None
M2_02906,2026-06-09 17:33:34,19.19,6.64,4.22,2344,No,None
M2_02907,2026-06-09 18:02:22,26.0,6.9,5.348,2736,Yes,Salt
M2_02908,2026-06-09 18:02:33,20.5,6.6,4.249,2354,No,None
M2_02909,2026-06-09 19:18:15,26.06,6.67,5.667,2786,Yes,Salt
M2_02910,2026-06-10 05:30:37,16.06,6.74,3.744,2343,No,None
M2_02911,2026-06-10 05:56:03,13.31,6.84,2.347,1646,Yes,Water
M2_02912,2026-06-10 05:57:07,20.5,6.72,3.287,1769,Yes,Water
M2_02913,2026-06-10 06:17:25,20.38,6.69,5.372,2935,No,None
M2_02914,2026-06-10 06:21:30,30.69,6.57,6.311,3130,No,None
M2_02915,2026-06-10 06:36:20,12.56,6.74,3.214,2037,Yes,Sugar
M2_02916,2026-06-10 06:42:28,14.75,6.44,3.102,1831,Yes,Water
M2_02917,2026-06-10 07:00:06,17.06,6.73,4.986,3260,Yes,Salt
M2_02918,2026-06-10 07:11:15,26.5,6.73,5.038,2410,No,None
M2_02919,2026-06-10 07:48:11,29.31,6.67,4.823,2185,No,None
M2_02920,2026-06-10 08:18:34,26.12,6.6,4.357,2168,Yes,Sugar
M2_02921,2026-06-10 09:01:09,3.69,6.93,2.067,1793,Yes,Urea
M2_02922,2026-06-10 10:51:52,26.25,6.63,4.833,2361,Yes,Sugar
M2_02923,2026-06-10 16:36:18,23.56,6.84,4.193,2345,No,None
M2_02924,2026-06-10 17:57:36,16.81,6.8,4.135,2481,Yes,Salt
M2_02925,2026-06-10 17:59:50,25.81,6.66,4.143,1934,Yes,Water
M2_02926,2026-06-10 18:08:58,23.0,6.74,4.379,2345,No,None
M2_02927,2026-06-10 18:20:25,25.44,6.66,5.242,2406,No,None
M2_02928,2026-06-10 18:32:27,24.38,6.76,5.272,2653,No,None
M2_02929,2026-06-10 19:13:07,27.81,6.5,4.22,2178,Yes,Sugar
M2_02930,2026-06-11 05:42:16,17.62,6.66,3.153,2067,Yes,Sugar
M2_02931,2026-06-11 05:46:01,25.69,6.73,4.371,2392,No,None
M2_02932,2026-06-11 05:55:40,21.44,6.59,4.519,2139,Yes,Urea
M2_02933,2026-06-11 06:21:02,31.75,6.53,5.612,2428,Yes,Water
M2_02934,2026-06-11 06:52:36,28.31,6.6,4.45,2154,Yes,Sugar
M2_02935,2026-06-11 07:22:38,11.81,6.71,4.081,2713,Yes,Salt
M2_02936,2026-06-11 08:17:38,24.94,6.59,4.291,2417,No,None
M2_02937,2026-06-11 08:25:09,20.88,6.63,3.605,2135,Yes,Sugar
M2_02938,2026-06-11 08:34:00,16.81,6.64,3.604,2113,Yes,Water
M2_02939,2026-06-11 08:48:41,17.94,6.95,2.608,1620,Yes,Water
M2_02940,2026-06-11 09:21:31,38.81,6.42,5.587,2314,Yes,Sugar
M2_02941,2026-06-11 16:29:29,15.88,6.81,3.857,2373,No,None
M2_02942,2026-06-11 16:50:38,14.56,6.75,3.283,2044,No,None
M2_02943,2026-06-11 17:21:26,31.31,6.61,4.248,1889,Yes,Water
M2_02944,2026-06-11 17:33:59,18.5,6.67,4.534,2616,Yes,Salt
M2_02945,2026-06-11 19:04:52,29.56,6.54,7.3,3579,Yes,Salt
M2_02946,2026-06-12 05:30:12,11.31,6.79,3.165,2070,Yes,Water
M2_02947,2026-06-12 05:42:49,5.81,6.95,2.429,1973,No,None
M2_02948,2026-06-12 05:42:57,18.88,6.72,4.672,2804,Yes,Sugar
M2_02949,2026-06-12 05:49:22,21.5,6.53,4.329,2078,No,None
M2_02950,2026-06-12 06:12:51,9.06,6.74,2.402,1836,Yes,Sugar
M2_02951,2026-06-12 06:13:29,12.31,6.85,2.82,1892,Yes,Sugar
M2_02952,2026-06-12 06:49:43,27.12,6.55,5.076,2600,Yes,Sugar
M2_02953,2026-06-12 06:49:54,21.75,6.58,3.872,2089,Yes,Urea
M2_02954,2026-06-12 07:12:23,22.38,6.7,4.3,2284,Yes,Sugar
M2_02955,2026-06-12 07:16:11,27.06,6.57,4.74,2403,No,None
M2_02956,2026-06-12 07:50:45,8.62,6.94,2.322,1779,Yes,Water
M2_02957,2026-06-12 08:20:28,23.62,6.73,4.849,2600,No,None
M2_02958,2026-06-12 08:48:29,31.81,6.65,6.559,3059,Yes,Sugar
M2_02959,2026-06-12 09:14:04,14.44,6.76,3.298,2088,No,None
M2_02960,2026-06-12 16:00:09,17.31,6.84,4.284,2552,No,None
M2_02961,2026-06-12 16:01:40,14.06,6.89,2.813,1843,Yes,Water
M2_02962,2026-06-12 16:10:30,33.0,6.63,4.447,2103,Yes,Water
M2_02963,2026-06-12 16:48:48,31.94,6.61,8.513,3724,Yes,Salt
M2_02964,2026-06-12 17:19:24,31.44,6.62,7.867,3450,Yes,Salt
M2_02965,2026-06-12 17:24:18,34.19,6.41,5.579,2419,No,None
M2_02966,2026-06-12 17:27:57,30.0,6.57,5.409,2388,Yes,Salt
M2_02967,2026-06-12 17:39:31,25.94,6.77,4.686,2414,No,None
M2_02968,2026-06-12 18:05:20,11.06,6.89,3.014,2103,No,None
M2_02969,2026-06-12 18:10:24,25.38,6.75,5.661,2842,Yes,Salt
M2_02970,2026-06-12 18:35:43,34.31,6.54,5.502,2234,No,None
M2_02971,2026-06-13 05:54:11,29.31,6.74,5.998,3060,No,None
M2_02972,2026-06-13 05:56:39,26.94,6.49,5.178,2750,No,None
M2_02973,2026-06-13 06:22:31,28.06,6.62,5.144,2438,Yes,Sugar
M2_02974,2026-06-13 06:31:15,25.19,6.59,4.402,2316,Yes,Sugar
M2_02975,2026-06-13 06:36:36,33.94,6.54,5.168,2398,No,None
M2_02976,2026-06-13 06:41:33,25.12,6.57,4.357,2067,Yes,Water
M2_02977,2026-06-13 06:53:49,24.69,6.6,5.159,2762,No,None
M2_02978,2026-06-13 07:21:04,19.81,6.54,3.811,1950,No,None
M2_02979,2026-06-13 07:24:24,18.44,6.8,4.039,2447,Yes,Urea
M2_02980,2026-06-13 07:46:02,26.75,6.48,4.555,2569,No,None
M2_02981,2026-06-13 07:47:34,31.94,6.76,6.198,2709,Yes,Urea
M2_02982,2026-06-13 07:49:53,19.19,6.64,3.859,2134,No,None
M2_02983,2026-06-13 08:13:50,21.62,6.74,5.313,3077,Yes,Salt
M2_02984,2026-06-13 09:14:56,15.44,6.91,3.517,2135,No,None
M2_02985,2026-06-13 12:29:36,17.38,6.69,3.024,1677,Yes,Water
M2_02986,2026-06-13 17:12:06,12.31,6.84,3.253,2321,Yes,Water
M2_02987,2026-06-13 17:29:26,27.38,6.59,4.78,2351,No,None
M2_02988,2026-06-13 18:00:43,8.88,6.83,3.04,2167,Yes,Salt
M2_02989,2026-06-13 18:08:30,12.19,6.96,4.177,2745,Yes,Salt
M2_02990,2026-06-13 18:23:08,20.88,7.01,4.017,2226,Yes,Urea
M2_02991,2026-06-13 18:25:05,13.56,6.91,3.578,2289,No,None
M2_02992,2026-06-13 18:26:59,4.25,6.88,2.119,1736,No,None
M2_02993,2026-06-13 18:46:32,10.38,6.73,2.916,2017,No,None
M2_02994,2026-06-13 19:09:34,9.38,6.86,3.102,2342,No,None
M2_02995,2026-06-13 19:16:32,32.44,6.63,5.079,2220,Yes,Sugar
M2_02996,2026-06-13 20:08:20,33.75,6.68,6.13,2736,Yes,Water
M2_02997,2026-06-14 03:55:35,26.38,6.54,4.341,2178,Yes,Sugar
M2_02998,2026-06-14 05:42:18,14.75,6.86,3.11,1960,Yes,Water
M2_02999,2026-06-14 05:48:23,29.0,6.52,4.993,2464,No,None
M2_03000,2026-06-14 06:01:38,17.38,6.64,4.443,2548,Yes,Salt
M2_03001,2026-06-14 06:14:00,3.19,7.05,1.343,1238,Yes,Water
M2_03002,2026-06-14 06:43:53,29.62,6.68,4.796,2078,Yes,Water
M2_03003,2026-06-14 07:16:24,9.62,6.81,2.861,2068,No,None
M2_03004,2026-06-14 08:00:17,28.56,7.05,5.288,2731,Yes,Urea
M2_03005,2026-06-14 08:33:19,18.19,6.69,4.301,2649,No,None
M2_03006,2026-06-14 09:01:08,11.12,6.65,2.965,1940,No,None
M2_03007,2026-06-14 16:00:11,15.62,6.81,3.156,1970,Yes,Water
M2_03008,2026-06-14 16:20:58,26.12,6.65,4.442,2339,No,None
M2_03009,2026-06-14 17:00:56,29.75,6.63,8.094,3663,Yes,Salt
M2_03010,2026-06-14 17:19:42,25.62,6.74,4.88,2507,Yes,Salt
M2_03011,2026-06-14 17:21:36,28.44,6.72,5.562,2492,No,None
M2_03012,2026-06-14 17:44:58,17.5,6.81,4.4,2574,No,None
M2_03013,2026-06-14 17:54:30,25.5,6.81,5.518,2845,No,None
M2_03014,2026-06-14 18:23:36,38.38,6.52,5.65,2209,No,None
M2_03015,2026-06-14 18:30:29,33.88,6.82,5.604,2550,Yes,Urea
M2_03016,2026-06-14 18:33:02,23.88,6.79,3.739,1987,Yes,Sugar
M2_03017,2026-06-14 19:26:04,24.19,6.68,4.108,2394,No,None
M2_03018,2026-06-15 05:37:16,24.44,6.6,4.642,2471,No,None
M2_03019,2026-06-15 05:52:58,29.94,6.56,6.483,2996,Yes,Salt
M2_03020,2026-06-15 06:22:20,29.5,6.7,5.348,2579,Yes,Sugar
M2_03021,2026-06-15 06:43:16,12.94,6.98,3.862,2337,No,None
M2_03022,2026-06-15 07:04:23,31.56,6.31,5.257,2346,No,None
M2_03023,2026-06-15 07:05:35,12.62,6.83,5.461,3826,Yes,Salt
M2_03024,2026-06-15 07:29:36,26.75,6.79,4.784,2155,Yes,Sugar
M2_03025,2026-06-15 07:36:19,26.94,6.72,5.329,2471,No,None
M2_03026,2026-06-15 07:38:08,28.88,6.69,5.644,2722,Yes,Urea
M2_03027,2026-06-15 07:41:09,25.25,6.71,5.782,2651,No,None
M2_03028,2026-06-15 07:52:39,27.31,6.79,3.664,1856,Yes,Water
M2_03029,2026-06-15 08:07:41,22.19,6.57,4.245,2450,Yes,Urea
M2_03030,2026-06-15 08:10:37,18.75,6.82,5.466,3280,Yes,Salt
M2_03031,2026-06-15 08:12:57,20.88,6.62,4.349,2340,Yes,Urea
M2_03032,2026-06-15 08:33:48,18.62,6.8,4.141,2333,No,None
M2_03033,2026-06-15 08:53:09,33.62,6.65,5.503,2564,Yes,Water
M2_03034,2026-06-15 16:24:07,25.19,6.7,5.363,2611,No,None
M2_03035,2026-06-15 16:26:19,29.75,6.74,5.63,2430,Yes,Water
M2_03036,2026-06-15 16:42:19,28.56,6.64,4.686,2126,Yes,Water
M2_03037,2026-06-15 17:46:34,13.94,6.87,3.092,1927,No,None
M2_03038,2026-06-15 17:55:11,17.25,6.77,6.034,3717,Yes,Salt
M2_03039,2026-06-15 17:59:47,13.5,6.77,2.753,1981,Yes,Sugar
M2_03040,2026-06-15 18:35:11,6.31,6.98,2.375,2049,Yes,Sugar
M2_03041,2026-06-15 18:39:44,15.0,6.78,3.308,2541,Yes,Sugar
M2_03042,2026-06-15 19:12:24,33.75,6.43,5.665,2626,No,None
M2_03043,2026-06-15 19:17:41,9.69,6.97,3.022,2172,No,None
M2_03044,2026-06-15 21:18:18,24.94,6.62,4.504,2365,Yes,Water
M2_03045,2026-06-16 05:39:01,24.62,6.62,5.063,2711,Yes,Sugar
M2_03046,2026-06-16 06:18:04,18.94,6.71,3.912,2126,No,None
M2_03047,2026-06-16 06:20:45,33.44,6.45,5.418,2412,Yes,Urea
M2_03048,2026-06-16 06:32:27,31.0,6.58,7.685,3390,Yes,Salt
M2_03049,2026-06-16 07:08:24,22.88,6.62,5.004,2759,Yes,Sugar
M2_03050,2026-06-16 08:01:53,31.56,6.66,5.407,2443,Yes,Sugar
M2_03051,2026-06-16 08:44:40,28.06,6.66,4.661,2100,No,None
M2_03052,2026-06-16 08:54:27,19.88,6.76,3.902,2179,No,None
M2_03053,2026-06-16 09:04:40,28.0,6.53,4.582,2093,Yes,Water
M2_03054,2026-06-16 16:58:31,20.31,6.9,4.14,2375,Yes,Urea
M2_03055,2026-06-16 17:23:28,11.75,6.97,3.646,2418,No,None
M2_03056,2026-06-16 17:36:58,30.81,6.65,3.515,1791,Yes,Water
M2_03057,2026-06-16 18:04:06,33.38,6.76,7.947,3583,Yes,Salt
M2_03058,2026-06-16 18:09:03,26.19,6.81,4.763,2462,No,None
M2_03059,2026-06-16 18:33:56,29.12,6.78,4.654,2181,No,None
M2_03060,2026-06-16 18:37:56,24.12,6.74,4.761,2572,No,None
M2_03061,2026-06-16 19:18:32,12.25,6.86,3.514,2290,No,None
M2_03062,2026-06-17 06:08:30,26.69,6.64,6.244,2931,Yes,Salt
M2_03063,2026-06-17 06:33:33,32.44,6.55,10.341,4932,Yes,Salt
M2_03064,2026-06-17 06:40:03,23.12,6.64,5.269,2800,No,None
M2_03065,2026-06-17 06:55:29,23.69,6.77,4.074,2130,No,None
M2_03066,2026-06-17 07:25:09,17.31,6.53,4.261,2742,Yes,Salt
M2_03067,2026-06-17 08:07:31,14.62,6.82,3.172,1947,No,None
M2_03068,2026-06-17 08:18:10,9.69,6.8,2.738,2119,Yes,Water
M2_03069,2026-06-17 08:56:11,22.31,6.82,5.791,2977,Yes,Salt
M2_03070,2026-06-17 09:24:15,21.25,6.8,4.367,2370,Yes,Urea
M2_03071,2026-06-17 16:15:46,25.5,6.67,4.487,2260,Yes,Urea
M2_03072,2026-06-17 16:34:05,23.44,7.11,4.465,2477,Yes,Urea
M2_03073,2026-06-17 16:46:03,11.12,6.87,3.127,2268,No,None
M2_03074,2026-06-17 17:04:09,34.69,6.7,4.573,1892,Yes,Water
M2_03075,2026-06-17 17:05:06,12.12,6.8,3.716,2620,Yes,Sugar
M2_03076,2026-06-17 19:16:18,3.25,6.97,1.475,1397,Yes,Water
M2_03077,2026-06-18 03:28:18,11.0,7.01,3.092,2052,Yes,Urea
M2_03078,2026-06-18 05:42:27,21.31,6.63,6.862,3749,Yes,Salt
M2_03079,2026-06-18 05:53:06,30.94,6.53,7.377,3304,No,None
M2_03080,2026-06-18 06:15:44,6.88,6.92,1.437,1154,Yes,Water
M2_03081,2026-06-18 06:16:42,25.94,6.66,4.8,2455,No,None
M2_03082,2026-06-18 06:22:50,31.5,6.6,5.785,2800,Yes,Salt
M2_03083,2026-06-18 06:30:51,15.94,6.65,4.272,2575,Yes,Salt
M2_03084,2026-06-18 06:59:19,16.81,6.76,4.275,2427,Yes,Salt
M2_03085,2026-06-18 07:16:13,20.0,6.72,4.466,2565,Yes,Sugar
M2_03086,2026-06-18 07:17:39,30.88,6.77,5.785,2634,No,None
M2_03087,2026-06-18 07:49:23,15.06,6.69,5.068,3090,Yes,Salt
M2_03088,2026-06-18 07:51:48,26.81,6.71,3.811,1874,Yes,Water
M2_03089,2026-06-18 07:58:02,9.12,6.9,2.842,2149,No,None
M2_03090,2026-06-18 11:25:19,17.38,6.79,3.591,2224,No,None
M2_03091,2026-06-18 16:05:40,31.38,6.53,5.466,2265,No,None
M2_03092,2026-06-18 16:16:04,29.75,6.61,4.941,2234,Yes,Urea
M2_03093,2026-06-18 16:29:04,17.62,6.84,4.268,2611,Yes,Sugar
M2_03094,2026-06-18 17:27:08,29.44,6.58,7.565,3592,Yes,Salt
M2_03095,2026-06-18 17:41:05,37.81,6.62,5.876,2338,No,None
M2_03096,2026-06-18 18:22:14,21.88,6.71,4.918,2634,Yes,Water
M2_03097,2026-06-18 19:17:48,33.44,6.57,5.634,2479,Yes,Water
M2_03098,2026-06-18 19:28:46,28.31,6.73,4.009,1952,Yes,Water
M2_03099,2026-06-19 05:33:35,23.94,6.77,4.769,2451,No,None
M2_03100,2026-06-19 05:46:31,26.0,6.61,5.268,2653,Yes,Urea
M2_03101,2026-06-19 06:42:40,31.81,6.74,6.255,2591,No,None
M2_03102,2026-06-19 07:20:07,30.56,6.83,4.289,1891,Yes,Water
M2_03103,2026-06-19 07:47:23,31.44,6.76,5.265,2229,Yes,Water
M2_03104,2026-06-19 08:48:10,13.94,6.62,3.359,1988,No,None
M2_03105,2026-06-19 09:13:31,14.88,6.88,3.552,2294,Yes,Urea
M2_03106,2026-06-19 09:16:52,22.19,6.61,4.152,2192,No,None
M2_03107,2026-06-19 14:02:31,33.31,6.67,5.831,2617,Yes,Salt
M2_03108,2026-06-19 14:53:25,31.62,6.63,4.582,2124,Yes,Water
M2_03109,2026-06-19 16:53:51,29.0,6.68,5.163,2374,Yes,Water
M2_03110,2026-06-19 17:04:49,27.75,6.65,5.022,2402,No,None
M2_03111,2026-06-19 17:32:33,28.56,6.78,4.573,2132,Yes,Water
M2_03112,2026-06-19 17:34:02,25.62,6.83,4.559,2136,Yes,Urea
M2_03113,2026-06-19 17:45:03,19.12,7.13,2.38,1210,Yes,Water
M2_03114,2026-06-19 18:31:57,33.81,6.81,6.183,2430,Yes,Urea
M2_03115,2026-06-19 21:00:50,17.69,6.92,4.387,2496,Yes,Urea
M2_03116,2026-06-20 04:05:55,29.81,6.52,7.141,3051,Yes,Salt
M2_03117,2026-06-20 05:39:56,13.0,6.65,3.089,1903,No,None
M2_03118,2026-06-20 06:01:53,18.88,6.89,4.161,2313,Yes,Urea
M2_03119,2026-06-20 06:02:26,17.88,6.66,3.545,2042,No,None
M2_03120,2026-06-20 07:39:11,22.12,6.68,6.0,3513,Yes,Salt
M2_03121,2026-06-20 07:39:45,17.38,6.83,3.771,2240,No,None
M2_03122,2026-06-20 08:09:08,14.62,6.79,3.55,2351,No,None
M2_03123,2026-06-20 08:37:22,7.75,6.76,2.934,2187,No,None
M2_03124,2026-06-20 08:48:38,19.5,6.6,3.83,2279,Yes,Urea
M2_03125,2026-06-20 09:15:33,15.75,6.8,3.643,2164,No,None
M2_03126,2026-06-20 09:19:51,22.88,6.73,4.478,2293,No,None
M2_03127,2026-06-20 14:14:19,33.19,6.59,5.657,2221,No,None
M2_03128,2026-06-20 16:27:02,28.38,6.68,5.112,2392,No,None
M2_03129,2026-06-20 17:37:22,25.81,6.83,6.059,2803,Yes,Salt
M2_03130,2026-06-20 17:44:52,37.12,6.79,6.715,2832,Yes,Sugar
M2_03131,2026-06-20 17:49:05,23.19,6.61,4.441,2373,Yes,Sugar
M2_03132,2026-06-20 17:57:46,6.5,6.89,2.623,2219,Yes,Urea
M2_03133,2026-06-21 05:35:08,27.0,6.75,4.858,2462,Yes,Water
M2_03134,2026-06-21 05:58:35,26.0,6.69,4.033,1930,Yes,Sugar
M2_03135,2026-06-21 06:14:32,24.69,6.7,3.966,1966,Yes,Sugar
M2_03136,2026-06-21 07:00:59,20.06,6.65,3.601,2138,No,None
M2_03137,2026-06-21 07:09:25,24.44,6.54,4.877,2363,Yes,Sugar
M2_03138,2026-06-21 07:16:45,10.44,6.87,3.189,2429,No,None
M2_03139,2026-06-21 07:25:53,39.25,6.59,5.939,2306,Yes,Water
M2_03140,2026-06-21 08:02:09,18.56,6.9,7.001,4134,Yes,Salt
M2_03141,2026-06-21 09:04:11,15.31,6.75,2.735,1695,Yes,Water
M2_03142,2026-06-21 17:16:58,5.56,6.8,3.318,2436,Yes,Salt
M2_03143,2026-06-21 18:24:31,7.69,6.75,3.357,2746,Yes,Sugar
M2_03144,2026-06-21 18:42:00,23.19,6.72,5.075,2550,Yes,Salt
M2_03145,2026-06-21 19:05:17,31.88,6.63,6.016,2600,No,None
M2_03146,2026-06-22 05:47:00,7.44,6.97,3.178,2535,Yes,Salt
M2_03147,2026-06-22 05:47:57,31.69,6.6,5.306,2398,Yes,Sugar
M2_03148,2026-06-22 06:09:44,25.06,6.62,5.027,2765,No,None
M2_03149,2026-06-22 06:44:44,32.12,6.61,5.097,2200,Yes,Urea
M2_03150,2026-06-22 06:47:31,24.88,6.62,4.27,2217,Yes,Sugar
M2_03151,2026-06-22 07:12:44,22.25,6.83,6.149,3175,No,None
M2_03152,2026-06-22 07:40:06,17.44,6.66,3.798,2385,No,None
M2_03153,2026-06-22 08:18:33,3.44,6.85,1.543,1396,Yes,Water
M2_03154,2026-06-22 08:52:34,30.5,6.51,5.444,2546,No,None
M2_03155,2026-06-22 10:21:45,21.06,6.81,5.03,2764,No,None
M2_03156,2026-06-22 16:08:47,21.19,7.05,4.428,2464,Yes,Urea
M2_03157,2026-06-22 16:14:49,19.69,6.85,4.52,2400,Yes,Urea
M2_03158,2026-06-22 16:59:43,36.06,6.68,5.407,2271,Yes,Water
M2_03159,2026-06-22 17:23:21,37.56,6.62,6.244,2693,No,None
M2_03160,2026-06-22 17:51:56,29.38,6.7,5.893,2615,No,None
M2_03161,2026-06-22 18:15:15,32.69,6.46,5.312,2292,Yes,Salt
M2_03162,2026-06-22 18:31:27,36.56,6.54,6.452,2925,No,None
M2_03163,2026-06-22 18:45:08,13.31,6.69,4.759,3103,Yes,Salt
M2_03164,2026-06-22 18:48:27,27.69,6.61,5.411,2707,Yes,Water
M2_03165,2026-06-22 19:28:53,21.31,6.77,9.105,4855,Yes,Salt
M2_03166,2026-06-23 05:47:11,13.81,6.9,3.143,2229,No,None
M2_03167,2026-06-23 06:30:29,27.56,6.69,4.482,2127,Yes,Water
M2_03168,2026-06-23 06:32:29,23.19,6.72,4.046,2034,Yes,Urea
M2_03169,2026-06-23 07:03:48,8.94,6.79,2.569,1944,Yes,Water
M2_03170,2026-06-23 07:05:42,28.69,6.7,5.54,2621,No,None
M2_03171,2026-06-23 07:41:29,31.12,6.55,5.744,2620,No,None
M2_03172,2026-06-23 07:41:44,26.94,6.78,5.2,2565,No,None
M2_03173,2026-06-23 08:04:17,35.56,6.7,6.194,2553,Yes,Salt
M2_03174,2026-06-23 08:07:10,31.69,6.61,5.83,2656,Yes,Salt
M2_03175,2026-06-23 08:21:03,24.12,6.65,5.139,2554,No,None
M2_03176,2026-06-23 15:12:08,28.81,6.69,4.959,2439,Yes,Sugar
M2_03177,2026-06-23 16:22:13,28.75,6.53,8.178,4119,Yes,Salt
M2_03178,2026-06-23 16:26:27,22.69,6.72,4.504,2584,No,None
M2_03179,2026-06-23 17:54:13,11.25,6.88,3.351,2378,No,None
M2_03180,2026-06-23 19:27:44,18.44,6.86,3.724,2076,No,None
M2_03181,2026-06-24 06:06:51,35.06,6.54,6.12,2472,Yes,Salt
M2_03182,2026-06-24 06:16:20,18.19,6.72,3.729,2301,Yes,Sugar
M2_03183,2026-06-24 06:23:32,26.19,6.65,4.455,2392,No,None
M2_03184,2026-06-24 06:48:38,30.75,6.46,6.018,2809,Yes,Urea
M2_03185,2026-06-24 06:57:05,13.88,6.74,3.977,2494,Yes,Sugar
M2_03186,2026-06-24 08:12:53,12.12,7.05,3.143,2332,Yes,Urea
M2_03187,2026-06-24 08:18:08,22.06,6.5,4.041,2110,No,None
M2_03188,2026-06-24 08:31:04,10.06,6.68,5.159,3274,Yes,Salt
M2_03189,2026-06-24 08:41:02,23.12,6.6,4.299,2279,Yes,Water
M2_03190,2026-06-24 16:23:22,38.88,6.54,6.121,2327,Yes,Urea
M2_03191,2026-06-24 16:26:49,22.19,6.77,3.745,1968,Yes,Urea
M2_03192,2026-06-24 17:15:32,33.75,6.53,5.0,2135,No,None
M2_03193,2026-06-24 18:06:41,27.12,6.81,4.388,2297,No,None
M2_03194,2026-06-24 19:22:27,30.06,6.53,6.106,2679,Yes,Salt
M2_03195,2026-06-24 19:25:44,20.25,6.65,3.391,1948,Yes,Water
M2_03196,2026-06-25 02:47:07,20.25,6.66,4.272,2420,No,None
M2_03197,2026-06-25 05:32:06,23.06,6.7,3.847,2149,Yes,Sugar
M2_03198,2026-06-25 06:00:09,32.38,6.7,5.218,2516,Yes,Sugar
M2_03199,2026-06-25 06:02:02,28.19,6.73,5.022,2326,No,None
M2_03200,2026-06-25 06:29:03,29.69,6.62,5.557,2452,No,None
M2_03201,2026-06-25 06:42:02,26.94,6.64,4.785,2556,No,None
M2_03202,2026-06-25 06:54:47,10.56,6.79,2.811,1964,Yes,Sugar
M2_03203,2026-06-25 08:12:06,21.94,6.76,2.67,1382,Yes,Water
M2_03204,2026-06-25 08:14:26,23.0,6.69,4.448,2461,Yes,Sugar
M2_03205,2026-06-25 08:38:02,7.88,6.79,2.985,2366,No,None
M2_03206,2026-06-25 09:06:56,12.94,6.68,2.77,1740,No,None
M2_03207,2026-06-25 16:45:48,26.19,6.66,4.307,2384,No,None
M2_03208,2026-06-25 17:05:39,35.62,6.57,4.934,1970,No,None
M2_03209,2026-06-25 17:22:38,22.0,6.7,4.249,2430,No,None
M2_03210,2026-06-25 17:46:54,32.31,6.57,5.222,2316,No,None
M2_03211,2026-06-25 18:43:53,28.38,6.74,6.811,2988,No,None
M2_03212,2026-06-25 19:11:40,20.5,6.61,5.663,3045,No,None
M2_03213,2026-06-25 19:25:13,28.38,6.63,4.958,2412,Yes,Sugar
M2_03214,2026-06-26 05:20:42,28.94,6.47,5.48,2415,No,None
M2_03215,2026-06-26 05:32:43,28.88,6.64,5.168,2327,Yes,Salt
M2_03216,2026-06-26 05:46:17,26.5,6.61,4.752,2416,No,None
M2_03217,2026-06-26 06:03:08,9.88,6.77,2.793,2160,Yes,Water
M2_03218,2026-06-26 06:23:17,18.69,6.69,3.93,2283,No,None
M2_03219,2026-06-26 06:23:29,20.06,6.6,4.347,2359,Yes,Salt
M2_03220,2026-06-26 06:28:26,19.75,6.88,3.957,2279,No,None
M2_03221,2026-06-26 06:43:23,3.69,6.81,2.507,2253,Yes,Salt
M2_03222,2026-06-26 07:06:27,30.12,6.6,5.087,2285,No,None
M2_03223,2026-06-26 07:11:53,25.69,6.7,4.775,2667,No,None
M2_03224,2026-06-26 07:23:50,19.75,6.7,3.913,2107,Yes,Urea
M2_03225,2026-06-26 08:31:57,7.62,6.86,2.537,2058,No,None
M2_03226,2026-06-26 08:43:11,8.88,6.81,2.633,2035,No,None
M2_03227,2026-06-26 08:46:51,19.0,7.01,4.356,2677,Yes,Urea
M2_03228,2026-06-26 08:51:05,16.38,6.78,4.025,2589,Yes,Water
M2_03229,2026-06-26 09:13:32,9.5,6.85,2.692,2222,Yes,Sugar
M2_03230,2026-06-26 16:34:29,20.06,6.53,4.134,2280,No,None
M2_03231,2026-06-26 16:44:25,26.69,6.58,6.967,3174,Yes,Salt
M2_03232,2026-06-26 17:03:29,16.19,6.7,3.313,1836,No,None
M2_03233,2026-06-26 17:06:51,34.06,6.62,5.843,2467,No,None
M2_03234,2026-06-26 17:23:08,32.31,6.66,6.005,2584,No,None
M2_03235,2026-06-26 17:33:23,16.44,6.74,4.456,2842,Yes,Salt
M2_03236,2026-06-26 17:47:05,31.56,6.7,5.157,2369,Yes,Urea
M2_03237,2026-06-26 17:57:24,13.5,6.65,3.241,2032,No,None
M2_03238,2026-06-26 18:37:32,36.69,6.42,7.655,3220,Yes,Salt
M2_03239,2026-06-27 06:11:15,24.06,6.86,4.805,2715,No,None
M2_03240,2026-06-27 06:36:24,26.75,6.62,4.945,2297,Yes,Salt
M2_03241,2026-06-27 06:37:05,10.12,6.86,2.433,1571,Yes,Water
M2_03242,2026-06-27 06:39:11,32.25,6.77,3.608,1572,Yes,Water
M2_03243,2026-06-27 06:43:08,28.06,6.56,4.79,2147,Yes,Urea
M2_03244,2026-06-27 07:15:01,22.0,6.78,5.024,2759,Yes,Urea
M2_03245,2026-06-27 07:19:12,16.0,6.83,3.549,2096,No,None
M2_03246,2026-06-27 07:33:35,20.19,6.64,3.971,2243,No,None
M2_03247,2026-06-27 08:34:34,31.06,6.85,5.518,2530,Yes,Urea
M2_03248,2026-06-27 08:34:52,9.31,6.94,3.23,2505,No,None
M2_03249,2026-06-27 16:07:52,26.56,6.63,4.448,2101,Yes,Water
M2_03250,2026-06-27 17:24:26,9.06,6.78,3.095,2316,No,None
M2_03251,2026-06-27 17:38:19,18.56,6.7,4.311,2708,Yes,Sugar
M2_03252,2026-06-27 18:17:11,30.62,6.72,5.044,2245,Yes,Sugar
M2_03253,2026-06-27 18:45:37,16.12,6.66,4.038,2240,No,None
M2_03254,2026-06-27 19:13:00,24.75,6.65,4.707,2397,No,None
M2_03255,2026-06-27 19:20:51,29.38,6.63,6.167,2510,No,None
M2_03256,2026-06-28 05:54:52,27.94,6.93,5.539,2683,Yes,Water
M2_03257,2026-06-28 06:36:55,26.81,6.71,4.072,1830,Yes,Water
M2_03258,2026-06-28 07:02:10,26.06,6.83,4.794,2437,Yes,Urea
M2_03259,2026-06-28 07:19:43,29.0,6.6,6.345,3012,Yes,Salt
M2_03260,2026-06-28 07:32:40,16.5,6.75,3.82,2323,No,None
M2_03261,2026-06-28 07:33:57,8.88,6.91,3.03,2434,Yes,Sugar
M2_03262,2026-06-28 07:34:11,18.06,6.92,4.234,2409,Yes,Water
M2_03263,2026-06-28 07:34:13,27.56,6.62,4.806,2482,Yes,Sugar
M2_03264,2026-06-28 07:36:50,19.5,6.66,4.314,2443,No,None
M2_03265,2026-06-28 07:53:52,17.88,6.79,3.683,2274,Yes,Sugar
M2_03266,2026-06-28 08:08:34,25.69,6.67,5.168,2506,No,None
M2_03267,2026-06-28 08:09:52,13.81,6.97,3.078,2061,Yes,Water
M2_03268,2026-06-28 08:13:01,15.62,6.63,4.013,2664,Yes,Sugar
M2_03269,2026-06-28 08:35:21,33.12,6.62,4.729,2469,Yes,Sugar
M2_03270,2026-06-28 09:06:45,27.5,6.78,5.351,2641,No,None
M2_03271,2026-06-28 16:47:29,23.62,6.68,4.892,2489,No,None
M2_03272,2026-06-28 18:21:49,7.56,6.83,2.578,2246,Yes,Sugar
M2_03273,2026-06-28 18:35:26,34.25,6.65,6.044,2305,Yes,Water
M2_03274,2026-06-28 18:48:47,20.19,6.66,4.418,2682,Yes,Sugar
M2_03275,2026-06-29 05:36:24,20.31,6.64,3.926,2143,No,None
M2_03276,2026-06-29 05:38:13,4.56,6.85,2.346,1993,No,None
M2_03277,2026-06-29 05:53:05,3.0,6.85,2.222,1852,Yes,Water
M2_03278,2026-06-29 06:26:15,13.69,6.86,3.747,2538,Yes,Urea
M2_03279,2026-06-29 07:24:45,24.75,6.66,4.476,2325,Yes,Water
M2_03280,2026-06-29 07:57:31,27.06,6.57,4.576,1994,Yes,Salt
M2_03281,2026-06-29 08:48:19,21.31,6.93,4.397,2298,No,None
M2_03282,2026-06-29 16:01:26,2.75,6.92,2.061,1852,No,None
M2_03283,2026-06-29 17:04:37,26.31,6.66,4.557,2400,Yes,Sugar
M2_03284,2026-06-29 17:57:08,39.5,6.63,9.166,3496,Yes,Salt
M2_03285,2026-06-29 18:31:20,20.56,6.78,3.937,2035,Yes,Urea
M2_03286,2026-06-29 22:31:32,29.94,6.55,4.741,2103,Yes,Sugar
M2_03287,2026-06-30 06:42:25,34.38,6.53,5.856,2502,No,None
M2_03288,2026-06-30 06:45:20,39.25,6.46,5.224,2154,No,None
M2_03289,2026-06-30 07:07:35,27.94,7.04,4.992,2364,Yes,Urea
M2_03290,2026-06-30 07:15:37,24.31,6.71,4.046,1978,Yes,Water
M2_03291,2026-06-30 07:43:34,29.06,6.51,5.628,2622,No,None
M2_03292,2026-06-30 07:50:00,26.44,6.7,5.346,2708,Yes,Salt
M2_03293,2026-06-30 07:54:06,17.38,6.75,4.356,2753,No,None
M2_03294,2026-06-30 08:12:04,20.0,6.6,4.19,2246,Yes,Sugar
M2_03295,2026-06-30 08:15:13,18.25,6.53,4.128,2451,Yes,Sugar
M2_03296,2026-06-30 08:18:11,23.38,6.59,5.376,2860,No,None
M2_03297,2026-06-30 08:40:12,21.06,6.6,7.555,3876,Yes,Salt
M2_03298,2026-06-30 09:16:21,23.88,6.6,4.638,2112,No,None
M2_03299,2026-06-30 09:20:33,22.81,6.69,4.0,2356,Yes,Sugar
M2_03300,2026-06-30 09:25:27,25.81,6.75,4.494,2310,No,None
M2_03301,2026-06-30 16:18:35,35.06,6.43,8.105,3207,Yes,Salt
M2_03302,2026-06-30 16:19:53,34.06,6.61,4.596,1910,Yes,Water
M2_03303,2026-06-30 16:58:39,28.44,6.56,4.995,2235,No,None
M2_03304,2026-06-30 17:14:57,28.31,6.63,5.008,2211,No,None
M2_03305,2026-06-30 17:54:11,33.06,6.55,5.079,2318,No,None
M2_03306,2026-07-01 05:30:04,15.25,6.72,3.487,2135,No,None
M2_03307,2026-07-01 05:30:20,28.88,7.07,3.61,1785,Yes,Water
M2_03308,2026-07-01 05:42:35,24.56,6.93,4.69,2272,Yes,Urea
M2_03309,2026-07-01 05:57:09,21.5,6.7,3.794,2090,No,None
M2_03310,2026-07-01 06:04:10,32.19,6.67,6.14,2771,Yes,Sugar
M2_03311,2026-07-01 06:39:06,11.44,6.86,3.265,2538,No,None
M2_03312,2026-07-01 07:13:55,13.5,6.74,3.203,2226,Yes,Sugar
M2_03313,2026-07-01 07:36:51,11.56,6.92,3.575,2455,Yes,Salt
M2_03314,2026-07-01 07:41:44,21.81,6.77,4.18,2078,Yes,Water
M2_03315,2026-07-01 07:54:57,28.19,6.66,4.773,2475,No,None
M2_03316,2026-07-01 08:03:54,26.62,6.72,5.145,2522,No,None
M2_03317,2026-07-01 08:10:09,28.5,6.61,4.532,2048,Yes,Water
M2_03318,2026-07-01 08:16:51,25.38,6.65,4.714,2460,Yes,Sugar
M2_03319,2026-07-01 08:18:05,14.44,6.91,3.433,2214,Yes,Sugar
M2_03320,2026-07-01 08:47:37,21.25,6.64,4.173,2382,Yes,Sugar
M2_03321,2026-07-01 16:42:49,10.0,6.64,3.718,2555,No,None
M2_03322,2026-07-01 16:43:57,17.94,6.75,6.153,3791,Yes,Salt
M2_03323,2026-07-01 17:15:55,25.44,6.73,5.219,2497,No,None
M2_03324,2026-07-01 17:19:58,32.12,6.59,5.707,2465,Yes,Urea
M2_03325,2026-07-01 17:25:23,32.19,6.61,5.203,2407,Yes,Sugar
M2_03326,2026-07-01 17:42:54,25.0,6.83,4.988,2638,No,None
M2_03327,2026-07-01 18:59:06,25.81,6.72,4.515,2111,No,None
M2_03328,2026-07-01 19:13:35,27.06,6.81,4.634,2224,Yes,Urea
M2_03329,2026-07-01 19:18:13,19.38,6.46,4.16,2211,No,None
M2_03330,2026-07-02 00:24:23,35.31,6.72,4.643,1950,Yes,Water
M2_03331,2026-07-02 05:52:25,27.25,6.6,5.184,2602,No,None
M2_03332,2026-07-02 06:07:48,15.62,6.78,3.545,2240,No,None
M2_03333,2026-07-02 06:12:16,23.5,6.6,4.837,2303,Yes,Sugar
M2_03334,2026-07-02 06:22:06,21.62,6.62,4.045,2387,Yes,Water
M2_03335,2026-07-02 07:01:34,17.06,6.71,7.694,4472,Yes,Salt
M2_03336,2026-07-02 07:19:01,22.5,6.71,4.444,2378,No,None
M2_03337,2026-07-02 07:43:09,16.5,6.94,2.418,1570,Yes,Water
M2_03338,2026-07-02 08:13:11,25.31,6.97,3.78,1887,Yes,Water
M2_03339,2026-07-02 08:19:03,16.0,6.74,3.933,2440,Yes,Urea
M2_03340,2026-07-02 08:46:02,27.94,6.73,4.772,2264,Yes,Urea
M2_03341,2026-07-02 08:58:18,19.62,6.63,3.912,2160,Yes,Water
M2_03342,2026-07-02 09:02:02,17.0,6.65,3.938,2274,Yes,Salt
M2_03343,2026-07-02 09:20:23,21.75,6.74,4.074,2160,Yes,Urea
M2_03344,2026-07-02 17:01:58,10.81,6.81,3.184,2397,Yes,Sugar
M2_03345,2026-07-02 17:11:39,27.94,6.36,5.198,2284,Yes,Salt
M2_03346,2026-07-02 17:21:51,31.62,6.49,5.433,2271,No,None
M2_03347,2026-07-02 17:24:11,23.62,6.74,4.236,2099,Yes,Water
M2_03348,2026-07-03 05:33:08,29.75,6.71,5.487,2499,No,None
M2_03349,2026-07-03 05:42:16,30.31,6.6,5.103,2218,No,None
M2_03350,2026-07-03 05:48:45,33.31,6.67,4.955,2325,Yes,Sugar
M2_03351,2026-07-03 05:51:18,19.12,6.82,3.472,1929,Yes,Water
M2_03352,2026-07-03 05:56:42,34.19,6.58,8.139,3390,Yes,Salt
M2_03353,2026-07-03 06:30:56,23.12,6.67,6.348,3398,Yes,Salt
M2_03354,2026-07-03 06:38:12,18.19,6.74,4.047,2654,Yes,Sugar
M2_03355,2026-07-03 06:42:02,31.56,6.88,5.232,2278,Yes,Urea
M2_03356,2026-07-03 06:55:58,17.88,6.79,3.865,2290,Yes,Salt
M2_03357,2026-07-03 07:21:48,27.56,6.82,4.689,2219,No,None
M2_03358,2026-07-03 07:44:48,21.38,6.65,4.369,2597,Yes,Sugar
M2_03359,2026-07-03 08:08:09,23.81,6.82,4.114,2234,Yes,Urea
M2_03360,2026-07-03 08:26:13,21.56,6.89,4.797,2723,No,None
M2_03361,2026-07-03 08:26:23,24.38,6.73,4.477,2210,No,None
M2_03362,2026-07-03 08:44:05,27.38,6.74,5.232,2476,Yes,Urea
M2_03363,2026-07-03 09:09:12,28.56,6.74,6.217,2617,No,None
M2_03364,2026-07-03 16:07:50,31.44,6.62,4.725,1901,No,None
M2_03365,2026-07-03 16:09:59,21.94,6.73,4.283,2235,No,None
M2_03366,2026-07-03 16:23:50,14.56,7.0,3.528,2341,Yes,Urea
M2_03367,2026-07-03 16:26:00,29.81,6.55,4.181,2032,Yes,Water
M2_03368,2026-07-03 17:41:41,23.19,6.89,3.819,1928,Yes,Water
M2_03369,2026-07-03 18:19:45,12.69,6.74,3.097,2205,Yes,Sugar
M2_03370,2026-07-03 18:32:26,8.94,6.83,2.916,2091,Yes,Water
M2_03371,2026-07-03 18:54:33,10.56,6.68,4.271,3216,Yes,Salt
M2_03372,2026-07-04 05:34:25,4.44,6.75,2.206,1812,No,None
M2_03373,2026-07-04 05:35:03,25.56,6.62,5.122,2511,Yes,Urea
M2_03374,2026-07-04 05:39:40,15.44,6.83,3.741,2577,Yes,Sugar
M2_03375,2026-07-04 05:55:52,28.12,6.62,4.518,2220,No,None
M2_03376,2026-07-04 06:06:37,25.25,6.82,4.916,2345,Yes,Urea
M2_03377,2026-07-04 06:13:44,8.56,6.9,2.952,2318,No,None
M2_03378,2026-07-04 06:35:13,25.75,6.71,4.279,2206,Yes,Sugar
M2_03379,2026-07-04 06:36:15,9.25,6.59,3.069,2227,No,None
M2_03380,2026-07-04 06:45:34,32.06,6.84,6.354,2886,No,None
M2_03381,2026-07-04 06:52:27,28.5,6.72,5.27,2756,No,None
M2_03382,2026-07-04 07:46:39,26.0,6.76,4.894,2413,No,None
M2_03383,2026-07-04 08:27:01,32.0,6.55,4.997,2207,Yes,Water
M2_03384,2026-07-04 09:07:56,30.5,6.58,9.453,4093,Yes,Salt
M2_03385,2026-07-04 09:53:14,23.25,6.71,4.382,2360,Yes,Urea
M2_03386,2026-07-04 16:40:27,22.94,6.65,4.404,2313,Yes,Sugar
M2_03387,2026-07-04 16:42:49,27.88,6.58,5.516,2850,No,None
M2_03388,2026-07-04 17:44:57,21.44,6.82,4.504,2555,No,None
M2_03389,2026-07-04 18:12:14,24.81,6.68,4.571,2304,Yes,Water
M2_03390,2026-07-04 18:45:07,17.38,6.83,4.255,2329,No,None
M2_03391,2026-07-04 19:02:19,18.5,6.86,3.948,2514,Yes,Sugar
M2_03392,2026-07-04 19:18:58,33.38,6.72,5.037,2207,Yes,Water
M2_03393,2026-07-05 05:39:07,31.12,6.61,5.494,2654,Yes,Sugar
M2_03394,2026-07-05 05:45:07,32.75,6.53,5.563,2438,No,None
M2_03395,2026-07-05 06:04:46,6.69,6.87,3.831,3224,Yes,Salt
M2_03396,2026-07-05 06:20:15,17.06,6.77,3.849,2248,Yes,Sugar
M2_03397,2026-07-05 06:37:31,18.06,6.86,4.169,2492,Yes,Urea
M2_03398,2026-07-05 06:45:28,13.38,6.77,3.425,2020,No,None
M2_03399,2026-07-05 06:56:50,28.75,6.56,4.697,2203,No,None
M2_03400,2026-07-05 07:09:46,32.94,6.57,6.037,2583,Yes,Salt
M2_03401,2026-07-05 07:20:24,31.0,6.56,3.547,1595,Yes,Water
M2_03402,2026-07-05 07:23:20,18.31,6.84,4.029,2121,Yes,Water
M2_03403,2026-07-05 07:27:31,7.62,7.01,2.544,1961,Yes,Urea
M2_03404,2026-07-05 07:30:21,36.31,6.56,5.525,2346,No,None
M2_03405,2026-07-05 07:44:51,27.88,6.51,4.603,2091,No,None
M2_03406,2026-07-05 08:41:44,23.88,6.76,3.922,2047,No,None
M2_03407,2026-07-05 09:20:57,29.88,6.6,5.318,2187,Yes,Sugar
M2_03408,2026-07-05 17:01:03,20.0,6.62,4.412,2551,No,None
M2_03409,2026-07-05 17:03:05,28.25,6.84,4.048,2062,Yes,Water
M2_03410,2026-07-05 18:06:13,22.88,6.65,4.191,2302,Yes,Urea
M2_03411,2026-07-05 18:56:48,25.0,6.6,4.434,2268,Yes,Urea
M2_03412,2026-07-05 19:14:51,12.25,6.77,3.512,2392,No,None
M2_03413,2026-07-05 19:25:54,22.75,6.69,4.198,2311,Yes,Sugar
M2_03414,2026-07-06 04:33:06,36.88,6.63,6.587,2793,Yes,Urea
M2_03415,2026-07-06 04:57:45,4.44,6.87,2.29,2003,No,None
M2_03416,2026-07-06 05:50:34,32.0,6.58,5.132,2246,No,None
M2_03417,2026-07-06 06:03:10,25.81,6.74,4.878,2491,Yes,Salt
M2_03418,2026-07-06 06:19:49,24.94,6.53,4.992,2496,No,None
M2_03419,2026-07-06 07:03:24,23.5,6.65,6.767,3775,Yes,Salt
M2_03420,2026-07-06 07:06:52,33.12,6.72,7.374,3215,Yes,Salt
M2_03421,2026-07-06 07:29:55,19.06,6.69,3.872,2386,No,None
M2_03422,2026-07-06 07:43:06,21.75,6.87,4.661,2372,No,None
M2_03423,2026-07-06 07:57:10,27.12,6.67,4.94,2625,Yes,Urea
M2_03424,2026-07-06 08:14:54,23.12,6.76,4.67,2460,Yes,Sugar
M2_03425,2026-07-06 08:36:11,27.56,6.8,5.452,2538,Yes,Urea
M2_03426,2026-07-06 08:48:19,3.12,6.89,1.931,1697,No,None
M2_03427,2026-07-06 08:59:07,27.25,6.71,4.028,1707,Yes,Water
M2_03428,2026-07-06 09:17:27,28.75,6.82,5.812,2656,No,None
M2_03429,2026-07-06 17:24:11,14.44,6.79,3.619,2084,Yes,Urea
M2_03430,2026-07-06 17:43:01,36.25,6.54,3.678,1426,Yes,Water
M2_03431,2026-07-06 18:02:37,17.12,6.83,4.399,2634,No,None
M2_03432,2026-07-06 18:23:11,22.12,6.68,3.752,2048,Yes,Urea
M2_03433,2026-07-07 05:34:29,22.69,6.99,5.034,2370,Yes,Urea
M2_03434,2026-07-07 06:50:47,25.0,6.57,5.826,3084,Yes,Salt
M2_03435,2026-07-07 07:22:21,18.5,6.68,5.403,3219,Yes,Salt
M2_03436,2026-07-07 07:25:19,22.0,6.63,2.903,1575,Yes,Water
M2_03437,2026-07-07 07:25:50,30.19,6.45,6.198,2729,Yes,Salt
M2_03438,2026-07-07 07:41:37,23.94,6.91,2.915,1442,Yes,Water
M2_03439,2026-07-07 08:00:34,25.88,6.64,4.796,2474,No,None
M2_03440,2026-07-07 08:21:31,28.94,6.69,5.18,2519,Yes,Sugar
M2_03441,2026-07-07 08:25:15,32.31,6.96,5.965,2454,Yes,Urea
M2_03442,2026-07-07 08:35:34,20.69,6.58,4.503,2710,No,None
M2_03443,2026-07-07 08:39:21,25.69,6.74,3.062,1459,Yes,Water
M2_03444,2026-07-07 09:02:22,3.38,6.9,1.574,1446,Yes,Water
M2_03445,2026-07-07 09:11:54,17.69,6.82,3.779,2057,Yes,Urea
M2_03446,2026-07-07 09:21:00,28.81,6.58,3.425,1436,Yes,Water
M2_03447,2026-07-07 09:24:55,23.19,6.7,4.559,2563,No,None
M2_03448,2026-07-07 15:34:55,32.5,6.57,5.377,2250,No,None
M2_03449,2026-07-07 18:50:32,25.56,6.64,5.624,2757,No,None
M2_03450,2026-07-08 05:30:27,31.5,6.56,5.771,2453,No,None
M2_03451,2026-07-08 05:34:19,17.0,7.08,2.992,1800,Yes,Water
M2_03452,2026-07-08 05:42:25,22.75,6.77,3.98,2037,Yes,Water
M2_03453,2026-07-08 06:01:02,18.0,6.58,3.792,2179,No,None
M2_03454,2026-07-08 06:27:21,17.62,6.81,7.334,4282,Yes,Salt
M2_03455,2026-07-08 06:28:13,28.25,6.72,5.05,2378,No,None
M2_03456,2026-07-08 06:56:50,24.38,6.64,4.735,2361,Yes,Water
M2_03457,2026-07-08 06:59:04,21.12,6.65,3.232,1714,Yes,Water
M2_03458,2026-07-08 07:13:54,22.69,6.72,4.779,2408,Yes,Sugar
M2_03459,2026-07-08 07:36:54,34.31,6.5,6.524,2947,Yes,Sugar
M2_03460,2026-07-08 07:43:08,25.0,6.8,4.305,2134,Yes,Urea
M2_03461,2026-07-08 08:24:09,8.5,6.92,2.661,2202,No,None
M2_03462,2026-07-08 08:26:40,25.75,6.68,4.754,2335,No,None
M2_03463,2026-07-08 08:26:53,30.31,6.54,8.109,3484,Yes,Salt
M2_03464,2026-07-08 16:24:38,27.5,6.62,8.685,4224,Yes,Salt
M2_03465,2026-07-08 16:47:13,19.06,6.63,3.957,2297,Yes,Sugar
M2_03466,2026-07-08 18:25:35,8.0,7.0,2.963,2313,No,None
M2_03467,2026-07-08 18:33:12,34.69,6.71,7.951,3466,Yes,Salt
M2_03468,2026-07-08 18:56:58,34.19,6.56,4.517,2061,Yes,Water
M2_03469,2026-07-09 05:40:15,11.56,6.76,3.0,2090,Yes,Sugar
M2_03470,2026-07-09 05:55:46,21.88,6.64,6.073,3121,Yes,Salt
M2_03471,2026-07-09 06:10:34,8.38,6.8,2.793,2186,No,None
M2_03472,2026-07-09 06:52:32,4.75,6.91,2.012,1745,Yes,Urea
M2_03473,2026-07-09 07:16:26,20.25,6.96,4.246,2408,Yes,Urea
M2_03474,2026-07-09 07:22:44,16.88,6.85,3.817,2156,No,None
M2_03475,2026-07-09 07:37:58,5.06,6.91,1.422,1331,Yes,Water
M2_03476,2026-07-09 07:46:51,4.81,6.8,2.354,2004,No,None
M2_03477,2026-07-09 08:42:02,24.94,6.6,4.293,2361,Yes,Sugar
M2_03478,2026-07-09 16:09:17,11.38,6.65,4.114,2765,Yes,Salt
M2_03479,2026-07-09 16:13:41,7.25,6.89,2.484,1934,No,None
M2_03480,2026-07-09 16:55:18,17.56,6.72,4.435,2607,Yes,Urea
M2_03481,2026-07-09 18:13:33,17.81,6.91,3.925,2270,Yes,Urea
M2_03482,2026-07-10 05:33:49,11.06,6.75,3.134,2264,Yes,Sugar
M2_03483,2026-07-10 05:56:28,28.31,6.68,4.91,2401,Yes,Sugar
M2_03484,2026-07-10 06:16:36,16.06,7.03,2.563,1540,Yes,Water
M2_03485,2026-07-10 07:01:06,32.5,6.78,5.891,2622,No,None
M2_03486,2026-07-10 07:06:25,33.94,6.53,5.841,2370,No,None
M2_03487,2026-07-10 07:21:25,28.44,6.63,5.912,2882,Yes,Salt
M2_03488,2026-07-10 07:27:32,30.88,6.59,5.639,2380,Yes,Urea
M2_03489,2026-07-10 07:31:28,19.12,6.68,4.49,2733,No,None
M2_03490,2026-07-10 07:42:01,17.5,6.73,3.485,2076,No,None
M2_03491,2026-07-10 07:42:36,20.19,6.83,4.2,2327,Yes,Sugar
M2_03492,2026-07-10 08:03:00,14.06,6.82,4.159,2510,Yes,Salt
M2_03493,2026-07-10 08:23:21,24.94,6.65,5.914,3025,Yes,Salt
M2_03494,2026-07-10 09:19:40,28.19,6.66,5.846,2647,Yes,Salt
M2_03495,2026-07-10 16:09:52,25.12,6.64,4.982,2456,No,None
M2_03496,2026-07-10 16:13:30,21.69,6.75,4.593,2266,Yes,Urea
M2_03497,2026-07-10 17:20:02,24.06,6.67,3.991,1987,No,None
M2_03498,2026-07-10 17:52:48,20.75,6.9,5.063,2824,Yes,Sugar
M2_03499,2026-07-10 18:38:32,13.31,6.77,3.87,2668,Yes,Salt
M2_03500,2026-07-11 05:16:12,9.44,6.77,2.882,2163,No,None
M2_03501,2026-07-11 06:11:39,18.12,6.72,2.689,1630,Yes,Water
M2_03502,2026-07-11 06:12:49,38.38,6.65,6.764,2793,No,None
M2_03503,2026-07-11 07:20:14,12.94,6.8,3.416,2506,No,None
M2_03504,2026-07-11 07:25:50,17.38,6.79,3.85,2478,No,None
M2_03505,2026-07-11 08:16:45,33.69,6.54,6.131,2554,No,None
M2_03506,2026-07-11 08:29:19,30.56,6.4,5.606,2478,No,None
M2_03507,2026-07-11 08:58:26,31.38,6.51,5.609,2366,No,None
M2_03508,2026-07-11 09:12:31,30.62,6.61,5.14,2147,Yes,Sugar
M2_03509,2026-07-11 16:20:13,22.88,6.68,3.941,2289,Yes,Sugar
M2_03510,2026-07-11 16:38:57,21.25,6.71,4.196,2002,Yes,Water
M2_03511,2026-07-11 16:45:29,21.75,6.72,4.233,2326,No,None
M2_03512,2026-07-11 16:56:10,20.81,6.69,4.27,2408,No,None
M2_03513,2026-07-11 16:58:28,15.12,6.68,6.166,3828,Yes,Salt
M2_03514,2026-07-11 17:31:19,27.75,6.59,5.649,2779,Yes,Urea
M2_03515,2026-07-11 17:47:19,31.0,6.65,5.315,2342,Yes,Water
M2_03516,2026-07-11 18:18:44,35.75,6.34,5.715,2290,No,None
M2_03517,2026-07-11 18:36:41,26.62,6.62,3.793,2195,No,None
M2_03518,2026-07-11 23:01:36,31.62,6.72,6.065,2481,No,None
M2_03519,2026-07-12 06:04:32,23.62,6.66,3.659,2011,Yes,Sugar
M2_03520,2026-07-12 06:50:32,23.5,6.7,4.17,2342,No,None
M2_03521,2026-07-12 07:13:43,18.19,6.6,3.846,2227,No,None
M2_03522,2026-07-12 07:47:46,8.25,6.88,3.09,2348,Yes,Salt
M2_03523,2026-07-12 07:48:59,9.19,6.76,2.938,2142,No,None
M2_03524,2026-07-12 07:58:14,10.25,6.73,3.201,2049,No,None
M2_03525,2026-07-12 08:43:16,27.81,6.71,4.068,2032,Yes,Water
M2_03526,2026-07-12 08:54:51,3.31,7.0,2.1,2032,No,None
M2_03527,2026-07-12 16:24:30,5.12,7.01,4.258,3932,Yes,Salt
M2_03528,2026-07-12 16:49:14,6.19,6.93,2.394,2034,No,None
M2_03529,2026-07-12 16:52:49,25.06,6.77,7.48,3497,Yes,Salt
M2_03530,2026-07-12 16:54:37,2.75,6.82,4.269,4154,Yes,Salt
M2_03531,2026-07-12 17:16:51,19.44,6.75,3.728,2019,No,None
M2_03532,2026-07-12 18:24:03,20.5,7.14,4.512,2502,No,None
M2_03533,2026-07-12 18:25:41,18.19,6.73,4.276,2309,No,None
M2_03534,2026-07-12 19:09:14,37.38,6.59,6.722,2795,Yes,Sugar
M2_03535,2026-07-13 05:43:53,36.0,6.54,4.596,1787,Yes,Water
M2_03536,2026-07-13 05:43:57,26.12,6.64,4.922,2414,No,None
M2_03537,2026-07-13 05:47:10,27.25,6.52,4.936,2293,Yes,Urea
M2_03538,2026-07-13 05:51:37,18.38,6.67,3.939,2234,Yes,Sugar
M2_03539,2026-07-13 05:57:15,16.38,6.79,3.555,2125,Yes,Water
M2_03540,2026-07-13 06:09:48,29.38,6.55,5.252,2382,No,None
M2_03541,2026-07-13 06:47:01,16.94,6.8,4.026,2371,No,None
M2_03542,2026-07-13 06:52:33,22.88,6.58,7.079,3841,Yes,Salt
M2_03543,2026-07-13 06:59:24,30.19,6.69,5.155,2319,No,None
M2_03544,2026-07-13 07:17:50,14.56,6.63,3.528,2113,Yes,Sugar
M2_03545,2026-07-13 07:25:43,7.75,6.88,1.94,1469,Yes,Water
M2_03546,2026-07-13 08:15:01,18.56,6.64,3.539,2003,No,None
M2_03547,2026-07-13 08:52:11,17.38,6.81,4.072,2336,Yes,Sugar
M2_03548,2026-07-13 08:58:41,26.94,6.75,4.486,2165,No,None
M2_03549,2026-07-13 09:21:51,19.75,6.84,4.44,2620,Yes,Sugar
M2_03550,2026-07-13 16:04:55,12.75,6.94,2.851,1917,No,None
M2_03551,2026-07-13 16:16:02,20.5,6.77,5.845,3335,Yes,Salt
M2_03552,2026-07-13 16:35:25,19.69,6.76,3.677,2099,No,None
M2_03553,2026-07-13 16:47:43,17.69,6.66,5.502,3479,No,None
M2_03554,2026-07-13 17:48:06,27.62,6.72,5.031,2432,Yes,Water
M2_03555,2026-07-13 18:09:22,26.94,6.69,5.031,2403,No,None
M2_03556,2026-07-13 18:16:51,8.44,6.87,2.331,1705,No,None
M2_03557,2026-07-13 18:41:27,24.44,6.44,4.494,2297,Yes,Water
M2_03558,2026-07-13 18:42:32,31.88,6.65,4.906,2163,No,None
M2_03559,2026-07-13 19:06:22,29.44,6.81,4.432,1939,Yes,Water
M2_03560,2026-07-13 19:23:38,15.5,6.75,2.568,1659,Yes,Water
M2_03561,2026-07-14 05:48:45,19.38,6.6,4.069,2238,No,None
M2_03562,2026-07-14 05:52:56,30.06,6.37,6.353,2926,Yes,Salt
M2_03563,2026-07-14 06:08:12,14.69,6.71,3.313,2167,Yes,Urea
M2_03564,2026-07-14 06:13:23,24.31,6.67,4.339,2288,No,None
M2_03565,2026-07-14 06:25:45,16.94,6.7,3.94,2299,No,None
M2_03566,2026-07-14 06:50:28,29.69,6.53,6.967,3403,Yes,Salt
M2_03567,2026-07-14 07:15:53,6.94,6.77,2.801,2341,No,None
M2_03568,2026-07-14 07:29:17,33.5,6.43,5.137,2281,No,None
M2_03569,2026-07-14 08:12:27,23.25,6.55,4.813,2348,No,None
M2_03570,2026-07-14 08:26:31,16.88,7.03,2.715,1711,Yes,Water
M2_03571,2026-07-14 08:42:21,15.12,6.8,3.943,2492,No,None
M2_03572,2026-07-14 08:46:55,17.31,6.78,4.688,3118,Yes,Salt
M2_03573,2026-07-14 09:09:41,37.44,6.72,6.642,2422,Yes,Urea
M2_03574,2026-07-14 09:23:01,27.19,6.74,4.947,2510,Yes,Sugar
M2_03575,2026-07-14 16:08:41,9.44,6.85,3.407,2402,Yes,Water
M2_03576,2026-07-14 17:22:44,8.75,6.73,2.656,2048,Yes,Sugar
M2_03577,2026-07-15 05:36:21,27.12,6.64,5.064,2330,No,None
M2_03578,2026-07-15 06:06:46,3.31,6.98,1.899,1782,Yes,Sugar
M2_03579,2026-07-15 06:21:54,27.31,6.94,5.307,2533,Yes,Urea
M2_03580,2026-07-15 06:41:53,28.69,6.58,5.425,2568,No,None
M2_03581,2026-07-15 06:44:44,35.44,6.67,6.182,2487,No,None
M2_03582,2026-07-15 06:48:55,20.94,6.66,4.36,2244,No,None
M2_03583,2026-07-15 07:40:52,17.5,6.71,6.07,3578,Yes,Salt
M2_03584,2026-07-15 07:56:14,17.69,6.94,4.031,2445,Yes,Urea
M2_03585,2026-07-15 08:08:51,27.62,6.68,4.832,2200,No,None
M2_03586,2026-07-15 16:27:43,29.31,6.63,5.933,2977,No,None
M2_03587,2026-07-15 16:34:56,21.19,6.74,4.797,2473,No,None
M2_03588,2026-07-15 16:47:12,33.19,6.48,5.764,2653,No,None
M2_03589,2026-07-15 16:49:18,21.19,6.62,7.36,3786,Yes,Salt
M2_03590,2026-07-15 18:09:30,22.31,6.99,5.546,2854,Yes,Salt
M2_03591,2026-07-15 18:58:38,27.38,6.51,4.976,2171,No,None
M2_03592,2026-07-16 06:01:55,21.12,6.76,3.827,2239,Yes,Sugar
M2_03593,2026-07-16 06:53:55,19.06,6.77,3.42,1803,Yes,Water
M2_03594,2026-07-16 07:49:05,18.81,6.66,4.469,2619,No,None
M2_03595,2026-07-16 07:50:54,30.31,6.51,8.23,3686,Yes,Salt
M2_03596,2026-07-16 08:11:49,18.81,6.8,4.122,2219,No,None
M2_03597,2026-07-16 08:37:11,9.81,6.9,3.535,2952,Yes,Sugar
M2_03598,2026-07-16 08:40:22,21.44,6.88,4.995,2645,Yes,Water
M2_03599,2026-07-16 08:53:59,33.31,6.68,3.379,1439,Yes,Water
M2_03600,2026-07-16 09:14:23,30.38,6.64,4.943,2288,No,None
M2_03601,2026-07-16 09:24:06,23.31,6.78,3.466,1947,Yes,Water
M2_03602,2026-07-16 16:09:45,24.12,6.8,5.756,3039,No,None
M2_03603,2026-07-16 16:34:26,22.44,6.54,4.633,2600,No,None
M2_03604,2026-07-16 17:27:50,32.19,6.71,5.046,2179,Yes,Urea
M2_03605,2026-07-16 18:15:22,24.06,6.61,5.047,2550,No,None
M2_03606,2026-07-16 18:54:03,25.19,6.71,4.976,2360,No,None
M2_03607,2026-07-17 05:32:19,20.88,6.67,6.697,3598,Yes,Salt
M2_03608,2026-07-17 05:49:49,12.38,6.85,3.586,2542,No,None
M2_03609,2026-07-17 07:08:48,20.88,6.88,3.612,1925,Yes,Water
M2_03610,2026-07-17 07:14:57,36.0,6.68,5.504,2541,Yes,Sugar
M2_03611,2026-07-17 07:44:47,34.0,6.42,5.279,2406,No,None
M2_03612,2026-07-17 07:56:13,27.25,6.73,4.847,2343,No,None
M2_03613,2026-07-17 08:23:51,27.38,6.66,4.744,2239,No,None
M2_03614,2026-07-17 08:29:18,8.69,6.8,2.43,1720,Yes,Water
M2_03615,2026-07-17 08:49:22,36.88,6.56,9.981,3891,Yes,Salt
M2_03616,2026-07-17 09:03:03,31.69,6.73,5.684,2546,No,None
M2_03617,2026-07-17 09:18:36,23.44,6.61,4.379,2333,No,None
M2_03618,2026-07-17 09:22:40,31.19,6.7,5.931,2514,Yes,Sugar
M2_03619,2026-07-17 16:08:22,30.94,6.94,5.729,2492,Yes,Urea
M2_03620,2026-07-17 16:17:46,15.94,6.95,3.888,2437,Yes,Water
M2_03621,2026-07-17 18:45:29,30.12,6.61,10.078,4596,Yes,Salt
M2_03622,2026-07-17 19:06:44,21.31,6.84,3.058,1662,Yes,Water
M2_03623,2026-07-18 05:39:55,19.44,6.72,3.958,2247,No,None
M2_03624,2026-07-18 05:43:15,28.69,6.65,4.847,2336,Yes,Urea
M2_03625,2026-07-18 05:48:22,14.62,6.9,3.754,2427,No,None
M2_03626,2026-07-18 06:01:09,10.75,6.86,3.027,2156,No,None
M2_03627,2026-07-18 06:39:48,37.31,6.47,5.221,2264,Yes,Sugar
M2_03628,2026-07-18 06:54:55,29.19,6.54,5.226,2498,No,None
M2_03629,2026-07-18 07:01:17,23.62,6.62,6.387,3652,Yes,Salt
M2_03630,2026-07-18 07:05:01,23.12,6.78,3.558,1762,Yes,Water
M2_03631,2026-07-18 07:30:21,10.44,6.77,2.755,2078,Yes,Sugar
M2_03632,2026-07-18 07:51:09,20.56,6.78,4.348,2593,No,None
M2_03633,2026-07-18 08:15:38,25.5,6.52,5.478,2588,Yes,Salt
M2_03634,2026-07-18 08:23:51,14.94,6.75,3.475,2523,No,None
M2_03635,2026-07-18 08:52:05,24.31,6.58,4.984,2584,Yes,Salt
M2_03636,2026-07-18 09:07:25,15.88,6.7,4.056,2297,Yes,Sugar
M2_03637,2026-07-18 09:19:54,20.56,6.9,3.968,2417,No,None
M2_03638,2026-07-18 18:13:31,15.44,6.64,4.116,2593,No,None
M2_03639,2026-07-18 18:24:06,27.5,6.61,6.739,3119,Yes,Sugar
M2_03640,2026-07-18 19:07:30,13.69,6.72,3.079,2265,No,None
M2_03641,2026-07-18 19:10:59,12.94,6.79,3.016,1953,Yes,Urea
M2_03642,2026-07-18 19:29:45,26.81,6.76,4.776,2593,Yes,Sugar
M2_03643,2026-07-18 23:22:35,17.31,6.75,3.778,2248,Yes,Sugar
M2_03644,2026-07-19 05:50:11,24.12,6.63,4.125,2262,No,None
M2_03645,2026-07-19 06:29:54,30.31,6.69,5.247,2461,Yes,Water
M2_03646,2026-07-19 06:55:32,17.44,6.81,3.782,2230,No,None
M2_03647,2026-07-19 07:05:59,26.25,6.55,5.14,2865,Yes,Sugar
M2_03648,2026-07-19 07:10:58,35.25,6.71,3.968,1602,Yes,Water
M2_03649,2026-07-19 07:18:53,29.44,6.81,5.569,2600,Yes,Urea
M2_03650,2026-07-19 07:19:46,25.38,6.92,4.568,2362,Yes,Water
M2_03651,2026-07-19 07:24:40,14.25,6.71,4.623,2751,Yes,Salt
M2_03652,2026-07-19 07:43:34,35.75,6.49,6.337,2505,Yes,Salt
M2_03653,2026-07-19 07:55:16,14.38,6.89,2.728,1666,Yes,Water
M2_03654,2026-07-19 08:37:47,25.0,6.68,4.762,2495,Yes,Water
M2_03655,2026-07-19 09:07:59,28.25,6.65,4.685,2199,No,None
M2_03656,2026-07-19 17:17:25,7.06,6.9,3.295,2719,Yes,Salt
M2_03657,2026-07-19 18:09:36,26.81,6.84,5.234,2529,No,None
M2_03658,2026-07-19 18:28:47,13.56,6.81,3.646,2393,No,None
M2_03659,2026-07-19 18:30:40,32.19,6.69,5.392,2403,Yes,Salt
M2_03660,2026-07-20 05:55:23,15.94,6.76,3.872,2341,Yes,Urea
M2_03661,2026-07-20 06:32:01,15.62,6.71,3.869,2301,No,None
M2_03662,2026-07-20 06:32:57,14.31,6.86,3.794,2447,Yes,Sugar
M2_03663,2026-07-20 06:39:53,16.69,6.92,4.012,2356,No,None
M2_03664,2026-07-20 06:42:06,13.38,6.66,3.399,2148,Yes,Water
M2_03665,2026-07-20 07:05:28,25.0,6.75,5.204,2521,Yes,Urea
M2_03666,2026-07-20 07:06:35,2.38,6.92,1.857,1872,Yes,Water
M2_03667,2026-07-20 07:46:57,16.0,6.69,4.575,2775,Yes,Salt
M2_03668,2026-07-20 08:10:36,7.31,6.92,2.229,1772,Yes,Water
M2_03669,2026-07-20 08:24:12,25.06,6.82,4.508,2299,No,None
M2_03670,2026-07-20 08:45:10,30.38,6.4,8.203,3667,Yes,Salt
M2_03671,2026-07-20 09:03:25,27.69,6.64,5.028,2517,Yes,Salt
M2_03672,2026-07-20 09:04:25,27.06,6.82,3.762,1840,Yes,Water
M2_03673,2026-07-20 16:15:41,26.25,6.7,4.843,2358,Yes,Sugar
M2_03674,2026-07-20 16:16:34,9.5,6.82,2.449,2030,Yes,Water
M2_03675,2026-07-20 16:29:12,29.62,6.71,5.974,2689,No,None
M2_03676,2026-07-20 17:15:07,22.62,6.71,4.238,2107,No,None
M2_03677,2026-07-20 17:27:06,25.19,6.67,8.495,3841,Yes,Salt
M2_03678,2026-07-20 18:08:19,5.5,6.85,2.531,1995,No,None
M2_03679,2026-07-20 18:11:20,23.5,6.75,4.536,2606,Yes,Sugar
M2_03680,2026-07-20 18:13:00,24.81,6.96,4.833,2446,Yes,Urea
M2_03681,2026-07-20 18:47:12,28.31,6.7,4.339,2020,Yes,Water
M2_03682,2026-07-21 05:53:44,28.5,6.57,5.288,2456,No,None
M2_03683,2026-07-21 06:05:09,33.0,6.57,4.993,2303,Yes,Sugar
M2_03684,2026-07-21 06:23:38,18.25,6.92,3.83,2281,No,None
M2_03685,2026-07-21 06:42:51,31.19,6.51,6.023,2519,Yes,Salt
M2_03686,2026-07-21 07:04:15,36.56,6.53,5.089,1969,Yes,Sugar
M2_03687,2026-07-21 07:12:03,36.62,6.5,5.366,2286,No,None
M2_03688,2026-07-21 07:19:26,23.06,6.76,4.537,2227,Yes,Urea
M2_03689,2026-07-21 07:25:26,26.75,6.48,5.07,2532,Yes,Water
M2_03690,2026-07-21 07:32:06,16.31,6.95,3.142,1963,Yes,Sugar
M2_03691,2026-07-21 07:51:07,36.0,6.59,5.832,2380,Yes,Urea
M2_03692,2026-07-21 08:12:36,25.56,6.53,6.008,2804,Yes,Salt
M2_03693,2026-07-21 08:35:27,26.38,6.55,5.102,2272,Yes,Salt
M2_03694,2026-07-21 08:36:17,22.75,6.76,4.379,2388,Yes,Sugar
M2_03695,2026-07-21 08:37:51,21.38,6.77,4.371,2364,Yes,Water
M2_03696,2026-07-21 08:51:57,34.12,6.78,6.537,2521,Yes,Urea
M2_03697,2026-07-21 09:10:40,10.62,6.78,3.49,2600,No,None
M2_03698,2026-07-21 09:18:53,25.44,6.65,4.093,2033,No,None
M2_03699,2026-07-21 12:40:25,37.5,6.5,5.772,2435,No,None
M2_03700,2026-07-21 16:00:19,10.62,7.04,3.03,2231,Yes,Urea
M2_03701,2026-07-21 17:54:48,20.69,6.69,4.62,2502,No,None
M2_03702,2026-07-21 18:08:09,27.12,6.83,2.912,1549,Yes,Water
M2_03703,2026-07-21 19:18:20,26.5,6.67,4.835,2344,Yes,Urea
M2_03704,2026-07-21 19:26:31,25.31,6.68,4.876,2347,Yes,Salt
M2_03705,2026-07-22 05:38:45,22.0,6.68,4.526,2405,No,None
M2_03706,2026-07-22 06:04:22,25.31,7.0,4.734,2288,Yes,Urea
M2_03707,2026-07-22 06:13:22,25.94,6.7,2.966,1380,Yes,Water
M2_03708,2026-07-22 06:32:31,20.81,6.73,2.89,1374,Yes,Water
M2_03709,2026-07-22 06:59:14,26.88,6.73,3.476,1628,Yes,Water
M2_03710,2026-07-22 07:42:08,16.81,6.87,4.202,2850,Yes,Urea
M2_03711,2026-07-22 08:05:57,11.06,6.78,3.138,2433,No,None
M2_03712,2026-07-22 08:36:16,13.25,6.75,3.084,1970,No,None
M2_03713,2026-07-22 08:38:47,19.88,6.59,3.843,2275,No,None
M2_03714,2026-07-22 09:04:10,8.5,6.8,2.874,2026,Yes,Salt
M2_03715,2026-07-22 16:18:49,27.69,6.76,5.09,2230,No,None
M2_03716,2026-07-22 16:30:07,31.94,6.58,5.551,2588,No,None
M2_03717,2026-07-22 16:55:04,26.31,6.56,4.995,2480,No,None
M2_03718,2026-07-22 17:50:04,17.31,6.68,3.94,2142,Yes,Sugar
M2_03719,2026-07-22 18:22:37,27.62,6.78,5.163,2530,No,None
M2_03720,2026-07-22 18:41:45,26.38,6.62,4.904,2671,Yes,Sugar
M2_03721,2026-07-22 19:14:55,18.88,6.71,4.85,2688,Yes,Salt
M2_03722,2026-07-23 05:31:51,14.38,6.85,3.559,2252,Yes,Water
M2_03723,2026-07-23 06:14:49,33.69,6.56,5.761,2404,Yes,Urea
M2_03724,2026-07-23 07:11:19,9.75,6.75,3.025,2054,Yes,Salt
M2_03725,2026-07-23 07:45:08,24.81,6.67,5.149,2486,No,None
M2_03726,2026-07-23 07:46:49,8.5,6.54,2.391,1922,No,None
M2_03727,2026-07-23 07:49:41,25.38,6.6,4.504,2423,Yes,Sugar
M2_03728,2026-07-23 07:54:28,22.69,6.64,4.112,2225,No,None
M2_03729,2026-07-23 08:13:28,20.06,6.59,4.232,2437,No,None
M2_03730,2026-07-23 08:29:44,24.19,6.82,5.003,2448,No,None
M2_03731,2026-07-23 08:42:39,22.81,6.62,3.744,1958,Yes,Water
M2_03732,2026-07-23 08:43:25,26.94,6.63,4.816,2389,No,None
M2_03733,2026-07-23 09:28:09,16.94,7.12,4.243,2609,Yes,Urea
M2_03734,2026-07-23 17:16:53,15.69,6.77,3.831,2072,No,None
M2_03735,2026-07-23 17:42:43,28.31,6.58,5.434,2698,Yes,Salt
M2_03736,2026-07-23 18:17:18,26.75,6.77,5.067,2306,No,None
M2_03737,2026-07-23 18:32:44,7.75,6.77,2.884,2340,No,None
M2_03738,2026-07-23 18:51:37,24.0,6.46,4.843,2845,Yes,Sugar
M2_03739,2026-07-23 19:03:38,3.19,6.97,2.644,2415,No,None
M2_03740,2026-07-23 19:19:30,30.69,6.56,5.287,2366,No,None
M2_03741,2026-07-24 05:33:28,24.69,6.76,4.743,2350,Yes,Urea
M2_03742,2026-07-24 05:34:31,18.19,6.89,4.39,2592,Yes,Urea
M2_03743,2026-07-24 05:55:59,16.31,7.03,4.621,2966,Yes,Urea
M2_03744,2026-07-24 06:24:11,26.12,6.8,5.072,2767,Yes,Urea
M2_03745,2026-07-24 06:34:29,19.06,6.84,3.818,2401,Yes,Urea
M2_03746,2026-07-24 06:44:01,19.88,6.98,2.451,1359,Yes,Water
M2_03747,2026-07-24 07:12:28,14.62,6.71,2.89,1964,No,None
M2_03748,2026-07-24 07:27:13,32.12,6.56,6.986,2783,Yes,Salt
M2_03749,2026-07-24 08:04:49,30.75,6.54,5.092,2134,No,None
M2_03750,2026-07-24 08:18:45,26.75,6.81,4.468,2016,No,None
M2_03751,2026-07-24 08:34:04,21.25,6.77,4.641,2605,Yes,Urea
M2_03752,2026-07-24 08:54:07,30.12,6.72,6.986,2989,Yes,Salt
M2_03753,2026-07-24 08:56:47,35.38,6.61,5.509,2385,No,None
M2_03754,2026-07-24 09:09:06,23.38,6.7,4.32,2340,Yes,Sugar
M2_03755,2026-07-24 09:17:24,30.5,6.88,5.497,2400,Yes,Urea
M2_03756,2026-07-24 16:01:40,26.81,6.73,3.013,1291,Yes,Water
M2_03757,2026-07-24 16:06:31,21.5,6.72,4.443,2402,No,None
M2_03758,2026-07-24 16:08:16,9.69,6.85,2.304,1696,Yes,Water
M2_03759,2026-07-24 16:25:35,20.69,6.62,4.655,2669,No,None
M2_03760,2026-07-24 16:29:41,14.81,6.71,3.598,2346,No,None
M2_03761,2026-07-24 16:40:22,33.25,6.69,9.562,4256,Yes,Salt
M2_03762,2026-07-24 16:42:18,25.25,6.73,4.884,2421,No,None
M2_03763,2026-07-24 17:00:20,23.0,6.68,4.911,2752,Yes,Sugar
M2_03764,2026-07-24 17:39:33,11.62,6.73,4.022,2762,Yes,Salt
M2_03765,2026-07-24 18:14:49,27.5,6.72,5.556,2674,Yes,Urea
M2_03766,2026-07-24 19:20:05,25.19,6.67,6.462,3169,Yes,Salt
M2_03767,2026-07-24 20:01:29,25.88,6.5,4.694,2769,Yes,Sugar
M2_03768,2026-07-25 05:42:02,30.88,6.69,5.211,2266,Yes,Sugar
M2_03769,2026-07-25 06:59:36,37.44,6.43,5.771,2003,Yes,Water
M2_03770,2026-07-25 07:02:59,31.81,6.64,4.067,1985,Yes,Water
M2_03771,2026-07-25 07:21:53,5.62,6.93,2.243,1861,Yes,Sugar
M2_03772,2026-07-25 08:03:45,19.0,6.78,3.573,1935,Yes,Water
M2_03773,2026-07-25 08:11:03,23.94,6.61,4.11,2096,No,None
M2_03774,2026-07-25 08:35:31,11.88,6.7,3.422,2400,Yes,Sugar
M2_03775,2026-07-25 08:55:21,28.75,6.75,5.574,2344,Yes,Salt
M2_03776,2026-07-25 16:05:37,35.75,6.59,7.414,3049,Yes,Salt
M2_03777,2026-07-25 18:56:22,28.12,6.6,5.088,2477,No,None
M2_03778,2026-07-25 19:04:20,28.19,6.73,5.313,2672,Yes,Salt
M2_03779,2026-07-26 06:29:35,27.31,6.6,4.845,2363,No,None
M2_03780,2026-07-26 06:48:07,23.75,6.74,3.997,2034,No,None
M2_03781,2026-07-26 06:53:19,17.44,6.64,4.005,2414,Yes,Water
M2_03782,2026-07-26 07:01:13,11.19,6.89,2.578,1763,Yes,Water
M2_03783,2026-07-26 07:31:16,24.5,6.66,4.462,2250,Yes,Sugar
M2_03784,2026-07-26 07:51:38,24.94,6.73,4.392,2371,No,None
M2_03785,2026-07-26 07:57:59,12.75,6.76,2.71,1834,No,None
M2_03786,2026-07-26 08:00:56,18.12,6.77,5.051,2886,Yes,Salt
M2_03787,2026-07-26 08:05:09,20.56,6.76,4.094,2193,No,None
M2_03788,2026-07-26 08:37:37,28.25,6.78,4.444,2140,Yes,Sugar
M2_03789,2026-07-26 08:49:21,21.44,6.66,4.662,2629,No,None
M2_03790,2026-07-26 09:18:55,28.62,6.53,5.025,2471,No,None
M2_03791,2026-07-26 17:31:49,31.25,6.57,5.763,2710,No,None
M2_03792,2026-07-26 17:42:58,11.69,6.74,3.132,2107,Yes,Sugar
M2_03793,2026-07-26 17:46:12,21.06,6.84,4.774,2692,Yes,Sugar
M2_03794,2026-07-26 18:08:30,22.56,6.5,4.74,2506,Yes,Salt
M2_03795,2026-07-26 19:18:28,39.44,6.52,5.764,2247,Yes,Water
M2_03796,2026-07-27 02:57:27,13.5,6.87,3.529,2337,No,None
M2_03797,2026-07-27 04:24:25,25.69,6.62,4.22,2180,Yes,Water
M2_03798,2026-07-27 06:07:49,15.38,7.02,2.71,1762,Yes,Water
M2_03799,2026-07-27 06:36:35,22.56,6.79,4.115,2574,Yes,Sugar
M2_03800,2026-07-27 06:47:41,38.31,6.57,5.221,1892,Yes,Water
M2_03801,2026-07-27 06:52:23,38.81,6.44,6.733,2516,No,None
M2_03802,2026-07-27 07:01:41,22.81,6.79,5.002,2535,No,None
M2_03803,2026-07-27 07:55:05,25.75,6.97,4.503,2371,Yes,Urea
M2_03804,2026-07-27 07:57:24,25.81,6.68,5.042,2480,Yes,Water
M2_03805,2026-07-27 08:34:21,27.94,6.7,5.016,2541,No,None
M2_03806,2026-07-27 08:35:10,27.88,6.63,4.385,2111,No,None
M2_03807,2026-07-27 09:02:28,21.44,6.73,4.394,2255,No,None
M2_03808,2026-07-27 09:03:02,23.88,6.64,4.86,2644,No,None
M2_03809,2026-07-27 09:17:03,35.31,6.56,7.012,2952,Yes,Salt
M2_03810,2026-07-27 09:20:42,15.81,6.63,3.289,2147,Yes,Sugar
M2_03811,2026-07-27 09:22:13,25.69,6.63,5.52,2711,Yes,Salt
M2_03812,2026-07-27 16:32:28,10.5,6.78,3.016,2155,No,None
M2_03813,2026-07-27 19:25:02,24.44,6.69,2.816,1515,Yes,Water
M2_03814,2026-07-28 05:36:46,26.5,6.77,4.246,2120,Yes,Water
M2_03815,2026-07-28 05:45:10,11.75,6.78,3.161,2299,Yes,Salt
M2_03816,2026-07-28 06:03:14,27.12,6.55,5.325,2543,No,None
M2_03817,2026-07-28 06:04:31,21.56,6.73,4.346,2247,No,None
M2_03818,2026-07-28 06:19:22,5.19,7.1,2.512,2065,Yes,Urea
M2_03819,2026-07-28 07:58:16,28.62,6.52,5.709,2752,Yes,Salt
M2_03820,2026-07-28 08:19:03,18.25,6.79,4.226,2568,Yes,Salt
M2_03821,2026-07-28 08:27:30,26.12,6.63,5.196,2814,No,None
M2_03822,2026-07-28 08:34:17,24.56,6.82,4.126,2289,Yes,Sugar
M2_03823,2026-07-28 08:47:51,28.38,6.76,5.177,2517,Yes,Urea
M2_03824,2026-07-28 08:59:46,11.06,6.79,3.31,2244,No,None
M2_03825,2026-07-28 09:06:34,28.25,6.81,4.716,2296,Yes,Urea
M2_03826,2026-07-28 16:42:29,22.88,6.71,4.013,2418,No,None
M2_03827,2026-07-28 17:00:21,34.12,6.7,5.779,2324,No,None
M2_03828,2026-07-28 17:47:06,33.12,6.58,5.295,2236,No,None
M2_03829,2026-07-28 18:08:45,37.75,6.58,5.573,2164,Yes,Water
M2_03830,2026-07-28 18:22:11,7.81,6.84,3.054,2522,No,None
M2_03831,2026-07-28 18:55:52,27.38,6.49,3.854,2118,Yes,Sugar
M2_03832,2026-07-29 05:35:20,28.38,6.59,5.134,2380,No,None
M2_03833,2026-07-29 05:52:19,38.0,6.56,5.266,2281,No,None
M2_03834,2026-07-29 06:04:14,19.81,6.87,3.766,2199,Yes,Urea
M2_03835,2026-07-29 06:13:20,38.88,6.57,5.963,2545,No,None
M2_03836,2026-07-29 06:23:18,15.06,6.84,3.442,2114,No,None
M2_03837,2026-07-29 06:25:11,36.38,6.55,5.974,2402,No,None
M2_03838,2026-07-29 07:47:25,10.19,6.86,2.967,2233,No,None
M2_03839,2026-07-29 08:00:48,31.75,6.74,6.851,3159,Yes,Water
M2_03840,2026-07-29 08:28:04,18.12,6.89,3.655,1989,No,None
M2_03841,2026-07-29 08:49:29,18.0,6.61,4.058,2163,No,None
M2_03842,2026-07-29 09:08:03,36.44,6.44,5.206,2178,Yes,Urea
M2_03843,2026-07-29 09:15:01,10.12,6.78,3.519,2383,No,None
M2_03844,2026-07-29 09:21:12,33.0,6.52,5.777,2579,Yes,Sugar
M2_03845,2026-07-29 12:21:20,15.0,6.84,2.466,1715,Yes,Water
M2_03846,2026-07-29 16:36:34,3.94,6.87,2.087,1853,No,None
M2_03847,2026-07-29 16:50:33,15.62,6.7,4.561,2727,Yes,Salt
M2_03848,2026-07-29 18:22:38,12.62,6.95,3.401,2426,No,None
M2_03849,2026-07-29 18:30:40,24.81,6.57,5.013,2494,Yes,Sugar
M2_03850,2026-07-29 19:16:15,28.25,6.7,5.19,2459,Yes,Sugar
M2_03851,2026-07-29 19:17:08,23.88,6.65,4.949,2379,No,None
M2_03852,2026-07-29 19:25:07,23.12,6.7,4.311,2333,Yes,Water
M2_03853,2026-07-30 05:35:17,22.0,6.65,4.301,2196,No,None
M2_03854,2026-07-30 05:38:43,33.38,6.62,7.154,3434,Yes,Salt
M2_03855,2026-07-30 05:38:50,27.0,6.58,4.671,2435,No,None
M2_03856,2026-07-30 06:06:29,26.56,6.66,4.337,2104,Yes,Water
M2_03857,2026-07-30 06:27:09,31.94,6.6,6.665,2888,Yes,Salt
M2_03858,2026-07-30 07:23:00,28.38,6.64,9.152,4119,Yes,Salt
M2_03859,2026-07-30 07:47:31,20.5,6.81,4.131,2403,No,None
M2_03860,2026-07-30 07:56:12,28.44,6.52,4.724,2378,Yes,Sugar
M2_03861,2026-07-30 08:32:41,30.19,6.33,10.225,4776,Yes,Salt
M2_03862,2026-07-30 08:54:02,19.44,6.85,3.689,2010,No,None
M2_03863,2026-07-30 16:28:17,9.75,6.96,3.008,2170,No,None
M2_03864,2026-07-30 17:14:46,21.5,6.8,4.243,2356,Yes,Urea
M2_03865,2026-07-30 18:35:06,26.31,6.68,4.292,2319,No,None
M2_03866,2026-07-31 05:40:20,39.75,6.58,4.98,1671,Yes,Water
M2_03867,2026-07-31 05:43:21,30.38,6.68,5.181,2236,No,None
M2_03868,2026-07-31 05:56:37,26.25,6.68,4.07,2019,No,None
M2_03869,2026-07-31 06:30:53,28.06,6.55,4.888,2415,No,None
M2_03870,2026-07-31 06:54:44,22.06,6.53,4.92,2534,Yes,Sugar
M2_03871,2026-07-31 07:03:55,19.69,6.71,2.816,1552,Yes,Water
M2_03872,2026-07-31 07:17:45,22.5,6.97,4.424,2116,Yes,Urea
M2_03873,2026-07-31 07:32:24,12.81,6.98,3.453,2340,No,None
M2_03874,2026-07-31 07:36:32,32.06,6.63,10.441,4168,Yes,Salt
M2_03875,2026-07-31 07:54:40,30.44,6.55,5.402,2624,No,None
M2_03876,2026-07-31 08:48:08,18.75,6.84,4.583,2758,No,None
M2_03877,2026-07-31 08:49:33,14.25,6.75,5.114,2832,Yes,Salt
M2_03878,2026-07-31 15:14:24,30.38,6.49,5.053,2193,No,None
M2_03879,2026-07-31 16:57:58,21.94,6.71,4.662,2527,Yes,Salt
M2_03880,2026-07-31 17:47:18,6.94,6.92,2.123,1653,Yes,Water
M2_03881,2026-07-31 17:51:21,10.88,6.96,2.858,2079,Yes,Urea
M2_03882,2026-07-31 18:41:37,11.56,6.77,3.121,2159,No,None
M2_03883,2026-07-31 19:06:56,29.19,6.69,4.886,2366,Yes,Water
M2_03884,2026-07-31 19:16:48,29.75,6.56,5.051,2303,No,None
M2_03885,2026-07-31 19:29:33,16.0,6.78,4.248,2553,No,None
M2_03886,2026-08-01 05:39:18,4.44,7.14,1.443,1223,Yes,Water
M2_03887,2026-08-01 05:46:12,19.56,6.75,4.148,2354,Yes,Urea
M2_03888,2026-08-01 05:59:37,8.44,6.84,3.069,2044,No,None
M2_03889,2026-08-01 06:50:03,15.56,6.75,3.841,2600,Yes,Salt
M2_03890,2026-08-01 07:08:21,24.25,6.78,4.169,2289,Yes,Sugar
M2_03891,2026-08-01 07:26:11,26.88,6.84,3.166,1580,Yes,Water
M2_03892,2026-08-01 07:49:00,10.69,6.91,2.873,1936,No,None
M2_03893,2026-08-01 08:37:19,23.88,6.67,4.644,2286,No,None
M2_03894,2026-08-01 09:03:25,16.25,6.7,4.509,2538,No,None
M2_03895,2026-08-01 09:10:22,25.69,6.75,5.059,2356,No,None
M2_03896,2026-08-01 09:13:02,28.69,6.84,4.807,2125,Yes,Urea
M2_03897,2026-08-01 16:20:53,35.56,6.7,5.71,2333,Yes,Sugar
M2_03898,2026-08-01 16:50:31,15.94,6.78,3.89,2145,Yes,Urea
M2_03899,2026-08-01 17:16:40,30.88,6.49,5.212,2351,No,None
M2_03900,2026-08-01 17:47:33,18.06,6.65,3.968,2342,Yes,Sugar
M2_03901,2026-08-01 18:02:16,11.62,6.89,3.271,2251,No,None
M2_03902,2026-08-01 18:46:15,35.31,6.49,7.959,3206,Yes,Salt
M2_03903,2026-08-01 18:46:16,37.94,6.37,5.691,2061,No,None
M2_03904,2026-08-01 19:10:24,27.44,6.71,5.07,2494,Yes,Water
M2_03905,2026-08-02 00:16:23,35.19,6.78,6.569,2442,Yes,Urea
M2_03906,2026-08-02 05:40:02,27.81,6.54,5.874,2779,Yes,Salt
M2_03907,2026-08-02 05:40:38,29.69,6.77,4.628,2090,Yes,Water
M2_03908,2026-08-02 05:47:33,30.31,6.56,4.873,2117,Yes,Sugar
M2_03909,2026-08-02 05:50:09,34.88,6.55,5.703,2352,No,None
M2_03910,2026-08-02 05:51:22,22.19,6.69,3.966,2259,Yes,Urea
M2_03911,2026-08-02 05:55:56,17.62,6.86,3.374,2022,Yes,Water
M2_03912,2026-08-02 07:06:03,21.31,6.79,4.337,2366,No,None
M2_03913,2026-08-02 07:47:45,27.81,6.78,5.495,2632,No,None
M2_03914,2026-08-02 08:25:18,14.06,6.75,3.644,2401,No,None
M2_03915,2026-08-02 08:35:32,27.0,6.57,4.742,2417,Yes,Sugar
M2_03916,2026-08-02 08:42:24,14.69,6.7,3.824,2454,No,None
M2_03917,2026-08-02 08:58:45,14.75,6.8,3.529,2197,No,None
M2_03918,2026-08-02 08:58:51,30.31,6.85,4.191,1752,Yes,Water
M2_03919,2026-08-02 09:07:57,33.88,6.53,6.075,2503,Yes,Sugar
M2_03920,2026-08-02 09:18:48,27.12,6.73,4.407,2223,Yes,Water
M2_03921,2026-08-02 16:11:04,24.62,6.82,3.567,1832,Yes,Water
M2_03922,2026-08-02 16:38:58,22.19,6.67,4.411,2444,Yes,Water
M2_03923,2026-08-02 16:52:51,12.94,6.77,3.281,2326,Yes,Sugar
M2_03924,2026-08-02 17:58:20,39.88,6.75,6.852,2608,Yes,Urea
M2_03925,2026-08-02 17:59:13,16.12,6.78,3.59,2207,No,None
M2_03926,2026-08-02 18:20:52,19.25,6.79,3.985,2363,Yes,Sugar
M2_03927,2026-08-02 19:17:15,25.06,6.84,4.095,2101,No,None
M2_03928,2026-08-03 00:21:34,9.88,6.88,2.952,2098,Yes,Urea
M2_03929,2026-08-03 06:29:58,10.12,6.78,3.04,2326,No,None
M2_03930,2026-08-03 06:38:16,13.75,6.81,4.569,2969,Yes,Salt
M2_03931,2026-08-03 06:59:34,28.62,6.63,5.651,2679,No,None
M2_03932,2026-08-03 06:59:34,14.81,6.72,4.943,2857,Yes,Salt
M2_03933,2026-08-03 07:04:18,35.38,6.55,5.295,2414,Yes,Water
M2_03934,2026-08-03 07:06:17,14.56,6.75,3.577,2185,No,None
M2_03935,2026-08-03 07:11:09,5.31,6.7,2.212,1674,No,None
M2_03936,2026-08-03 07:32:26,31.81,6.59,5.476,2436,Yes,Sugar
M2_03937,2026-08-03 07:40:09,14.75,6.63,3.271,2043,No,None
M2_03938,2026-08-03 07:41:18,34.38,6.63,5.478,2255,Yes,Water
M2_03939,2026-08-03 07:52:49,32.62,6.47,5.803,2667,Yes,Sugar
M2_03940,2026-08-03 08:17:17,5.5,6.74,2.233,1845,No,None
M2_03941,2026-08-03 08:34:09,29.5,6.92,5.41,2564,Yes,Urea
M2_03942,2026-08-03 08:44:39,22.5,6.86,4.047,2335,No,None
M2_03943,2026-08-03 08:46:00,29.12,6.68,4.886,2190,No,None
M2_03944,2026-08-03 09:28:59,14.19,6.85,2.703,1780,Yes,Water
M2_03945,2026-08-03 16:12:13,35.62,6.7,5.349,2272,Yes,Sugar
M2_03946,2026-08-03 16:33:22,20.25,6.8,3.478,1863,Yes,Water
M2_03947,2026-08-03 16:59:36,11.5,6.68,5.114,3901,Yes,Salt
M2_03948,2026-08-03 17:04:01,27.62,6.79,4.942,2355,No,None
M2_03949,2026-08-03 17:28:27,32.0,6.66,5.375,2478,Yes,Water
M2_03950,2026-08-03 17:36:52,24.94,6.52,5.263,2495,No,None
M2_03951,2026-08-03 18:05:59,19.69,6.56,4.849,2800,Yes,Salt
M2_03952,2026-08-03 18:13:48,28.06,6.7,3.51,1618,Yes,Water
M2_03953,2026-08-03 18:42:58,27.38,6.59,5.584,2499,Yes,Salt
M2_03954,2026-08-04 05:55:25,35.56,6.45,7.923,3382,No,None
M2_03955,2026-08-04 06:06:36,18.75,6.84,2.964,1767,Yes,Water
M2_03956,2026-08-04 06:06:37,23.19,6.7,4.409,2372,Yes,Water
M2_03957,2026-08-04 06:56:56,33.81,6.44,9.918,3869,Yes,Salt
M2_03958,2026-08-04 07:52:54,29.0,6.56,5.008,2287,Yes,Urea
M2_03959,2026-08-04 08:19:19,5.44,6.89,2.108,1859,Yes,Sugar
M2_03960,2026-08-04 08:39:53,24.25,6.62,5.892,3034,Yes,Salt
M2_03961,2026-08-04 08:43:15,27.12,6.92,5.111,2340,Yes,Urea
M2_03962,2026-08-04 08:52:57,27.62,6.58,4.864,2283,No,None
M2_03963,2026-08-04 09:19:23,14.94,6.69,3.212,2161,Yes,Sugar
M2_03964,2026-08-04 09:26:07,8.31,7.02,2.706,1997,Yes,Urea
M2_03965,2026-08-04 09:27:30,17.75,6.86,4.118,2490,Yes,Urea
M2_03966,2026-08-04 16:58:55,16.56,6.65,2.576,1776,Yes,Water
M2_03967,2026-08-04 17:09:50,10.25,6.85,2.793,2035,Yes,Sugar
M2_03968,2026-08-04 17:46:12,21.81,6.74,6.193,3387,Yes,Salt
M2_03969,2026-08-04 17:52:27,13.31,6.64,3.322,2019,No,None
M2_03970,2026-08-04 19:22:00,21.25,6.45,8.551,4743,Yes,Salt
M2_03971,2026-08-04 19:27:24,3.12,6.91,2.263,2095,No,None
M2_03972,2026-08-05 06:17:27,16.81,6.77,4.046,2256,Yes,Urea
M2_03973,2026-08-05 06:38:12,13.62,6.89,2.493,1644,Yes,Water
M2_03974,2026-08-05 06:57:42,19.25,6.75,3.869,2488,No,None
M2_03975,2026-08-05 07:02:23,21.94,6.7,4.907,2474,No,None
M2_03976,2026-08-05 07:32:59,30.38,6.85,5.4,2393,Yes,Urea
M2_03977,2026-08-05 07:35:44,26.62,6.78,4.657,2312,Yes,Urea
M2_03978,2026-08-05 07:37:06,12.69,6.91,3.522,2291,No,None
M2_03979,2026-08-05 07:48:38,25.0,6.66,6.372,2915,Yes,Salt
M2_03980,2026-08-05 08:51:49,30.25,6.59,6.06,2718,No,None
M2_03981,2026-08-05 08:55:10,14.19,6.53,3.484,2296,No,None
M2_03982,2026-08-05 09:16:32,21.31,6.61,3.783,1980,No,None
M2_03983,2026-08-05 09:25:09,29.38,6.61,4.759,2143,No,None
M2_03984,2026-08-05 16:05:50,23.56,6.64,4.895,2286,No,None
M2_03985,2026-08-05 16:40:04,10.31,6.87,2.891,1943,No,None
M2_03986,2026-08-05 17:02:42,25.5,6.62,5.179,2801,Yes,Salt
M2_03987,2026-08-05 17:55:16,24.88,6.64,4.208,2166,No,None
M2_03988,2026-08-05 18:03:52,14.38,6.85,3.66,2306,Yes,Urea
M2_03989,2026-08-05 18:18:24,14.12,6.82,3.264,1928,Yes,Sugar
M2_03990,2026-08-05 19:24:38,33.94,6.6,5.804,2450,No,None
M2_03991,2026-08-05 19:25:51,2.94,6.85,1.999,1730,No,None
M2_03992,2026-08-06 05:55:18,27.19,6.88,6.846,3625,Yes,Urea
M2_03993,2026-08-06 06:08:46,29.06,6.6,4.957,2181,No,None
M2_03994,2026-08-06 06:10:48,27.62,6.62,4.776,2246,No,None
M2_03995,2026-08-06 06:24:51,10.44,6.78,3.133,2347,Yes,Sugar
M2_03996,2026-08-06 07:17:43,11.75,6.75,4.75,3191,Yes,Salt
M2_03997,2026-08-06 07:33:40,23.81,6.72,4.009,2127,Yes,Water
M2_03998,2026-08-06 08:32:51,14.06,6.6,3.488,2356,Yes,Sugar
M2_03999,2026-08-06 08:49:44,7.5,6.45,2.312,2056,Yes,Sugar
M2_04000,2026-08-06 09:06:29,5.81,6.85,1.335,1102,Yes,Water
M2_04001,2026-08-06 09:10:13,9.31,7.05,1.885,1362,Yes,Water
M2_04002,2026-08-06 14:28:49,33.38,6.54,5.715,2466,Yes,Urea
M2_04003,2026-08-06 16:42:48,13.88,6.8,3.402,2176,Yes,Urea
M2_04004,2026-08-06 17:00:56,33.81,6.67,4.479,1995,Yes,Water
M2_04005,2026-08-06 17:43:08,40.06,6.38,5.108,2127,Yes,Water
M2_04006,2026-08-06 17:55:22,6.38,6.99,2.464,2019,Yes,Urea
M2_04007,2026-08-06 17:59:56,28.38,6.43,4.859,2407,No,None
M2_04008,2026-08-07 06:04:16,23.0,6.55,4.527,2238,No,None
M2_04009,2026-08-07 06:05:31,32.38,6.75,4.847,2109,Yes,Water
M2_04010,2026-08-07 06:36:29,27.31,6.6,4.614,2149,Yes,Water
M2_04011,2026-08-07 06:43:37,19.69,6.63,5.683,3224,Yes,Salt
M2_04012,2026-08-07 08:31:38,24.44,6.58,4.613,2413,No,None
M2_04013,2026-08-07 08:42:19,23.81,6.74,4.811,2484,No,None
M2_04014,2026-08-07 09:10:57,19.06,6.85,3.091,1837,Yes,Water
M2_04015,2026-08-07 09:27:38,15.5,6.72,3.805,2488,No,None
M2_04016,2026-08-07 14:39:52,25.81,6.77,4.642,2301,Yes,Water
M2_04017,2026-08-07 16:20:42,18.0,6.84,5.189,3211,Yes,Salt
M2_04018,2026-08-07 19:12:16,17.94,6.74,3.639,2229,Yes,Sugar
M2_04019,2026-08-07 19:24:07,29.75,6.42,5.888,3040,Yes,Sugar
M2_04020,2026-08-07 19:28:01,9.69,7.17,2.613,1956,Yes,Urea
M2_04021,2026-08-08 06:10:08,27.38,6.88,6.665,3258,Yes,Urea
M2_04022,2026-08-08 07:06:23,30.75,6.78,6.613,3203,Yes,Sugar
M2_04023,2026-08-08 07:48:16,28.31,6.53,4.974,2492,Yes,Sugar
M2_04024,2026-08-08 07:51:42,15.38,6.92,3.257,2063,Yes,Water
M2_04025,2026-08-08 08:12:12,15.94,6.72,3.778,2064,Yes,Water
M2_04026,2026-08-08 08:12:50,3.25,6.97,2.002,1780,Yes,Sugar
M2_04027,2026-08-08 08:29:54,29.56,6.66,4.878,2074,No,None
M2_04028,2026-08-08 08:32:50,5.12,6.84,2.53,2362,Yes,Sugar
M2_04029,2026-08-08 08:38:20,30.62,6.92,5.44,2364,Yes,Urea
M2_04030,2026-08-08 08:52:46,9.44,6.72,2.741,2036,No,None
M2_04031,2026-08-08 16:40:55,20.06,6.79,3.915,2375,Yes,Urea
M2_04032,2026-08-08 18:46:14,28.5,6.68,6.166,2889,Yes,Salt
M2_04033,2026-08-08 19:01:29,5.88,6.97,2.691,1983,Yes,Salt
M2_04034,2026-08-08 19:28:52,25.44,6.9,3.979,1914,Yes,Water
M2_04035,2026-08-09 01:03:49,31.44,6.66,5.688,2165,No,None
M2_04036,2026-08-09 05:41:51,13.44,6.72,3.806,2343,No,None
M2_04037,2026-08-09 05:47:53,20.69,6.69,4.596,2600,Yes,Urea
M2_04038,2026-08-09 06:25:18,11.12,6.67,3.204,2124,No,None
M2_04039,2026-08-09 06:39:06,30.56,6.51,7.206,3236,Yes,Salt
M2_04040,2026-08-09 06:44:49,31.0,6.65,5.051,2802,Yes,Sugar
M2_04041,2026-08-09 07:04:54,31.62,6.69,5.076,2352,No,None
M2_04042,2026-08-09 07:27:55,26.94,6.64,4.906,2339,Yes,Urea
M2_04043,2026-08-09 08:10:44,9.12,6.82,2.767,2025,No,None
M2_04044,2026-08-09 08:20:42,21.12,6.7,4.096,2094,No,None
M2_04045,2026-08-09 08:21:01,17.5,6.75,3.727,2377,Yes,Sugar
M2_04046,2026-08-09 08:36:29,31.0,6.8,3.217,1382,Yes,Water
M2_04047,2026-08-09 08:51:29,13.56,6.82,3.446,2268,Yes,Sugar
M2_04048,2026-08-09 19:20:28,14.81,6.81,3.612,2305,Yes,Sugar
M2_04049,2026-08-10 05:50:53,4.62,6.8,1.941,1563,Yes,Sugar
M2_04050,2026-08-10 06:28:32,17.44,6.85,4.056,2593,Yes,Salt
M2_04051,2026-08-10 07:04:44,26.5,6.56,4.807,2347,No,None
M2_04052,2026-08-10 07:31:04,18.5,6.82,3.928,2253,Yes,Urea
M2_04053,2026-08-10 07:43:46,16.81,6.81,3.813,2163,No,None
M2_04054,2026-08-10 07:51:07,21.19,6.74,3.782,2420,Yes,Sugar
M2_04055,2026-08-10 08:01:35,23.56,6.75,4.835,2629,Yes,Urea
M2_04056,2026-08-10 08:25:18,30.19,6.72,5.581,2500,No,None
M2_04057,2026-08-10 08:39:47,29.44,6.6,5.186,2158,No,None
M2_04058,2026-08-10 08:42:26,7.5,6.82,2.951,2284,No,None
M2_04059,2026-08-10 08:42:40,27.62,6.61,5.196,2507,Yes,Urea
M2_04060,2026-08-10 09:01:08,28.69,6.66,4.688,2228,Yes,Sugar
M2_04061,2026-08-10 09:02:33,30.38,6.55,5.081,2139,No,None
M2_04062,2026-08-10 09:04:03,40.12,6.44,6.336,2476,No,None
M2_04063,2026-08-10 16:27:26,30.81,6.64,4.685,2185,No,None
M2_04064,2026-08-10 17:43:44,36.94,6.66,6.445,2705,No,None
M2_04065,2026-08-10 18:07:11,32.94,6.61,4.327,1901,Yes,Water
M2_04066,2026-08-10 18:07:41,40.31,6.65,5.944,2325,Yes,Urea
M2_04067,2026-08-10 18:13:18,32.19,6.68,6.063,2626,No,None
M2_04068,2026-08-10 18:24:57,28.44,6.68,4.995,2370,No,None
M2_04069,2026-08-11 06:27:24,28.75,6.57,6.187,3139,Yes,Salt
M2_04070,2026-08-11 06:33:49,19.44,6.85,4.87,2767,No,None
M2_04071,2026-08-11 06:45:58,25.62,6.73,4.73,1988,No,None
M2_04072,2026-08-11 06:53:15,40.0,6.64,6.475,2558,Yes,Sugar
M2_04073,2026-08-11 07:16:43,24.0,6.82,4.657,2297,Yes,Urea
M2_04074,2026-08-11 07:32:04,31.75,6.73,7.442,3273,Yes,Salt
M2_04075,2026-08-11 07:46:12,23.75,6.81,4.755,2583,No,None
M2_04076,2026-08-11 08:04:21,8.19,6.7,2.89,2123,Yes,Urea
M2_04077,2026-08-11 08:05:43,3.06,6.95,1.658,1471,Yes,Water
M2_04078,2026-08-11 08:06:02,9.81,6.78,3.227,2305,No,None
M2_04079,2026-08-11 09:02:48,33.69,6.93,6.429,2649,Yes,Water
M2_04080,2026-08-11 09:27:00,15.69,6.74,4.154,2198,Yes,Salt
M2_04081,2026-08-11 16:32:24,27.5,6.54,5.236,2431,Yes,Salt
M2_04082,2026-08-11 16:36:52,32.69,6.59,8.516,3897,Yes,Salt
M2_04083,2026-08-11 17:34:49,19.69,6.71,6.014,3551,Yes,Salt
M2_04084,2026-08-11 18:46:45,35.44,6.48,5.746,2458,No,None
M2_04085,2026-08-12 05:32:28,24.75,6.65,5.134,2848,Yes,Salt
M2_04086,2026-08-12 05:59:40,19.81,6.82,4.292,2466,Yes,Sugar
M2_04087,2026-08-12 06:27:12,28.75,6.6,4.751,2316,No,None
M2_04088,2026-08-12 06:46:07,20.94,6.67,4.261,2393,Yes,Water
M2_04089,2026-08-12 06:52:23,28.25,6.75,3.422,1560,Yes,Water
M2_04090,2026-08-12 07:15:53,12.38,6.72,3.573,2694,No,None
M2_04091,2026-08-12 07:27:15,37.94,6.59,6.095,2390,No,None
M2_04092,2026-08-12 07:31:35,17.56,6.87,4.543,2656,No,None
M2_04093,2026-08-12 07:34:43,28.25,6.72,4.948,2504,Yes,Urea
M2_04094,2026-08-12 07:38:57,10.75,6.62,3.484,2143,Yes,Sugar
M2_04095,2026-08-12 08:07:46,27.5,6.57,5.236,2443,No,None
M2_04096,2026-08-12 08:28:25,32.19,6.76,6.004,2733,No,None
M2_04097,2026-08-12 08:32:14,24.94,6.86,4.7,2127,Yes,Water
M2_04098,2026-08-12 09:12:48,16.75,6.86,3.815,2421,No,None
M2_04099,2026-08-12 18:10:06,27.69,6.83,5.39,2684,No,None
M2_04100,2026-08-12 18:11:30,18.69,6.61,3.614,2006,Yes,Urea
M2_04101,2026-08-12 18:32:10,21.94,6.71,2.446,1283,Yes,Water
M2_04102,2026-08-12 18:57:43,26.38,6.47,6.139,3044,Yes,Salt
M2_04103,2026-08-13 05:33:51,31.5,6.6,5.01,2258,No,None
M2_04104,2026-08-13 05:43:40,27.12,6.61,4.688,2237,Yes,Sugar
M2_04105,2026-08-13 05:59:50,21.94,6.91,3.125,1758,Yes,Water
M2_04106,2026-08-13 06:32:20,20.69,6.81,5.187,3225,Yes,Salt
M2_04107,2026-08-13 06:57:14,3.62,6.92,1.996,1950,Yes,Salt
M2_04108,2026-08-13 07:46:46,30.62,6.65,5.534,2401,No,None
M2_04109,2026-08-13 08:11:44,18.19,6.77,3.434,1914,Yes,Water
M2_04110,2026-08-13 08:14:56,26.0,6.73,5.118,2381,Yes,Urea
M2_04111,2026-08-13 08:31:23,23.75,7.11,4.602,2466,Yes,Urea
M2_04112,2026-08-13 08:37:28,21.31,6.73,5.839,3192,No,None
M2_04113,2026-08-13 08:40:05,3.0,6.9,1.895,1693,Yes,Urea
M2_04114,2026-08-13 16:22:41,25.94,6.79,4.79,2288,Yes,Salt
M2_04115,2026-08-13 16:44:12,24.44,6.7,5.217,2525,No,None
M2_04116,2026-08-13 17:31:24,38.25,6.75,4.928,1895,Yes,Water
M2_04117,2026-08-13 17:40:49,13.0,6.77,3.357,1855,Yes,Urea
M2_04118,2026-08-14 04:02:40,13.75,6.73,3.499,2545,Yes,Sugar
M2_04119,2026-08-14 05:39:34,9.94,6.56,2.927,2093,No,None
M2_04120,2026-08-14 06:23:59,25.06,6.6,6.352,3221,Yes,Salt
M2_04121,2026-08-14 07:03:41,21.56,6.64,4.184,2269,No,None
M2_04122,2026-08-14 07:10:41,15.88,7.0,4.8,2606,Yes,Urea
M2_04123,2026-08-14 07:11:30,5.56,6.96,2.388,2192,Yes,Urea
M2_04124,2026-08-14 07:45:38,34.94,6.55,5.175,2181,Yes,Water
M2_04125,2026-08-14 07:52:30,25.44,6.64,4.661,2520,No,None
M2_04126,2026-08-14 08:08:09,28.81,6.64,5.083,2672,Yes,Sugar
M2_04127,2026-08-14 17:33:31,28.88,6.42,4.938,2284,No,None
M2_04128,2026-08-14 18:03:44,23.5,6.88,2.505,1379,Yes,Water
M2_04129,2026-08-14 18:38:11,29.62,6.78,4.743,2207,No,None
M2_04130,2026-08-14 18:49:07,26.56,6.89,4.896,2229,Yes,Urea
M2_04131,2026-08-14 18:49:51,28.12,6.63,5.381,2553,No,None
M2_04132,2026-08-14 19:28:43,19.44,6.76,4.002,2422,No,None
M2_04133,2026-08-15 05:32:14,17.75,6.89,3.584,2153,Yes,Sugar
M2_04134,2026-08-15 05:37:06,15.19,6.96,3.85,2339,No,None
M2_04135,2026-08-15 05:45:00,29.19,6.81,5.186,2279,No,None
M2_04136,2026-08-15 07:32:18,19.44,6.69,3.211,2051,Yes,Sugar
M2_04137,2026-08-15 07:36:52,22.81,6.62,4.527,2497,Yes,Sugar
M2_04138,2026-08-15 07:45:42,22.06,6.67,4.282,2415,No,None
M2_04139,2026-08-15 07:54:31,26.0,6.82,5.444,2671,No,None
M2_04140,2026-08-15 08:13:01,23.44,6.8,4.569,2211,Yes,Urea
M2_04141,2026-08-15 08:13:53,17.56,6.77,3.995,2518,No,None
M2_04142,2026-08-15 08:37:51,27.06,6.61,4.57,2407,Yes,Sugar
M2_04143,2026-08-15 09:20:34,28.62,6.54,5.737,2402,No,None
M2_04144,2026-08-15 10:58:47,23.5,6.91,3.189,1668,Yes,Water
M2_04145,2026-08-15 16:59:20,18.44,6.6,3.764,2134,No,None
M2_04146,2026-08-15 17:15:31,26.56,6.73,4.485,2231,Yes,Water
M2_04147,2026-08-15 18:17:15,18.94,6.76,3.785,2359,Yes,Sugar
M2_04148,2026-08-15 18:41:43,15.44,7.0,3.6,2404,Yes,Urea
M2_04149,2026-08-16 06:36:39,21.19,6.68,4.299,2359,Yes,Sugar
M2_04150,2026-08-16 06:55:13,31.38,6.73,4.529,2123,Yes,Water
M2_04151,2026-08-16 07:08:55,24.0,6.64,4.302,2311,Yes,Sugar
M2_04152,2026-08-16 07:22:30,27.19,6.66,6.751,3250,Yes,Salt
M2_04153,2026-08-16 07:34:52,25.25,6.52,4.881,2558,No,None
M2_04154,2026-08-16 07:45:08,12.69,6.75,4.679,2834,Yes,Salt
M2_04155,2026-08-16 07:56:18,21.25,6.83,3.926,2341,Yes,Urea
M2_04156,2026-08-16 08:14:51,32.19,6.57,4.729,2194,Yes,Water
M2_04157,2026-08-16 08:33:45,28.94,6.57,4.569,2197,No,None
M2_04158,2026-08-16 08:36:06,21.19,6.71,3.397,1964,Yes,Water
M2_04159,2026-08-16 08:39:37,5.06,6.91,1.543,1281,Yes,Water
M2_04160,2026-08-16 08:51:46,19.25,6.98,3.952,2369,Yes,Urea
M2_04161,2026-08-16 09:07:17,27.94,6.75,5.968,2765,Yes,Salt
M2_04162,2026-08-16 18:08:20,24.38,6.54,4.355,2270,No,None
M2_04163,2026-08-16 18:42:50,12.06,6.83,3.287,2301,Yes,Sugar
M2_04164,2026-08-17 05:36:09,23.5,6.72,5.349,2781,No,None
M2_04165,2026-08-17 05:40:28,25.38,6.44,4.934,2313,No,None
M2_04166,2026-08-17 06:00:25,12.25,6.79,3.21,1971,No,None
M2_04167,2026-08-17 06:47:22,31.44,6.59,5.364,2495,No,None
M2_04168,2026-08-17 07:01:56,29.31,6.57,5.301,2651,No,None
M2_04169,2026-08-17 07:50:54,27.62,6.84,3.343,1629,Yes,Water
M2_04170,2026-08-17 07:56:36,27.0,6.67,5.134,2276,Yes,Sugar
M2_04171,2026-08-17 09:03:17,14.75,6.91,3.757,2411,No,None
M2_04172,2026-08-17 17:06:17,12.0,6.76,2.456,1703,Yes,Water
M2_04173,2026-08-18 05:52:30,17.5,6.83,5.365,3019,Yes,Salt
M2_04174,2026-08-18 06:12:53,38.19,6.51,5.073,1976,Yes,Sugar
M2_04175,2026-08-18 06:14:10,18.62,6.76,4.567,2523,Yes,Salt
M2_04176,2026-08-18 06:26:52,35.94,6.54,5.694,2178,Yes,Water
M2_04177,2026-08-18 06:40:16,10.81,6.98,2.05,1252,Yes,Water
M2_04178,2026-08-18 06:54:41,19.94,6.73,4.541,2577,No,None
M2_04179,2026-08-18 07:15:09,21.25,6.7,4.593,2451,No,None
M2_04180,2026-08-18 08:03:25,24.56,6.65,6.099,3056,Yes,Salt
M2_04181,2026-08-18 08:21:02,25.56,6.54,4.966,2571,Yes,Sugar
M2_04182,2026-08-18 09:05:26,36.06,6.5,5.443,2301,Yes,Water
M2_04183,2026-08-18 09:40:40,17.88,6.69,3.719,2312,Yes,Sugar
M2_04184,2026-08-18 16:11:03,27.81,6.85,4.991,2340,Yes,Urea
M2_04185,2026-08-18 16:35:00,27.81,6.45,4.654,2086,No,None
M2_04186,2026-08-18 17:50:14,8.06,6.81,2.907,2167,Yes,Sugar
M2_04187,2026-08-18 17:53:58,29.81,6.7,5.235,2430,No,None
M2_04188,2026-08-18 19:14:51,28.5,6.44,5.605,2667,Yes,Sugar
M2_04189,2026-08-19 05:42:14,31.19,6.99,5.711,2511,Yes,Urea
M2_04190,2026-08-19 05:54:53,17.12,6.79,3.512,2257,No,None
M2_04191,2026-08-19 06:29:16,12.5,6.72,3.896,2970,Yes,Salt
M2_04192,2026-08-19 06:35:17,19.0,6.9,4.062,2278,Yes,Urea
M2_04193,2026-08-19 06:41:21,4.75,7.24,2.428,2039,Yes,Urea
M2_04194,2026-08-19 06:41:43,6.94,7.03,1.969,1611,Yes,Water
M2_04195,2026-08-19 07:32:25,14.0,6.8,3.59,2290,No,None
M2_04196,2026-08-19 07:44:59,29.56,6.67,5.061,2588,No,None
M2_04197,2026-08-19 07:47:03,24.81,6.68,4.769,2517,Yes,Sugar
M2_04198,2026-08-19 08:19:27,28.06,6.8,4.788,2298,No,None
M2_04199,2026-08-19 16:13:55,23.75,6.65,4.94,2350,No,None
M2_04200,2026-08-19 16:31:12,37.56,6.34,7.886,2951,No,None
M2_04201,2026-08-19 16:53:26,13.81,6.79,3.393,2441,Yes,Sugar
M2_04202,2026-08-19 18:14:15,9.38,7.01,1.538,1116,Yes,Water
M2_04203,2026-08-19 18:40:47,17.5,6.78,4.326,2514,Yes,Sugar
M2_04204,2026-08-19 18:44:36,18.81,6.85,4.014,2389,Yes,Sugar
M2_04205,2026-08-19 18:58:42,15.88,6.84,2.293,1378,Yes,Water
M2_04206,2026-08-20 06:22:18,3.12,6.91,2.199,2041,Yes,Water
M2_04207,2026-08-20 07:02:10,12.88,6.82,3.499,2341,Yes,Salt
M2_04208,2026-08-20 07:11:15,31.0,6.77,5.559,2523,No,None
M2_04209,2026-08-20 07:28:05,31.0,6.61,5.608,2379,No,None
M2_04210,2026-08-20 07:34:02,26.62,6.63,7.484,3652,Yes,Salt
M2_04211,2026-08-20 07:59:53,40.06,6.27,7.726,2709,Yes,Salt
M2_04212,2026-08-20 08:52:17,4.69,6.91,2.326,2082,Yes,Salt
M2_04213,2026-08-20 09:04:40,8.44,6.86,3.354,2420,Yes,Salt
M2_04214,2026-08-20 09:11:28,27.81,6.5,5.35,2534,No,None
M2_04215,2026-08-20 13:50:17,24.06,6.74,4.69,2311,No,None
M2_04216,2026-08-20 16:15:09,36.0,6.57,3.936,1642,Yes,Water
M2_04217,2026-08-20 16:23:24,16.31,6.76,4.264,2567,Yes,Urea
M2_04218,2026-08-20 16:36:02,26.56,6.91,6.374,3406,Yes,Urea
M2_04219,2026-08-20 16:38:29,19.69,6.66,4.255,2397,No,None
M2_04220,2026-08-20 16:44:50,21.69,6.64,3.556,1853,Yes,Water
M2_04221,2026-08-20 16:58:16,20.19,6.61,5.774,2935,Yes,Salt
M2_04222,2026-08-20 17:24:51,32.75,6.72,5.344,2282,No,None
M2_04223,2026-08-20 18:46:36,20.25,6.81,4.741,2839,Yes,Sugar
M2_04224,2026-08-20 23:01:45,31.19,6.59,5.606,2502,No,None
M2_04225,2026-08-21 04:47:33,21.88,6.88,4.791,2362,Yes,Urea
M2_04226,2026-08-21 06:04:14,16.06,6.81,3.719,2246,Yes,Sugar
M2_04227,2026-08-21 06:16:30,19.56,6.7,3.28,2071,Yes,Sugar
M2_04228,2026-08-21 06:16:30,5.69,6.9,2.264,1788,Yes,Urea
M2_04229,2026-08-21 06:19:33,24.62,6.7,5.436,2699,Yes,Salt
M2_04230,2026-08-21 06:27:55,26.0,6.54,5.36,2680,No,None
M2_04231,2026-08-21 06:44:42,24.38,6.99,3.98,2121,Yes,Urea
M2_04232,2026-08-21 06:47:53,26.19,6.71,3.927,2030,Yes,Water
M2_04233,2026-08-21 06:50:44,29.81,6.51,5.887,2531,No,None
M2_04234,2026-08-21 07:01:18,19.69,6.75,3.892,2194,No,None
M2_04235,2026-08-21 07:14:45,19.38,6.54,4.641,2735,No,None
M2_04236,2026-08-21 07:19:36,17.56,6.78,4.486,2739,No,None
M2_04237,2026-08-21 07:20:42,30.69,6.62,4.13,1824,Yes,Water
M2_04238,2026-08-21 07:41:24,14.31,6.9,3.747,2295,No,None
M2_04239,2026-08-21 08:14:21,33.0,6.58,4.531,2023,Yes,Sugar
M2_04240,2026-08-21 08:21:05,36.0,6.51,9.721,4030,Yes,Salt
M2_04241,2026-08-21 09:19:50,7.94,6.96,2.567,1883,Yes,Water
M2_04242,2026-08-21 16:03:49,13.81,6.79,3.519,2281,Yes,Sugar
M2_04243,2026-08-21 16:03:51,14.25,6.95,3.532,2358,Yes,Urea
M2_04244,2026-08-21 16:48:43,32.5,6.63,5.012,2140,No,None
M2_04245,2026-08-21 17:31:22,30.81,6.61,3.615,1603,Yes,Water
M2_04246,2026-08-21 17:33:46,26.5,6.88,3.776,1833,Yes,Water
M2_04247,2026-08-21 18:49:51,32.0,6.73,5.314,2435,Yes,Urea
M2_04248,2026-08-22 01:48:58,21.25,6.96,4.431,2334,No,None
M2_04249,2026-08-22 05:43:50,8.19,6.74,2.364,1877,No,None
M2_04250,2026-08-22 05:46:36,26.25,6.79,5.119,2522,Yes,Water
M2_04251,2026-08-22 06:16:35,32.56,6.72,4.627,1965,Yes,Water
M2_04252,2026-08-22 06:18:03,5.69,6.97,2.275,2105,Yes,Sugar
M2_04253,2026-08-22 06:24:11,22.81,6.72,4.146,2207,Yes,Water
M2_04254,2026-08-22 06:53:08,25.0,6.63,7.057,3330,Yes,Salt
M2_04255,2026-08-22 06:54:02,20.12,6.56,4.495,2463,Yes,Urea
M2_04256,2026-08-22 06:56:09,7.25,6.95,2.608,1871,Yes,Water
M2_04257,2026-08-22 07:33:40,25.56,6.6,4.754,2718,No,None
M2_04258,2026-08-22 08:00:48,3.38,6.81,1.799,1462,Yes,Water
M2_04259,2026-08-22 08:11:23,26.75,6.7,4.473,2171,No,None
M2_04260,2026-08-22 08:13:41,28.81,6.71,4.808,2097,No,None
M2_04261,2026-08-22 08:26:55,34.94,6.53,6.469,2471,No,None
M2_04262,2026-08-22 08:47:24,31.69,6.69,5.302,2554,Yes,Water
M2_04263,2026-08-22 08:53:54,35.81,6.66,5.574,2307,Yes,Water
M2_04264,2026-08-22 08:56:41,20.75,6.81,4.119,2228,Yes,Water
M2_04265,2026-08-22 09:13:51,14.62,6.72,3.328,2289,Yes,Sugar
M2_04266,2026-08-22 17:37:06,32.75,6.67,4.522,2055,Yes,Water
M2_04267,2026-08-22 18:08:48,18.94,6.57,4.536,2606,No,None
M2_04268,2026-08-22 18:14:25,29.0,6.56,5.391,2640,No,None
M2_04269,2026-08-22 18:19:48,8.81,6.89,4.037,2705,Yes,Salt
M2_04270,2026-08-22 18:53:12,30.75,6.6,4.351,1861,Yes,Water
M2_04271,2026-08-22 19:05:30,31.75,6.7,5.898,2545,No,None
M2_04272,2026-08-23 05:42:51,28.0,6.67,4.969,2451,Yes,Urea
M2_04273,2026-08-23 05:54:49,25.69,6.65,4.963,2478,No,None
M2_04274,2026-08-23 06:13:15,20.31,6.84,3.749,2085,No,None
M2_04275,2026-08-23 06:53:46,31.62,6.31,7.029,3251,Yes,Salt
M2_04276,2026-08-23 07:00:30,31.25,6.7,5.468,2526,Yes,Urea
M2_04277,2026-08-23 07:03:26,30.38,6.64,5.693,2713,Yes,Salt
M2_04278,2026-08-23 07:13:08,37.88,6.64,6.832,2821,Yes,Urea
M2_04279,2026-08-23 07:26:19,15.19,6.68,3.579,2025,No,None
M2_04280,2026-08-23 07:28:26,27.44,6.57,4.811,2338,No,None
M2_04281,2026-08-23 07:38:45,39.94,7.03,6.393,2633,Yes,Urea
M2_04282,2026-08-23 08:00:01,26.44,6.63,6.469,3414,Yes,Salt
M2_04283,2026-08-23 08:55:10,16.81,6.86,3.696,2246,No,None
M2_04284,2026-08-23 09:26:31,25.25,6.58,5.214,2623,Yes,Salt
M2_04285,2026-08-23 16:15:52,14.5,6.66,3.001,1802,Yes,Water
M2_04286,2026-08-23 16:44:49,17.62,6.53,4.111,2459,No,None
M2_04287,2026-08-24 06:31:20,34.81,6.52,5.84,2324,Yes,Water
M2_04288,2026-08-24 06:49:37,29.38,6.74,4.233,2148,Yes,Sugar
M2_04289,2026-08-24 07:20:36,10.81,6.93,3.097,2386,No,None
M2_04290,2026-08-24 07:21:55,26.75,6.54,5.025,2496,Yes,Urea
M2_04291,2026-08-24 07:23:29,35.88,6.87,6.828,2967,Yes,Urea
M2_04292,2026-08-24 07:53:36,28.75,6.55,5.889,2763,No,None
M2_04293,2026-08-24 08:09:54,21.44,6.78,5.414,3121,Yes,Sugar
M2_04294,2026-08-24 08:10:43,11.5,6.84,3.817,2653,Yes,Urea
M2_04295,2026-08-24 08:15:13,10.0,6.66,2.984,2123,No,None
M2_04296,2026-08-24 08:16:31,26.56,6.54,4.523,2274,No,None
M2_04297,2026-08-24 08:25:00,36.31,6.69,6.259,2438,No,None
M2_04298,2026-08-24 16:17:03,25.25,6.73,5.449,2782,No,None
M2_04299,2026-08-24 16:46:27,22.75,6.86,4.73,2533,Yes,Urea
M2_04300,2026-08-24 16:56:16,39.81,6.63,3.796,1357,Yes,Water
M2_04301,2026-08-24 17:56:51,24.31,6.58,5.174,2687,Yes,Salt
M2_04302,2026-08-24 18:30:23,33.31,6.65,5.258,2369,No,None
M2_04303,2026-08-24 19:10:42,10.5,6.77,2.789,2117,Yes,Urea
M2_04304,2026-08-25 03:49:35,31.5,6.68,5.276,2312,Yes,Urea
M2_04305,2026-08-25 05:35:36,28.81,6.5,6.75,3353,Yes,Salt
M2_04306,2026-08-25 05:50:01,36.62,6.6,6.03,2647,Yes,Water
M2_04307,2026-08-25 05:53:36,28.56,6.59,5.269,2441,No,None
M2_04308,2026-08-25 06:07:53,25.81,6.78,4.1,1901,Yes,Water
M2_04309,2026-08-25 06:10:39,11.88,6.77,3.674,2305,No,None
M2_04310,2026-08-25 06:18:26,28.62,6.52,4.384,2423,Yes,Sugar
M2_04311,2026-08-25 06:27:18,19.5,6.81,3.066,1927,Yes,Sugar
M2_04312,2026-08-25 06:29:39,39.12,6.5,6.279,2598,No,None
M2_04313,2026-08-25 06:41:37,15.44,6.84,3.423,2188,Yes,Water
M2_04314,2026-08-25 06:58:31,22.38,6.67,3.958,2153,Yes,Water
M2_04315,2026-08-25 07:16:24,27.75,6.81,5.279,2544,Yes,Sugar
M2_04316,2026-08-25 07:27:21,39.0,6.57,6.26,2390,No,None
M2_04317,2026-08-25 07:54:43,14.94,6.9,3.573,2103,Yes,Urea
M2_04318,2026-08-25 08:09:44,19.25,6.73,3.928,2310,No,None
M2_04319,2026-08-25 08:20:00,24.12,6.48,4.535,2270,No,None
M2_04320,2026-08-25 08:22:39,21.06,6.83,4.449,2408,No,None
M2_04321,2026-08-25 08:26:46,38.88,6.61,4.148,1568,Yes,Water
M2_04322,2026-08-25 08:36:10,21.31,6.74,4.606,2749,Yes,Sugar
M2_04323,2026-08-25 08:59:55,27.12,6.7,4.187,1968,Yes,Water
M2_04324,2026-08-25 09:22:55,20.75,6.71,8.989,4579,Yes,Salt
M2_04325,2026-08-25 09:28:10,22.5,6.62,4.851,2451,No,None
M2_04326,2026-08-25 12:17:01,17.94,6.94,4.221,2476,No,None
M2_04327,2026-08-25 16:30:33,21.38,6.8,4.596,2567,No,None
M2_04328,2026-08-25 16:37:25,39.0,6.6,4.371,1724,Yes,Water
M2_04329,2026-08-25 19:09:30,27.5,6.65,4.903,2235,Yes,Salt
M2_04330,2026-08-26 06:06:16,29.06,6.72,4.575,2344,Yes,Water
M2_04331,2026-08-26 06:25:46,16.12,6.77,3.799,2311,No,None
M2_04332,2026-08-26 06:48:03,36.69,6.66,5.965,2499,Yes,Water
M2_04333,2026-08-26 07:01:09,29.19,6.67,5.969,2761,No,None
M2_04334,2026-08-26 07:26:51,3.94,7.05,1.669,1397,Yes,Water
M2_04335,2026-08-26 07:52:12,22.88,6.74,5.59,2763,Yes,Urea
M2_04336,2026-08-26 16:23:55,14.06,6.77,3.526,2296,No,None
M2_04337,2026-08-26 16:27:16,21.56,6.85,4.118,2123,Yes,Water
M2_04338,2026-08-26 17:21:12,33.81,6.64,4.098,1791,Yes,Water
M2_04339,2026-08-27 05:14:37,25.12,6.84,4.603,2322,No,None
M2_04340,2026-08-27 05:51:55,17.06,6.83,3.651,2126,Yes,Urea
M2_04341,2026-08-27 06:16:43,19.69,6.82,4.14,2522,No,None
M2_04342,2026-08-27 07:22:41,29.69,6.7,4.775,2070,Yes,Water
M2_04343,2026-08-27 07:30:10,17.94,6.73,4.591,2653,No,None
M2_04344,2026-08-27 07:48:51,25.44,6.64,4.805,2379,No,None
M2_04345,2026-08-27 07:54:38,31.56,6.65,5.597,2451,No,None
M2_04346,2026-08-27 08:10:55,20.81,6.76,4.183,2680,Yes,Urea
M2_04347,2026-08-27 08:48:08,19.44,6.72,5.008,2897,No,None
M2_04348,2026-08-27 09:11:24,17.69,6.85,3.473,2017,No,None
M2_04349,2026-08-27 09:23:43,24.44,6.78,4.598,2312,Yes,Urea
M2_04350,2026-08-27 15:05:45,39.19,6.47,6.206,2444,No,None
M2_04351,2026-08-27 16:07:54,13.5,6.85,3.505,2344,Yes,Urea
M2_04352,2026-08-27 16:41:40,24.25,6.84,4.754,2624,Yes,Sugar
M2_04353,2026-08-27 16:56:00,16.62,6.69,3.271,2046,Yes,Sugar
M2_04354,2026-08-27 16:59:54,33.81,6.54,6.119,2514,No,None
M2_04355,2026-08-27 17:26:14,28.88,6.63,3.809,1765,Yes,Water
M2_04356,2026-08-27 17:47:55,4.31,6.77,1.693,1430,Yes,Water
M2_04357,2026-08-27 18:05:14,18.31,6.83,4.943,2986,Yes,Salt
M2_04358,2026-08-27 18:14:15,35.5,6.84,5.969,2587,Yes,Urea
M2_04359,2026-08-27 18:33:26,35.19,6.53,5.857,2494,No,None
M2_04360,2026-08-27 18:49:52,24.19,6.66,3.937,1997,No,None
M2_04361,2026-08-27 19:21:39,13.69,6.91,3.11,2149,Yes,Water
M2_04362,2026-08-27 21:30:29,19.19,6.74,3.632,2185,Yes,Sugar
M2_04363,2026-08-28 01:57:27,34.06,6.59,5.999,2485,Yes,Water
M2_04364,2026-08-28 02:22:49,35.25,6.56,5.917,2567,No,None
M2_04365,2026-08-28 06:29:26,16.62,7.03,4.157,2485,Yes,Urea
M2_04366,2026-08-28 06:36:13,39.88,6.46,4.65,2155,Yes,Sugar
M2_04367,2026-08-28 06:54:17,20.62,6.86,4.079,2235,Yes,Urea
M2_04368,2026-08-28 07:16:51,32.38,6.72,6.509,3524,Yes,Salt
M2_04369,2026-08-28 07:35:27,16.19,6.85,3.437,2231,No,None
M2_04370,2026-08-28 07:40:16,31.0,6.55,5.147,2439,Yes,Sugar
M2_04371,2026-08-28 08:01:01,13.5,6.73,3.75,2506,No,None
M2_04372,2026-08-28 08:09:11,21.44,6.53,6.359,3406,Yes,Salt
M2_04373,2026-08-28 08:17:15,29.38,6.71,4.671,1932,Yes,Water
M2_04374,2026-08-28 08:41:30,19.81,6.66,4.17,2267,No,None
M2_04375,2026-08-28 09:21:20,15.0,6.55,4.029,2336,No,None
M2_04376,2026-08-28 17:00:56,12.06,7.03,3.758,2497,Yes,Urea
M2_04377,2026-08-28 17:04:02,23.69,6.61,4.501,2325,No,None
M2_04378,2026-08-28 17:06:25,11.5,6.74,3.282,2316,No,None
M2_04379,2026-08-28 18:03:43,19.5,6.74,3.877,2462,Yes,Sugar
M2_04380,2026-08-28 19:03:45,40.31,6.66,3.781,1422,Yes,Water
M2_04381,2026-08-29 06:09:31,23.38,6.74,4.27,2031,Yes,Water
M2_04382,2026-08-29 06:20:15,26.38,6.85,5.068,2453,No,None
M2_04383,2026-08-29 06:23:09,12.25,6.99,1.819,1278,Yes,Water
M2_04384,2026-08-29 06:28:32,28.81,6.74,5.259,2277,Yes,Urea
M2_04385,2026-08-29 06:38:06,21.06,6.83,4.378,2305,Yes,Urea
M2_04386,2026-08-29 06:53:28,26.88,6.77,4.416,2272,Yes,Urea
M2_04387,2026-08-29 07:14:15,32.12,6.7,5.082,2252,No,None
M2_04388,2026-08-29 07:32:33,25.31,6.59,7.519,4053,Yes,Salt
M2_04389,2026-08-29 07:36:51,29.94,6.74,5.647,2607,Yes,Salt
M2_04390,2026-08-29 07:58:03,31.88,6.89,5.004,2248,Yes,Sugar
M2_04391,2026-08-29 08:08:39,17.5,6.76,4.826,2683,No,None
M2_04392,2026-08-29 08:12:01,14.56,6.78,3.55,2126,No,None
M2_04393,2026-08-29 08:30:31,33.94,6.59,5.486,2225,No,None
M2_04394,2026-08-29 09:20:04,26.12,6.65,5.027,2693,No,None
M2_04395,2026-08-29 12:05:05,25.62,6.63,4.395,2337,Yes,Sugar
M2_04396,2026-08-29 16:03:31,29.56,6.56,10.564,4653,Yes,Salt
M2_04397,2026-08-29 17:05:18,22.75,6.77,4.369,2437,Yes,Salt
M2_04398,2026-08-29 18:17:08,6.62,6.84,2.719,2145,No,None
M2_04399,2026-08-29 18:41:48,17.94,6.75,3.977,2339,Yes,Urea
M2_04400,2026-08-29 18:59:13,32.38,6.81,5.774,2659,Yes,Urea
M2_04401,2026-08-29 19:13:13,20.06,7.01,4.43,2586,Yes,Urea
M2_04402,2026-08-30 06:07:47,13.75,6.73,3.412,2414,No,None
M2_04403,2026-08-30 06:29:40,8.5,6.83,2.684,2123,Yes,Sugar
M2_04404,2026-08-30 07:20:23,28.62,6.57,5.205,2433,No,None
M2_04405,2026-08-30 07:28:51,12.94,6.84,2.812,1814,Yes,Water
M2_04406,2026-08-30 08:23:03,35.19,6.6,6.201,2500,No,None
M2_04407,2026-08-30 08:24:20,10.81,6.63,3.302,2453,Yes,Sugar
M2_04408,2026-08-30 14:49:13,25.5,6.62,4.696,2360,Yes,Urea
M2_04409,2026-08-30 16:11:20,13.94,6.97,4.424,2796,Yes,Salt
M2_04410,2026-08-30 18:13:54,17.88,6.75,4.381,2619,No,None
M2_04411,2026-08-30 18:30:06,3.06,6.73,1.802,1542,No,None
M2_04412,2026-08-30 18:51:37,26.69,6.95,4.798,2519,No,None
M2_04413,2026-08-30 19:08:37,19.06,6.68,3.925,2071,Yes,Water
M2_04414,2026-08-30 19:18:27,31.19,6.69,6.715,3161,No,None
M2_04415,2026-08-31 01:37:24,25.81,6.71,5.016,2460,Yes,Sugar
M2_04416,2026-08-31 06:08:09,28.31,6.7,5.813,2707,No,None
M2_04417,2026-08-31 06:23:03,32.81,6.67,5.663,2523,Yes,Water
M2_04418,2026-08-31 06:31:01,32.06,6.62,4.953,2170,Yes,Sugar
M2_04419,2026-08-31 06:36:41,30.88,6.6,5.038,2311,Yes,Water
M2_04420,2026-08-31 06:39:05,24.25,6.6,4.891,2561,Yes,Sugar
M2_04421,2026-08-31 06:56:16,28.94,6.72,5.371,2648,No,None
M2_04422,2026-08-31 06:56:37,17.0,6.86,3.439,2081,No,None
M2_04423,2026-08-31 07:08:05,11.94,6.86,2.723,1905,Yes,Water
M2_04424,2026-08-31 07:17:18,31.75,6.82,6.072,2847,Yes,Salt
M2_04425,2026-08-31 07:39:41,30.94,6.68,5.797,2845,No,None
M2_04426,2026-08-31 08:00:50,29.75,6.66,5.583,2633,Yes,Urea
M2_04427,2026-08-31 08:21:27,28.75,6.67,5.386,2559,Yes,Salt
M2_04428,2026-08-31 08:24:13,21.25,6.82,4.365,2318,No,None
M2_04429,2026-08-31 09:12:02,26.19,6.62,4.723,2624,Yes,Urea
M2_04430,2026-08-31 09:19:32,26.12,6.71,5.507,2821,Yes,Salt
M2_04431,2026-08-31 09:20:43,27.06,6.45,5.775,2648,Yes,Salt
M2_04432,2026-08-31 16:11:34,29.38,6.57,4.242,1935,Yes,Water
M2_04433,2026-08-31 16:21:56,15.94,6.87,4.641,2599,No,None
M2_04434,2026-08-31 16:24:04,15.69,6.79,3.497,2213,No,None
M2_04435,2026-08-31 17:10:57,7.94,7.02,1.541,1157,Yes,Water
M2_04436,2026-08-31 17:24:35,25.94,6.76,4.54,2000,Yes,Sugar
M2_04437,2026-08-31 17:48:37,20.56,6.67,4.269,2280,Yes,Water
M2_04438,2026-08-31 18:12:20,29.88,6.53,5.132,2269,Yes,Sugar
M2_04439,2026-08-31 18:18:02,21.25,6.72,4.018,2251,Yes,Sugar
M2_04440,2026-08-31 18:29:35,23.12,6.86,4.588,2333,No,None
M2_04441,2026-08-31 18:52:20,26.0,6.56,9.128,4299,Yes,Salt
M2_04442,2026-08-31 19:10:39,6.38,6.77,2.34,1942,No,None
M2_04443,2026-08-31 19:13:29,5.19,6.84,2.386,1856,No,None
M2_04444,2026-08-31 19:41:54,38.31,6.66,5.178,2147,Yes,Water
M2_04445,2026-09-01 05:31:56,29.12,6.68,5.025,2422,No,None
M2_04446,2026-09-01 05:38:16,29.94,6.43,5.286,2438,Yes,Urea
M2_04447,2026-09-01 06:29:25,15.25,6.79,3.894,2492,No,None
M2_04448,2026-09-01 07:42:03,35.38,6.61,5.381,2154,Yes,Sugar
M2_04449,2026-09-01 08:00:43,28.19,6.68,5.098,2618,No,None
M2_04450,2026-09-01 08:32:09,27.75,6.53,4.438,2124,Yes,Sugar
M2_04451,2026-09-01 08:34:07,13.25,6.78,5.115,3629,Yes,Salt
M2_04452,2026-09-01 08:38:44,35.62,6.54,6.456,2627,Yes,Water
M2_04453,2026-09-01 08:52:00,35.5,6.84,5.932,2304,Yes,Urea
M2_04454,2026-09-01 08:58:08,26.06,6.82,4.325,2200,Yes,Water
M2_04455,2026-09-01 09:24:58,24.56,6.78,4.314,2036,Yes,Water
M2_04456,2026-09-01 16:33:56,19.06,6.77,3.926,2341,Yes,Sugar
M2_04457,2026-09-01 17:20:05,28.12,6.84,4.63,2155,Yes,Urea
M2_04458,2026-09-01 17:33:26,27.88,6.59,5.212,2392,No,None
M2_04459,2026-09-01 18:25:36,28.19,6.67,5.182,2898,No,None
M2_04460,2026-09-02 05:32:39,20.62,6.79,6.777,4033,Yes,Salt
M2_04461,2026-09-02 05:37:14,21.81,6.72,4.358,2176,No,None
M2_04462,2026-09-02 06:23:48,26.0,6.69,3.919,1926,No,None
M2_04463,2026-09-02 06:27:59,28.38,6.78,5.229,2361,No,None
M2_04464,2026-09-02 06:49:42,39.12,6.7,5.971,2414,Yes,Water
M2_04465,2026-09-02 07:36:16,12.0,7.0,3.045,2163,Yes,Urea
M2_04466,2026-09-02 07:58:46,12.38,6.73,2.938,2083,Yes,Water
M2_04467,2026-09-02 08:00:39,27.0,6.7,4.438,2043,Yes,Water
M2_04468,2026-09-02 08:27:50,28.56,6.81,4.993,2414,Yes,Sugar
M2_04469,2026-09-02 08:34:34,24.75,6.71,4.291,1882,No,None
M2_04470,2026-09-02 08:41:25,37.44,6.56,5.995,2427,Yes,Water
M2_04471,2026-09-02 08:47:06,28.62,6.73,4.554,2603,Yes,Sugar
M2_04472,2026-09-02 09:19:24,36.44,6.66,5.475,2207,No,None
M2_04473,2026-09-02 16:53:37,37.31,6.85,6.014,2607,Yes,Urea
M2_04474,2026-09-02 17:04:45,29.38,6.61,6.127,2859,No,None
M2_04475,2026-09-02 17:39:02,22.94,6.67,4.344,2333,No,None
M2_04476,2026-09-02 18:52:21,12.75,6.94,3.709,2470,Yes,Salt
M2_04477,2026-09-02 19:16:27,38.75,6.49,5.647,2252,No,None
M2_04478,2026-09-03 05:45:00,21.56,6.56,4.137,2336,Yes,Sugar
M2_04479,2026-09-03 06:25:41,35.75,6.51,5.795,2502,No,None
M2_04480,2026-09-03 06:38:15,38.19,6.54,5.56,2256,Yes,Sugar
M2_04481,2026-09-03 06:57:58,3.0,6.96,2.092,1874,No,None
M2_04482,2026-09-03 07:18:57,12.62,6.64,3.84,2538,Yes,Salt
M2_04483,2026-09-03 07:20:50,14.81,6.96,3.601,2333,No,None
M2_04484,2026-09-03 07:40:49,21.94,6.64,5.422,2948,No,None
M2_04485,2026-09-03 07:49:30,27.81,6.69,5.361,2688,Yes,Salt
M2_04486,2026-09-03 08:08:19,18.81,6.79,3.988,2344,No,None
M2_04487,2026-09-03 08:16:19,38.25,6.59,5.789,2283,Yes,Urea
M2_04488,2026-09-03 08:55:44,17.94,6.61,3.273,2114,Yes,Sugar
M2_04489,2026-09-03 09:24:15,25.94,6.61,5.228,2437,Yes,Salt
M2_04490,2026-09-03 11:20:15,14.31,6.77,3.53,2062,No,None
M2_04491,2026-09-03 16:36:58,30.88,6.55,6.546,2872,No,None
M2_04492,2026-09-03 17:23:51,35.44,6.52,5.028,2236,No,None
M2_04493,2026-09-03 17:25:34,3.12,6.81,2.159,1761,No,None
M2_04494,2026-09-04 05:57:47,28.0,6.62,5.061,2487,No,None
M2_04495,2026-09-04 06:02:27,13.25,6.77,2.818,2045,Yes,Sugar
M2_04496,2026-09-04 06:14:11,26.69,6.74,6.881,3502,Yes,Salt
M2_04497,2026-09-04 06:17:03,36.75,6.47,6.145,2472,No,None
M2_04498,2026-09-04 07:06:29,39.88,6.56,7.587,3206,Yes,Salt
M2_04499,2026-09-04 07:15:43,37.94,6.8,5.763,2271,No,None
M2_04500,2026-09-04 07:26:17,24.44,6.59,4.825,2472,No,None
M2_04501,2026-09-04 08:00:04,29.81,6.48,5.859,2789,Yes,Urea
M2_04502,2026-09-04 08:44:40,22.5,6.86,3.691,2005,Yes,Water
M2_04503,2026-09-04 08:51:28,33.56,6.48,8.694,3706,Yes,Salt
M2_04504,2026-09-04 08:59:01,19.06,6.72,3.859,2207,Yes,Water
M2_04505,2026-09-04 09:00:33,33.81,6.62,5.902,2490,Yes,Urea
M2_04506,2026-09-04 09:15:02,26.0,6.76,6.514,2998,Yes,Salt
M2_04507,2026-09-04 09:21:17,16.5,6.75,3.336,2110,Yes,Water
M2_04508,2026-09-04 16:05:52,24.06,6.64,4.809,2310,No,None
M2_04509,2026-09-04 16:16:58,3.88,6.98,3.379,2914,Yes,Salt
M2_04510,2026-09-04 16:28:16,21.94,6.92,4.19,2408,Yes,Water
M2_04511,2026-09-04 16:42:54,34.62,6.47,6.178,2461,Yes,Salt
M2_04512,2026-09-04 17:42:08,18.0,6.77,4.2,2649,Yes,Salt
M2_04513,2026-09-05 05:55:56,26.19,6.76,4.4,2186,No,None
M2_04514,2026-09-05 06:12:37,11.69,6.74,2.733,2167,Yes,Sugar
M2_04515,2026-09-05 06:25:58,24.12,6.62,3.855,2204,Yes,Sugar
M2_04516,2026-09-05 06:36:04,13.69,6.71,3.542,2436,Yes,Sugar
M2_04517,2026-09-05 06:53:06,25.38,6.58,5.265,2538,No,None
M2_04518,2026-09-05 06:53:25,29.38,6.62,4.832,2142,Yes,Urea
M2_04519,2026-09-05 07:05:08,16.69,6.77,3.956,2180,Yes,Urea
M2_04520,2026-09-05 07:56:46,8.75,6.78,2.723,2057,No,None
M2_04521,2026-09-05 08:13:44,26.81,6.68,4.198,2195,No,None
M2_04522,2026-09-05 08:21:02,14.56,6.92,4.333,2830,No,None
M2_04523,2026-09-05 08:46:14,14.19,6.98,4.01,2592,Yes,Urea
M2_04524,2026-09-05 08:49:06,31.44,6.63,5.798,2592,No,None
M2_04525,2026-09-05 08:53:08,29.12,6.64,5.639,2502,Yes,Salt
M2_04526,2026-09-05 08:53:45,29.75,6.71,5.688,2605,No,None
M2_04527,2026-09-05 13:44:25,26.44,6.75,4.668,2228,No,None
M2_04528,2026-09-05 16:17:44,35.75,6.64,5.655,2349,No,None
M2_04529,2026-09-05 17:38:38,32.19,6.57,5.372,2265,No,None
M2_04530,2026-09-05 17:44:42,7.69,6.95,2.577,2051,Yes,Water
M2_04531,2026-09-05 18:01:08,16.19,6.83,4.972,2906,Yes,Salt
M2_04532,2026-09-05 18:02:00,20.62,6.65,4.155,2158,No,None
M2_04533,2026-09-05 18:10:29,33.44,6.59,5.661,2509,No,None
M2_04534,2026-09-05 19:09:57,24.12,6.61,4.815,2257,No,None
M2_04535,2026-09-05 19:27:50,12.19,6.77,3.385,2390,Yes,Urea
M2_04536,2026-09-05 19:28:45,10.19,6.83,3.374,2263,No,None
M2_04537,2026-09-06 05:38:01,23.06,6.65,4.786,2382,No,None
M2_04538,2026-09-06 05:39:09,30.44,6.66,5.568,2407,No,None
M2_04539,2026-09-06 05:40:29,34.31,6.4,5.846,2375,No,None
M2_04540,2026-09-06 06:02:12,15.94,6.81,3.14,1964,Yes,Water
M2_04541,2026-09-06 06:21:33,30.69,6.7,5.663,2571,No,None
M2_04542,2026-09-06 06:21:55,32.12,6.54,5.679,2550,Yes,Salt
M2_04543,2026-09-06 06:28:52,13.38,7.0,3.71,2428,Yes,Urea
M2_04544,2026-09-06 06:54:47,13.25,6.91,4.795,3394,Yes,Salt
M2_04545,2026-09-06 07:08:54,18.44,6.64,3.531,2162,Yes,Water
M2_04546,2026-09-06 07:19:04,23.94,6.62,4.535,2408,No,None
M2_04547,2026-09-06 08:27:39,30.75,6.59,4.822,2192,Yes,Water
M2_04548,2026-09-06 08:28:28,13.19,6.99,4.443,2936,No,None
M2_04549,2026-09-06 08:54:59,24.12,6.76,4.34,2323,No,None
M2_04550,2026-09-06 09:04:34,27.06,6.66,9.226,4284,Yes,Salt
M2_04551,2026-09-06 09:27:24,19.62,6.86,4.191,2345,No,None
M2_04552,2026-09-06 09:29:35,24.12,6.7,4.842,2750,No,None
M2_04553,2026-09-06 16:48:12,10.25,6.77,4.872,3458,Yes,Salt
M2_04554,2026-09-06 17:11:43,31.19,6.77,5.181,2452,No,None
M2_04555,2026-09-06 17:58:58,22.38,6.79,4.336,2298,No,None
M2_04556,2026-09-06 18:01:40,22.31,6.78,4.576,2426,No,None
M2_04557,2026-09-06 19:06:36,10.88,6.8,3.391,2214,Yes,Water
M2_04558,2026-09-07 05:31:11,34.06,6.43,5.82,2498,Yes,Sugar
M2_04559,2026-09-07 05:47:40,22.75,6.65,4.325,2147,No,None
M2_04560,2026-09-07 05:54:54,19.62,6.87,4.177,2556,Yes,Urea
M2_04561,2026-09-07 07:08:53,12.38,6.83,3.087,2146,No,None
M2_04562,2026-09-07 07:11:16,34.62,6.43,11.3,4845,Yes,Salt
M2_04563,2026-09-07 07:11:37,23.38,6.57,4.814,2479,No,None
M2_04564,2026-09-07 07:30:14,23.5,6.89,4.136,2023,Yes,Water
M2_04565,2026-09-07 07:37:38,21.06,6.77,4.698,2599,Yes,Salt
M2_04566,2026-09-07 07:39:20,9.94,6.83,3.264,2285,Yes,Salt
M2_04567,2026-09-07 08:14:59,18.69,6.74,3.622,2173,No,None
M2_04568,2026-09-07 08:43:54,28.38,6.56,4.751,2209,Yes,Sugar
M2_04569,2026-09-07 09:28:39,23.44,6.68,3.881,2137,Yes,Sugar
M2_04570,2026-09-07 16:24:19,27.12,6.68,4.499,2178,Yes,Water
M2_04571,2026-09-07 18:04:54,21.25,6.75,4.374,2375,No,None
M2_04572,2026-09-07 18:38:42,29.19,6.7,5.457,2633,Yes,Urea
M2_04573,2026-09-08 05:30:39,5.94,6.94,2.514,1921,No,None
M2_04574,2026-09-08 05:43:14,40.0,6.74,6.65,2466,Yes,Urea
M2_04575,2026-09-08 05:58:20,3.06,6.87,1.977,1905,Yes,Sugar
M2_04576,2026-09-08 06:07:42,23.56,6.72,5.108,2463,Yes,Salt
M2_04577,2026-09-08 06:16:44,26.0,6.57,5.161,2426,No,None
M2_04578,2026-09-08 06:40:18,23.31,6.67,4.729,2597,Yes,Sugar
M2_04579,2026-09-08 06:41:00,20.44,6.77,4.276,2524,No,None
M2_04580,2026-09-08 06:53:05,19.62,6.81,3.597,1962,Yes,Water
M2_04581,2026-09-08 06:59:09,22.56,6.9,4.224,2356,No,None
M2_04582,2026-09-08 07:11:32,21.56,6.44,4.515,2510,No,None
M2_04583,2026-09-08 08:08:50,20.44,6.81,4.196,2359,No,None
M2_04584,2026-09-08 08:12:52,11.44,6.8,2.857,2091,No,None
M2_04585,2026-09-08 08:37:04,27.88,6.5,5.863,2815,Yes,Salt
M2_04586,2026-09-08 08:58:53,7.75,6.81,2.774,2312,Yes,Sugar
M2_04587,2026-09-08 09:08:21,31.75,6.71,6.447,2599,No,None
M2_04588,2026-09-08 09:22:07,29.75,6.73,5.285,2448,No,None
M2_04589,2026-09-08 16:07:10,17.25,7.02,2.43,1429,Yes,Water
M2_04590,2026-09-08 16:22:45,39.25,6.62,7.176,2560,No,None
M2_04591,2026-09-08 16:26:11,34.69,6.41,5.337,2109,No,None
M2_04592,2026-09-08 17:28:53,25.69,6.65,5.249,2617,No,None
M2_04593,2026-09-08 18:26:06,21.94,6.79,4.45,2296,No,None
M2_04594,2026-09-08 18:34:15,18.62,6.72,3.98,2152,No,None
M2_04595,2026-09-08 18:41:46,25.06,6.67,4.513,2347,Yes,Water
M2_04596,2026-09-08 19:16:39,36.0,6.46,8.048,3344,Yes,Salt
M2_04597,2026-09-08 19:29:13,29.38,6.55,6.53,3083,Yes,Salt
M2_04598,2026-09-09 04:32:37,34.62,6.6,5.32,2558,Yes,Sugar
M2_04599,2026-09-09 05:42:19,34.38,6.74,4.965,2116,Yes,Water
M2_04600,2026-09-09 06:15:54,10.88,6.86,3.083,2069,Yes,Water
M2_04601,2026-09-09 06:31:49,9.0,6.69,2.808,2079,Yes,Water
M2_04602,2026-09-09 06:44:36,13.94,6.9,3.226,2180,Yes,Urea
M2_04603,2026-09-09 06:45:40,29.44,6.54,5.408,2235,Yes,Sugar
M2_04604,2026-09-09 07:05:27,17.25,6.63,3.637,2226,No,None
M2_04605,2026-09-09 07:46:19,22.5,6.83,5.045,2844,No,None
M2_04606,2026-09-09 07:56:16,18.5,7.11,4.226,2234,Yes,Urea
M2_04607,2026-09-09 08:03:07,11.12,6.76,2.987,2079,No,None
M2_04608,2026-09-09 08:20:04,34.38,6.58,5.641,2494,Yes,Sugar
M2_04609,2026-09-09 09:23:54,39.56,6.67,5.243,2144,Yes,Water
M2_04610,2026-09-09 09:26:52,24.12,6.78,5.219,2812,No,None
M2_04611,2026-09-09 13:27:06,14.62,6.76,3.411,2345,Yes,Water
M2_04612,2026-09-09 14:15:42,14.62,6.74,3.538,2339,Yes,Water
M2_04613,2026-09-09 16:13:20,24.31,6.56,5.022,2599,No,None
M2_04614,2026-09-09 16:14:41,15.5,6.74,2.907,1803,Yes,Water
M2_04615,2026-09-09 16:17:04,33.62,6.69,5.478,2218,No,None
M2_04616,2026-09-09 16:51:28,24.75,6.61,4.858,2384,No,None
M2_04617,2026-09-09 17:31:31,27.75,6.73,4.522,2001,Yes,Water
M2_04618,2026-09-09 19:12:46,18.75,6.79,4.787,2679,Yes,Salt
M2_04619,2026-09-09 19:24:29,39.12,6.43,6.797,2537,Yes,Water
M2_04620,2026-09-10 05:53:25,27.0,6.58,4.732,2329,Yes,Urea
M2_04621,2026-09-10 06:01:21,33.81,6.77,3.885,1730,Yes,Water
M2_04622,2026-09-10 06:11:47,31.12,6.74,6.757,3076,No,None
M2_04623,2026-09-10 06:17:49,27.06,6.79,5.244,2450,Yes,Urea
M2_04624,2026-09-10 06:53:05,23.69,6.47,3.645,2065,Yes,Sugar
M2_04625,2026-09-10 07:00:36,30.12,6.55,4.916,2294,No,None
M2_04626,2026-09-10 07:30:59,22.5,6.68,2.876,1635,Yes,Water
M2_04627,2026-09-10 07:40:03,10.75,6.77,3.218,2307,No,None
M2_04628,2026-09-10 07:46:14,22.12,6.79,4.041,2286,No,None
M2_04629,2026-09-10 08:38:48,35.75,6.58,5.388,2119,Yes,Water
M2_04630,2026-09-10 08:47:10,31.0,6.53,4.8,2141,No,None
M2_04631,2026-09-10 16:13:04,11.81,6.74,6.102,3900,Yes,Salt
M2_04632,2026-09-10 16:20:11,24.69,6.62,5.171,2564,No,None
M2_04633,2026-09-10 16:43:52,22.81,6.64,5.011,2601,Yes,Salt
M2_04634,2026-09-10 16:50:54,17.06,6.49,7.247,4258,Yes,Salt
M2_04635,2026-09-10 16:53:21,14.62,6.87,3.603,2086,Yes,Urea
M2_04636,2026-09-10 17:13:52,27.44,6.7,4.782,2452,Yes,Sugar
M2_04637,2026-09-10 17:38:51,24.81,6.62,4.511,2270,No,None
M2_04638,2026-09-10 17:59:14,20.94,6.56,4.245,2341,No,None
M2_04639,2026-09-11 06:03:04,31.31,6.69,3.803,1737,Yes,Water
M2_04640,2026-09-11 06:14:35,21.94,6.58,4.72,2329,No,None
M2_04641,2026-09-11 06:23:59,17.44,6.74,6.464,4105,Yes,Salt
M2_04642,2026-09-11 06:39:15,8.81,6.87,2.989,2207,No,None
M2_04643,2026-09-11 06:49:15,28.62,6.74,4.75,2057,No,None
M2_04644,2026-09-11 07:07:40,26.19,6.78,4.077,2002,Yes,Water
M2_04645,2026-09-11 07:11:58,14.19,6.97,2.833,1732,Yes,Urea
M2_04646,2026-09-11 07:12:23,24.06,6.69,4.161,2068,Yes,Sugar
M2_04647,2026-09-11 07:43:43,31.19,6.59,3.994,1787,Yes,Water
M2_04648,2026-09-11 07:50:41,28.75,6.72,5.357,2514,No,None
M2_04649,2026-09-11 07:54:41,29.31,6.74,3.222,1530,Yes,Water
M2_04650,2026-09-11 07:59:55,40.31,6.54,6.221,2502,Yes,Sugar
M2_04651,2026-09-11 08:02:53,26.31,6.84,5.873,2953,Yes,Salt
M2_04652,2026-09-11 08:05:49,31.81,6.58,5.937,2738,No,None
M2_04653,2026-09-11 08:10:16,35.69,6.56,5.954,2573,No,None
M2_04654,2026-09-11 08:34:29,23.06,6.67,4.067,2556,Yes,Sugar
M2_04655,2026-09-11 08:49:50,11.56,6.76,3.284,2111,Yes,Urea
M2_04656,2026-09-11 09:07:20,33.25,6.57,10.278,4194,Yes,Salt
M2_04657,2026-09-11 09:07:33,15.06,6.76,3.474,2256,No,None
M2_04658,2026-09-11 09:24:59,34.12,6.57,6.182,2828,Yes,Urea
M2_04659,2026-09-11 16:21:24,26.19,6.57,5.002,2331,No,None
M2_04660,2026-09-11 16:29:46,19.06,6.82,3.853,2142,Yes,Water
M2_04661,2026-09-11 16:37:24,33.5,6.81,5.96,2538,Yes,Urea
M2_04662,2026-09-11 17:25:44,22.81,6.76,4.714,2373,Yes,Urea
M2_04663,2026-09-11 18:04:33,31.94,6.78,5.574,2537,Yes,Urea
M2_04664,2026-09-11 18:05:18,28.25,6.53,5.502,2606,No,None
M2_04665,2026-09-11 18:11:05,31.12,6.55,6.993,2998,Yes,Salt
M2_04666,2026-09-11 18:26:01,29.5,6.7,5.136,2425,Yes,Sugar
M2_04667,2026-09-11 18:58:44,28.19,6.5,5.656,2432,Yes,Salt
M2_04668,2026-09-12 05:32:49,23.5,6.71,4.751,2533,Yes,Sugar
M2_04669,2026-09-12 05:44:04,29.81,6.61,4.574,2036,Yes,Water
M2_04670,2026-09-12 05:47:18,15.75,7.12,3.766,2284,Yes,Urea
M2_04671,2026-09-12 05:48:40,9.38,6.9,2.956,2162,No,None
M2_04672,2026-09-12 06:08:06,22.62,6.81,3.978,2078,No,None
M2_04673,2026-09-12 06:43:03,23.0,6.81,4.255,2079,Yes,Urea
M2_04674,2026-09-12 07:14:56,13.06,6.92,2.954,1816,Yes,Water
M2_04675,2026-09-12 07:57:53,28.19,6.74,4.094,2147,Yes,Water
M2_04676,2026-09-12 08:03:07,18.75,6.71,3.968,2188,Yes,Sugar
M2_04677,2026-09-12 08:06:22,29.31,6.56,5.191,2297,Yes,Sugar
M2_04678,2026-09-12 08:17:14,16.06,6.74,3.61,2234,Yes,Water
M2_04679,2026-09-12 08:28:57,13.06,6.86,3.299,2134,Yes,Urea
M2_04680,2026-09-12 08:48:41,27.25,6.63,5.433,2326,No,None
M2_04681,2026-09-12 09:09:36,31.5,6.63,5.021,2230,Yes,Sugar
M2_04682,2026-09-12 09:12:59,36.5,6.59,6.533,2787,Yes,Salt
M2_04683,2026-09-12 16:34:09,23.19,6.63,4.432,2286,Yes,Sugar
M2_04684,2026-09-12 17:54:12,16.75,6.94,4.44,2693,Yes,Sugar
M2_04685,2026-09-12 18:43:05,25.62,6.9,5.708,2786,No,None
M2_04686,2026-09-13 06:11:04,21.75,6.58,4.296,2457,No,None
M2_04687,2026-09-13 06:20:30,20.38,6.87,4.022,2414,Yes,Sugar
M2_04688,2026-09-13 06:24:26,21.88,6.61,4.409,2450,No,None
M2_04689,2026-09-13 06:35:51,27.94,6.93,5.117,2474,Yes,Urea
M2_04690,2026-09-13 06:51:53,26.44,6.63,5.109,2454,No,None
M2_04691,2026-09-13 07:12:09,36.56,6.55,5.856,2419,No,None
M2_04692,2026-09-13 07:41:59,28.81,6.73,5.281,2398,Yes,Urea
M2_04693,2026-09-13 07:48:28,6.44,6.8,2.299,1871,Yes,Sugar
M2_04694,2026-09-13 07:49:44,7.0,6.83,2.85,2320,Yes,Salt
M2_04695,2026-09-13 08:01:22,26.31,6.59,4.827,2314,No,None
M2_04696,2026-09-13 08:08:33,31.56,6.77,4.516,2043,Yes,Water
M2_04697,2026-09-13 08:38:23,15.31,6.65,4.699,2884,Yes,Salt
M2_04698,2026-09-13 09:21:52,19.44,6.72,4.335,2315,No,None
M2_04699,2026-09-13 09:25:47,24.44,6.69,2.909,1382,Yes,Water
M2_04700,2026-09-13 09:25:56,27.5,6.61,6.437,3202,Yes,Salt
M2_04701,2026-09-13 16:42:20,25.69,6.68,5.26,2525,No,None
M2_04702,2026-09-13 16:46:38,25.25,6.83,5.087,2434,No,None
M2_04703,2026-09-13 17:54:45,9.06,6.82,3.027,2205,No,None
M2_04704,2026-09-13 18:14:57,18.5,6.72,4.171,2416,No,None
M2_04705,2026-09-13 18:36:21,15.81,6.86,3.837,2257,Yes,Urea
M2_04706,2026-09-13 19:06:21,25.88,6.82,4.672,2365,No,None
M2_04707,2026-09-14 05:50:21,31.69,6.63,5.06,2289,No,None
M2_04708,2026-09-14 06:01:19,26.81,6.72,4.194,2075,No,None
M2_04709,2026-09-14 06:08:23,22.5,6.57,8.72,4563,Yes,Salt
M2_04710,2026-09-14 07:23:10,22.25,6.57,4.331,2197,No,None
M2_04711,2026-09-14 07:24:43,36.62,6.67,4.574,1726,Yes,Water
M2_04712,2026-09-14 07:49:42,29.12,6.7,4.846,2354,No,None
M2_04713,2026-09-14 07:59:16,24.94,6.84,2.585,1360,Yes,Water
M2_04714,2026-09-14 08:01:58,22.0,6.78,4.698,2379,Yes,Sugar
M2_04715,2026-09-14 08:14:22,31.06,6.72,3.658,1617,Yes,Water
M2_04716,2026-09-14 08:14:59,27.25,6.88,4.981,2511,Yes,Sugar
M2_04717,2026-09-14 08:30:42,18.62,6.7,4.118,2240,Yes,Urea
M2_04718,2026-09-14 08:35:48,26.06,6.8,5.0,2493,No,None
M2_04719,2026-09-14 08:41:03,31.19,6.68,9.444,4651,Yes,Salt
M2_04720,2026-09-14 09:03:26,34.31,6.79,5.443,2130,No,None
M2_04721,2026-09-14 16:26:23,33.5,6.75,4.64,2010,Yes,Water
M2_04722,2026-09-14 16:36:28,34.31,6.82,5.833,2516,Yes,Urea
M2_04723,2026-09-14 16:54:00,26.75,6.65,5.439,2327,Yes,Urea
M2_04724,2026-09-14 17:17:05,22.12,6.74,5.373,2974,Yes,Salt
M2_04725,2026-09-14 17:54:39,19.06,6.7,3.773,2375,Yes,Sugar
M2_04726,2026-09-14 18:20:41,12.75,6.82,5.467,3798,Yes,Salt
M2_04727,2026-09-14 18:44:23,36.31,6.52,5.926,2431,Yes,Sugar
M2_04728,2026-09-14 18:50:50,26.38,6.67,3.639,1781,Yes,Water
M2_04729,2026-09-15 05:35:12,21.75,6.76,4.711,2693,Yes,Urea
M2_04730,2026-09-15 05:51:08,36.5,6.5,5.875,2420,No,None
M2_04731,2026-09-15 06:16:52,38.06,6.4,5.947,2228,No,None
M2_04732,2026-09-15 06:28:42,15.94,6.98,2.239,1432,Yes,Water
M2_04733,2026-09-15 06:48:06,33.25,6.72,6.263,2806,No,None
M2_04734,2026-09-15 06:49:01,23.06,6.76,6.142,3248,Yes,Salt
M2_04735,2026-09-15 07:13:44,16.5,6.8,3.017,1887,No,None
M2_04736,2026-09-15 07:18:39,29.0,6.82,5.54,2319,No,None
M2_04737,2026-09-15 07:22:18,21.19,6.64,5.612,2823,Yes,Salt
M2_04738,2026-09-15 07:51:57,21.19,6.72,4.191,2286,No,None
M2_04739,2026-09-15 08:06:22,31.38,6.52,5.528,2407,No,None
M2_04740,2026-09-15 09:05:36,30.31,6.6,5.698,2840,Yes,Water
M2_04741,2026-09-15 16:00:30,23.81,6.5,4.859,2475,No,None
M2_04742,2026-09-15 17:31:01,24.38,6.76,4.806,2629,No,None
M2_04743,2026-09-15 17:42:03,18.38,6.72,4.048,2515,No,None
M2_04744,2026-09-15 17:55:04,30.38,6.7,4.904,2333,No,None
M2_04745,2026-09-15 18:09:44,32.81,6.69,5.378,2256,Yes,Water
M2_04746,2026-09-16 06:05:12,29.62,6.7,4.906,2445,Yes,Sugar
M2_04747,2026-09-16 06:08:33,29.62,6.52,5.349,2416,No,None
M2_04748,2026-09-16 06:11:41,29.25,6.84,5.219,2193,Yes,Urea
M2_04749,2026-09-16 06:16:57,9.75,6.78,2.978,2011,No,None
M2_04750,2026-09-16 07:17:04,27.12,6.65,4.32,2199,Yes,Water
M2_04751,2026-09-16 07:50:03,24.31,6.66,4.333,2387,No,None
M2_04752,2026-09-16 08:09:52,18.62,6.84,3.474,2087,No,None
M2_04753,2026-09-16 08:48:09,29.62,6.59,5.189,2495,Yes,Sugar
M2_04754,2026-09-16 09:08:00,16.44,6.8,3.14,2001,No,None
M2_04755,2026-09-16 09:08:20,5.44,6.83,2.859,2367,Yes,Salt
M2_04756,2026-09-16 09:21:21,17.5,6.68,3.371,2022,Yes,Water
M2_04757,2026-09-16 12:03:19,34.31,6.44,5.549,2279,No,None
M2_04758,2026-09-16 16:16:26,31.75,6.64,5.485,2437,No,None
M2_04759,2026-09-16 16:26:03,32.44,6.61,7.979,3413,Yes,Salt
M2_04760,2026-09-16 18:44:07,3.19,6.76,1.998,1951,No,None
M2_04761,2026-09-16 18:48:29,28.31,6.68,6.593,3226,Yes,Water
M2_04762,2026-09-16 18:49:57,18.06,6.8,4.109,2488,No,None
M2_04763,2026-09-16 18:50:34,23.25,6.82,4.627,2333,No,None
M2_04764,2026-09-16 19:01:10,30.0,6.63,5.213,2656,Yes,Sugar
M2_04765,2026-09-16 19:09:00,23.69,6.85,4.187,2218,Yes,Urea
M2_04766,2026-09-17 06:04:31,17.25,6.75,3.492,2250,No,None
M2_04767,2026-09-17 06:31:13,23.56,6.72,5.064,2708,Yes,Salt
M2_04768,2026-09-17 07:03:01,18.56,6.7,4.097,2342,No,None
M2_04769,2026-09-17 07:06:01,25.31,6.63,7.256,3500,Yes,Salt
M2_04770,2026-09-17 07:37:22,18.94,6.99,4.285,2535,No,None
M2_04771,2026-09-17 07:42:22,38.88,6.64,5.68,2267,No,None
M2_04772,2026-09-17 07:51:56,31.62,6.65,5.725,2311,Yes,Urea
M2_04773,2026-09-17 07:57:23,10.56,6.79,2.853,2245,Yes,Urea
M2_04774,2026-09-17 08:19:13,11.81,6.86,3.123,2260,No,None
M2_04775,2026-09-17 08:30:06,23.94,6.79,3.014,1642,Yes,Water
M2_04776,2026-09-17 09:18:36,23.19,6.57,4.69,2480,Yes,Salt
M2_04777,2026-09-17 09:24:25,21.94,6.69,4.569,2593,Yes,Salt
M2_04778,2026-09-17 16:12:44,16.12,6.82,3.447,2165,No,None
M2_04779,2026-09-17 16:30:01,23.25,6.84,5.3,2641,Yes,Water
M2_04780,2026-09-17 18:40:25,23.81,6.72,5.084,2580,Yes,Sugar
M2_04781,2026-09-17 19:41:35,25.75,6.56,4.573,2289,Yes,Sugar
M2_04782,2026-09-18 05:43:04,22.69,6.78,2.973,1586,Yes,Water
M2_04783,2026-09-18 07:21:32,22.56,6.8,4.909,2845,Yes,Sugar
M2_04784,2026-09-18 07:22:17,34.5,6.5,5.832,2413,No,None
M2_04785,2026-09-18 07:37:29,22.56,6.75,4.528,2586,Yes,Sugar
M2_04786,2026-09-18 07:52:06,32.25,6.58,5.478,2259,No,None
M2_04787,2026-09-18 09:10:49,28.25,6.46,4.96,2580,Yes,Sugar
M2_04788,2026-09-18 09:23:47,26.38,6.65,6.265,3112,Yes,Salt
M2_04789,2026-09-18 16:55:35,12.56,6.95,3.566,2426,No,None
M2_04790,2026-09-18 17:34:41,31.69,6.57,5.848,2434,No,None
M2_04791,2026-09-18 18:29:48,31.44,6.61,8.685,3824,Yes,Salt
M2_04792,2026-09-18 18:34:33,25.5,6.5,4.825,2653,Yes,Sugar
M2_04793,2026-09-19 05:45:59,29.31,6.53,8.9,3562,Yes,Salt
M2_04794,2026-09-19 05:57:45,7.94,6.82,2.38,1803,No,None
M2_04795,2026-09-19 07:03:03,22.69,6.7,4.463,2469,Yes,Sugar
M2_04796,2026-09-19 07:06:09,25.88,6.54,5.102,2868,Yes,Sugar
M2_04797,2026-09-19 07:16:48,29.25,6.68,6.471,2954,Yes,Sugar
M2_04798,2026-09-19 07:19:15,19.88,6.77,4.444,2320,No,None
M2_04799,2026-09-19 07:20:44,27.06,6.51,5.287,2630,No,None
M2_04800,2026-09-19 07:36:16,14.62,6.91,4.074,2563,Yes,Urea
M2_04801,2026-09-19 07:48:59,26.44,6.66,4.835,2448,No,None
M2_04802,2026-09-19 07:59:09,19.81,6.64,3.573,2060,No,None
M2_04803,2026-09-19 08:01:44,29.12,6.69,6.487,3082,No,None
M2_04804,2026-09-19 08:24:08,17.44,6.9,3.299,2082,Yes,Sugar
M2_04805,2026-09-19 08:35:00,22.0,6.66,4.239,2490,No,None
M2_04806,2026-09-19 08:41:21,31.75,6.64,5.335,2396,Yes,Water
M2_04807,2026-09-19 08:50:47,37.56,6.49,6.075,2423,Yes,Sugar
M2_04808,2026-09-19 16:00:02,21.94,6.98,3.037,1539,Yes,Water
M2_04809,2026-09-19 16:18:39,25.94,6.65,4.854,2402,No,None
M2_04810,2026-09-19 16:31:27,24.81,6.83,4.799,2338,Yes,Urea
M2_04811,2026-09-19 17:03:34,28.69,6.79,5.314,2559,Yes,Urea
M2_04812,2026-09-19 17:48:31,16.75,6.75,5.287,3058,Yes,Salt
M2_04813,2026-09-20 05:31:08,4.94,6.9,2.463,1910,No,None
M2_04814,2026-09-20 05:33:34,24.75,6.63,5.088,2585,No,None
M2_04815,2026-09-20 06:10:11,23.06,6.85,3.09,1561,Yes,Water
M2_04816,2026-09-20 06:27:00,32.5,6.44,4.936,2083,Yes,Water
M2_04817,2026-09-20 06:27:25,30.56,6.55,4.359,1833,Yes,Water
M2_04818,2026-09-20 06:27:45,9.81,6.74,3.134,2238,Yes,Salt
M2_04819,2026-09-20 07:24:15,16.12,6.67,3.373,2012,No,None
M2_04820,2026-09-20 07:35:03,37.5,6.63,6.182,2696,Yes,Salt
M2_04821,2026-09-20 08:16:53,12.62,6.94,3.687,2372,Yes,Urea
M2_04822,2026-09-20 08:28:32,7.94,6.9,2.612,1944,Yes,Urea
M2_04823,2026-09-20 08:54:31,13.38,6.91,3.378,2119,Yes,Urea
M2_04824,2026-09-20 09:18:05,25.94,6.73,4.341,2350,Yes,Sugar
M2_04825,2026-09-20 13:26:15,25.0,6.64,4.722,2315,No,None
M2_04826,2026-09-20 16:38:40,27.56,6.7,5.205,2540,Yes,Urea
M2_04827,2026-09-20 19:12:42,3.44,6.93,2.001,1763,Yes,Water
M2_04828,2026-09-21 05:58:00,37.88,6.66,6.04,2505,No,None
M2_04829,2026-09-21 06:03:17,9.5,6.92,2.781,2012,No,None
M2_04830,2026-09-21 06:08:31,18.88,6.84,4.497,2350,No,None
M2_04831,2026-09-21 06:10:45,20.06,6.63,4.442,2353,No,None
M2_04832,2026-09-21 06:11:43,18.62,6.83,3.675,2146,No,None
M2_04833,2026-09-21 06:18:37,34.69,6.77,4.08,1673,Yes,Water
M2_04834,2026-09-21 06:25:20,21.38,6.86,5.645,3071,No,None
M2_04835,2026-09-21 06:47:46,13.88,6.97,2.823,1780,Yes,Water
M2_04836,2026-09-21 07:09:59,11.31,6.89,4.721,3377,Yes,Salt
M2_04837,2026-09-21 07:35:48,17.31,6.66,4.831,2663,Yes,Salt
M2_04838,2026-09-21 07:51:28,18.0,6.86,3.318,2067,Yes,Sugar
M2_04839,2026-09-21 07:57:53,28.25,6.7,5.209,2639,No,None
M2_04840,2026-09-21 08:04:00,30.0,6.6,5.321,2679,Yes,Sugar
M2_04841,2026-09-21 08:18:01,13.75,6.91,4.034,2657,Yes,Sugar
M2_04842,2026-09-21 08:29:23,35.56,6.6,7.042,2498,No,None
M2_04843,2026-09-21 08:30:25,9.62,6.86,3.065,2424,Yes,Sugar
M2_04844,2026-09-21 08:33:28,31.94,6.52,4.985,2222,Yes,Sugar
M2_04845,2026-09-21 09:00:35,4.44,6.89,1.996,1843,Yes,Sugar
M2_04846,2026-09-21 09:28:27,28.94,6.93,4.611,2089,Yes,Urea
M2_04847,2026-09-21 16:00:28,30.69,6.68,4.414,1994,Yes,Water
M2_04848,2026-09-21 17:13:03,21.75,6.86,5.109,2958,Yes,Water
M2_04849,2026-09-21 18:02:56,33.12,6.64,5.986,2423,Yes,Water
M2_04850,2026-09-21 18:28:24,21.06,6.75,4.318,2295,No,None
M2_04851,2026-09-21 18:29:10,12.19,6.89,2.925,1922,No,None
M2_04852,2026-09-21 18:36:09,12.5,6.74,3.744,2397,No,None
M2_04853,2026-09-21 19:01:13,16.38,6.79,4.495,2812,Yes,Salt
M2_04854,2026-09-22 05:12:49,14.88,6.77,4.415,2582,No,None
M2_04855,2026-09-22 05:53:10,16.0,6.82,3.066,1752,Yes,Water
M2_04856,2026-09-22 06:03:23,28.31,6.84,4.024,1812,Yes,Water
M2_04857,2026-09-22 06:05:38,9.44,6.74,3.036,2295,Yes,Sugar
M2_04858,2026-09-22 06:36:31,13.31,6.83,3.73,2371,Yes,Urea
M2_04859,2026-09-22 07:26:56,21.75,6.86,4.639,2587,No,None
M2_04860,2026-09-22 07:55:44,19.19,6.71,4.137,2475,No,None
M2_04861,2026-09-22 08:04:31,17.88,6.67,4.046,2275,No,None
M2_04862,2026-09-22 08:49:39,29.56,6.66,4.533,2262,Yes,Sugar
M2_04863,2026-09-22 15:52:18,25.94,6.71,4.894,2492,No,None
M2_04864,2026-09-22 16:08:37,28.0,6.8,8.396,4104,Yes,Salt
M2_04865,2026-09-22 17:10:26,31.81,6.66,4.634,2164,No,None
M2_04866,2026-09-22 17:40:39,37.69,6.57,11.555,4654,Yes,Salt
M2_04867,2026-09-22 18:32:32,27.75,6.89,4.604,2101,Yes,Urea
M2_04868,2026-09-22 18:37:46,25.5,6.77,4.912,2470,No,None
M2_04869,2026-09-22 18:42:26,24.81,6.71,3.876,2082,Yes,Water
M2_04870,2026-09-22 18:47:27,26.56,6.55,5.408,2590,No,None
M2_04871,2026-09-23 05:59:27,20.25,6.73,4.463,2209,Yes,Water
M2_04872,2026-09-23 06:47:02,20.56,6.83,3.697,2003,Yes,Water
M2_04873,2026-09-23 07:05:02,18.31,6.65,4.471,2592,No,None
M2_04874,2026-09-23 07:06:11,25.62,6.84,3.075,1556,Yes,Water
M2_04875,2026-09-23 08:23:53,16.31,6.76,5.096,3282,Yes,Salt
M2_04876,2026-09-23 08:53:54,26.31,6.74,4.534,2073,Yes,Water
M2_04877,2026-09-23 08:54:02,22.0,6.8,4.263,2343,No,None
M2_04878,2026-09-23 09:20:55,17.81,6.83,3.952,2322,No,None
M2_04879,2026-09-23 09:28:47,13.19,6.8,2.965,2117,Yes,Water
M2_04880,2026-09-23 17:09:46,22.56,6.81,4.55,2308,Yes,Urea
M2_04881,2026-09-23 19:00:44,10.88,6.96,2.877,2090,Yes,Sugar
M2_04882,2026-09-23 19:12:25,20.56,6.61,4.424,2274,No,None
M2_04883,2026-09-23 19:29:44,3.81,7.01,1.876,1738,No,None
M2_04884,2026-09-24 04:27:24,20.75,6.72,4.759,2795,No,None
M2_04885,2026-09-24 06:21:12,24.69,6.7,5.998,2773,No,None
M2_04886,2026-09-24 06:35:20,28.38,6.55,4.9,2240,No,None
M2_04887,2026-09-24 08:00:24,18.5,6.78,4.53,2568,Yes,Salt
M2_04888,2026-09-24 08:11:52,22.44,6.71,3.635,2065,No,None
M2_04889,2026-09-24 08:19:38,13.12,6.9,3.717,2329,Yes,Urea
M2_04890,2026-09-24 08:38:07,30.44,6.73,5.782,2317,No,None
M2_04891,2026-09-24 08:55:19,31.69,6.64,4.892,2174,Yes,Water
M2_04892,2026-09-24 09:00:33,28.31,6.64,5.151,2246,No,None
M2_04893,2026-09-24 09:14:31,29.56,6.67,5.441,2421,Yes,Water
M2_04894,2026-09-24 09:26:37,36.25,6.67,4.791,1749,Yes,Water
M2_04895,2026-09-24 16:22:43,24.75,6.75,6.229,3043,Yes,Salt
M2_04896,2026-09-24 16:35:10,16.31,6.83,3.949,2249,No,None
M2_04897,2026-09-24 16:55:25,23.75,6.72,4.881,2497,No,None
M2_04898,2026-09-24 16:56:13,8.12,6.96,2.563,1869,No,None
M2_04899,2026-09-24 17:00:48,40.19,6.47,6.314,2416,No,None
M2_04900,2026-09-24 17:11:02,24.75,6.65,4.708,2585,No,None
M2_04901,2026-09-24 17:18:04,34.81,6.63,5.55,2327,No,None
M2_04902,2026-09-24 17:21:28,20.5,6.82,4.217,2472,Yes,Urea
M2_04903,2026-09-24 18:00:02,12.56,6.93,3.01,2178,Yes,Urea
M2_04904,2026-09-24 19:14:05,14.62,6.89,3.508,2078,No,None
M2_04905,2026-09-25 05:39:39,36.62,6.71,6.214,2539,No,None
M2_04906,2026-09-25 06:07:02,15.19,6.88,3.225,1971,Yes,Urea
M2_04907,2026-09-25 06:41:42,25.19,6.74,3.997,2130,Yes,Sugar
M2_04908,2026-09-25 06:54:34,18.69,6.91,3.888,2373,Yes,Sugar
M2_04909,2026-09-25 06:56:40,23.19,6.72,4.193,2410,Yes,Sugar
M2_04910,2026-09-25 07:50:03,20.56,6.68,4.925,2611,No,None
M2_04911,2026-09-25 08:00:12,35.06,6.48,5.775,2331,Yes,Urea
M2_04912,2026-09-25 08:26:42,33.75,6.5,5.436,2321,Yes,Sugar
M2_04913,2026-09-25 09:20:39,12.81,6.85,3.308,2508,No,None
M2_04914,2026-09-25 16:59:41,29.5,6.82,5.456,2394,Yes,Water
M2_04915,2026-09-25 17:00:48,20.25,6.89,4.744,2461,No,None
M2_04916,2026-09-25 17:34:52,24.69,6.72,3.98,1920,Yes,Water
M2_04917,2026-09-25 17:40:53,29.56,6.65,7.934,3766,Yes,Salt
M2_04918,2026-09-25 18:05:23,11.44,6.81,3.318,2192,No,None
M2_04919,2026-09-25 19:00:12,24.62,6.54,7.883,3769,Yes,Salt
M2_04920,2026-09-26 05:30:07,28.12,6.71,5.738,2916,Yes,Salt
M2_04921,2026-09-26 06:33:19,22.44,6.68,4.236,2278,Yes,Sugar
M2_04922,2026-09-26 06:58:48,32.94,6.62,5.697,2411,Yes,Urea
M2_04923,2026-09-26 07:18:18,29.12,6.72,5.736,2758,No,None
M2_04924,2026-09-26 07:23:43,20.12,6.67,4.386,2379,No,None
M2_04925,2026-09-26 08:34:15,20.25,7.02,3.99,2205,Yes,Urea
M2_04926,2026-09-26 08:42:43,33.25,6.7,5.473,2302,No,None
M2_04927,2026-09-26 08:55:20,2.5,6.96,3.637,3240,Yes,Salt
M2_04928,2026-09-26 09:14:56,28.75,6.66,5.082,2450,Yes,Urea
M2_04929,2026-09-26 16:19:42,21.31,6.8,5.409,3194,No,None
M2_04930,2026-09-26 16:20:56,40.38,6.47,4.793,1930,Yes,Water
M2_04931,2026-09-26 16:21:04,19.69,6.78,3.833,2210,No,None
M2_04932,2026-09-26 16:29:04,15.69,6.69,3.81,2374,No,None
M2_04933,2026-09-26 16:58:51,29.88,6.66,6.342,2895,Yes,Salt
M2_04934,2026-09-26 17:54:22,19.94,6.86,4.687,2333,No,None
M2_04935,2026-09-26 18:22:43,4.12,6.91,2.229,1937,No,None
M2_04936,2026-09-26 19:18:15,31.38,6.42,5.484,2511,No,None
M2_04937,2026-09-27 05:43:17,27.56,6.52,5.442,2573,Yes,Salt
M2_04938,2026-09-27 06:12:59,19.38,6.74,2.768,1444,Yes,Water
M2_04939,2026-09-27 06:17:48,24.44,6.91,3.266,1738,Yes,Water
M2_04940,2026-09-27 06:27:43,28.88,6.54,5.26,2453,No,None
M2_04941,2026-09-27 06:54:01,36.12,6.63,5.368,2361,Yes,Sugar
M2_04942,2026-09-27 07:35:51,29.62,6.38,9.077,4327,Yes,Salt
M2_04943,2026-09-27 08:41:50,14.81,6.71,2.825,1805,Yes,Water
M2_04944,2026-09-27 09:24:24,29.38,6.53,5.004,2353,No,None
M2_04945,2026-09-27 11:53:10,34.62,6.62,5.904,2450,No,None
M2_04946,2026-09-27 16:02:13,26.75,6.7,5.214,2573,No,None
M2_04947,2026-09-27 16:03:47,28.38,6.61,5.433,2333,No,None
M2_04948,2026-09-27 16:27:24,5.06,6.96,2.074,1777,Yes,Sugar
M2_04949,2026-09-27 16:29:12,16.38,6.83,3.652,2340,Yes,Urea
M2_04950,2026-09-27 18:36:33,18.38,6.76,5.19,3000,Yes,Salt
M2_04951,2026-09-27 19:23:20,11.94,6.95,3.001,2231,Yes,Urea
M2_04952,2026-09-27 19:26:10,27.0,6.66,4.604,2321,Yes,Water
M2_04953,2026-09-28 05:43:22,18.06,6.64,3.898,2399,Yes,Sugar
M2_04954,2026-09-28 05:44:25,12.94,6.99,3.08,2294,Yes,Urea
M2_04955,2026-09-28 05:45:25,22.94,6.65,4.638,2359,Yes,Urea
M2_04956,2026-09-28 07:13:08,28.88,6.66,4.824,2126,No,None
M2_04957,2026-09-28 07:27:00,23.75,6.87,4.944,2806,Yes,Urea
M2_04958,2026-09-28 08:07:13,33.88,6.57,5.489,2385,No,None
M2_04959,2026-09-28 08:27:48,23.12,6.63,4.077,2260,Yes,Sugar
M2_04960,2026-09-28 08:55:41,35.69,6.57,6.695,2476,No,None
M2_04961,2026-09-28 09:11:30,16.12,6.84,3.89,2480,Yes,Urea
M2_04962,2026-09-28 13:27:35,29.06,6.68,3.714,1744,Yes,Water
M2_04963,2026-09-28 16:25:24,32.5,6.54,5.705,2378,No,None
M2_04964,2026-09-28 16:58:00,31.44,6.55,5.838,2572,No,None
M2_04965,2026-09-28 17:56:16,27.06,6.53,4.65,2395,Yes,Sugar
M2_04966,2026-09-28 18:14:20,27.25,6.7,5.315,2482,No,None
M2_04967,2026-09-28 18:28:34,26.56,6.72,3.575,1714,Yes,Water
M2_04968,2026-09-28 18:34:56,34.12,6.61,5.605,2307,Yes,Water
M2_04969,2026-09-28 18:39:47,9.88,6.96,3.78,2846,No,None
M2_04970,2026-09-29 05:42:58,26.69,6.53,4.266,2054,Yes,Urea
M2_04971,2026-09-29 05:50:15,15.75,6.82,3.332,2057,Yes,Water
M2_04972,2026-09-29 06:16:15,11.69,6.72,3.188,2247,No,None
M2_04973,2026-09-29 06:21:45,31.31,6.72,6.03,2551,No,None
M2_04974,2026-09-29 06:50:41,30.31,6.62,5.903,2906,No,None
M2_04975,2026-09-29 06:51:03,39.81,6.48,5.061,1974,No,None
M2_04976,2026-09-29 07:00:20,30.69,6.57,4.95,2315,No,None
M2_04977,2026-09-29 07:03:14,15.75,6.77,4.246,2590,Yes,Salt
M2_04978,2026-09-29 07:29:20,36.69,6.82,6.274,2725,Yes,Water
M2_04979,2026-09-29 08:26:05,28.56,6.47,4.687,2304,No,None
M2_04980,2026-09-29 09:01:06,29.06,6.71,4.008,1855,Yes,Water
M2_04981,2026-09-29 16:11:51,31.5,6.45,5.383,2502,Yes,Water
M2_04982,2026-09-29 17:00:54,14.69,6.75,3.599,2194,No,None
M2_04983,2026-09-29 17:46:26,38.38,6.34,5.326,2264,No,None
M2_04984,2026-09-29 17:55:25,21.69,6.73,4.648,2439,No,None
M2_04985,2026-09-29 18:27:25,18.81,6.73,3.825,2172,Yes,Sugar
M2_04986,2026-09-29 18:45:47,24.94,6.71,4.756,2494,Yes,Sugar
M2_04987,2026-09-30 05:24:18,34.75,6.33,6.584,2895,Yes,Salt
M2_04988,2026-09-30 05:40:39,30.25,6.64,5.204,2544,No,None
M2_04989,2026-09-30 05:59:36,21.44,6.74,4.835,3046,Yes,Sugar
M2_04990,2026-09-30 06:06:28,32.69,6.6,4.862,2247,Yes,Sugar
M2_04991,2026-09-30 06:11:50,24.31,6.48,4.175,2086,Yes,Water
M2_04992,2026-09-30 06:28:03,14.88,6.88,3.437,2144,Yes,Urea
M2_04993,2026-09-30 07:05:52,20.5,6.79,3.843,2344,Yes,Sugar
M2_04994,2026-09-30 08:20:17,31.19,6.5,5.388,2490,Yes,Water
M2_04995,2026-09-30 09:04:53,22.12,6.83,5.295,3248,Yes,Sugar
M2_04996,2026-09-30 09:20:50,32.25,6.62,7.086,3141,Yes,Salt
M2_04997,2026-09-30 16:37:12,28.62,6.64,5.043,2331,No,None
M2_04998,2026-09-30 17:09:46,21.0,6.68,3.934,2288,Yes,Sugar
M2_04999,2026-09-30 18:34:15,36.88,6.61,5.202,2160,Yes,Water
M2_05000,2026-09-30 18:46:04,19.5,6.66,4.176,2279,No,None
